URL	異本	辞書	形式	右巻	右頁	右面	左巻	左頁	左面
https://dl.ndl.go.jp/pid/1182105/1/1	前田本	色葉字類抄	見開き	上	NA	NA	上	NA	NA
https://dl.ndl.go.jp/pid/1182105/1/2	前田本	色葉字類抄	見開き	上	NA	NA	上	NA	NA
https://dl.ndl.go.jp/pid/1182105/1/3	前田本	色葉字類抄	見開き	上	NA	NA	上	NA	NA
https://dl.ndl.go.jp/pid/1182105/1/4	前田本	色葉字類抄	見開き	上	NA	NA	上	1	オ
https://dl.ndl.go.jp/pid/1182105/1/5	前田本	色葉字類抄	見開き	上	1	ウ	上	2	オ
https://dl.ndl.go.jp/pid/1182105/1/6	前田本	色葉字類抄	見開き	上	2	ウ	上	3	オ
https://dl.ndl.go.jp/pid/1182105/1/7	前田本	色葉字類抄	見開き	上	3	ウ	上	4	オ
https://dl.ndl.go.jp/pid/1182105/1/8	前田本	色葉字類抄	見開き	上	4	ウ	上	5	オ
https://dl.ndl.go.jp/pid/1182105/1/9	前田本	色葉字類抄	見開き	上	5	ウ	上	6	オ
https://dl.ndl.go.jp/pid/1182105/1/10	前田本	色葉字類抄	見開き	上	6	ウ	上	7	オ
https://dl.ndl.go.jp/pid/1182105/1/11	前田本	色葉字類抄	見開き	上	7	ウ	上	8	オ
https://dl.ndl.go.jp/pid/1182105/1/12	前田本	色葉字類抄	見開き	上	8	ウ	上	9	オ
https://dl.ndl.go.jp/pid/1182105/1/13	前田本	色葉字類抄	見開き	上	9	ウ	上	10	オ
https://dl.ndl.go.jp/pid/1182105/1/14	前田本	色葉字類抄	見開き	上	10	ウ	上	11	オ
https://dl.ndl.go.jp/pid/1182105/1/15	前田本	色葉字類抄	見開き	上	11	ウ	上	12	オ
https://dl.ndl.go.jp/pid/1182105/1/16	前田本	色葉字類抄	見開き	上	12	ウ	上	13	オ
https://dl.ndl.go.jp/pid/1182105/1/17	前田本	色葉字類抄	見開き	上	13	ウ	上	14	オ
https://dl.ndl.go.jp/pid/1182105/1/18	前田本	色葉字類抄	見開き	上	14	ウ	上	15	オ
https://dl.ndl.go.jp/pid/1182105/1/19	前田本	色葉字類抄	見開き	上	15	ウ	上	16	オ
https://dl.ndl.go.jp/pid/1182105/1/20	前田本	色葉字類抄	見開き	上	16	ウ	上	17	オ
https://dl.ndl.go.jp/pid/1182105/1/21	前田本	色葉字類抄	見開き	上	17	ウ	上	18	オ
https://dl.ndl.go.jp/pid/1182105/1/22	前田本	色葉字類抄	見開き	上	18	ウ	上	19	オ
https://dl.ndl.go.jp/pid/1182105/1/23	前田本	色葉字類抄	見開き	上	19	ウ	上	20	オ
https://dl.ndl.go.jp/pid/1182105/1/24	前田本	色葉字類抄	見開き	上	20	ウ	上	21	オ
https://dl.ndl.go.jp/pid/1182105/1/25	前田本	色葉字類抄	見開き	上	21	ウ	上	22	オ
https://dl.ndl.go.jp/pid/1182105/1/26	前田本	色葉字類抄	見開き	上	22	ウ	上	23	オ
https://dl.ndl.go.jp/pid/1182105/1/27	前田本	色葉字類抄	見開き	上	23	ウ	上	24	オ
https://dl.ndl.go.jp/pid/1182105/1/28	前田本	色葉字類抄	見開き	上	24	ウ	上	25	オ
https://dl.ndl.go.jp/pid/1182105/1/29	前田本	色葉字類抄	見開き	上	25	ウ	上	26	オ
https://dl.ndl.go.jp/pid/1182105/1/30	前田本	色葉字類抄	見開き	上	26	ウ	上	27	オ
https://dl.ndl.go.jp/pid/1182105/1/31	前田本	色葉字類抄	見開き	上	27	ウ	上	28	オ
https://dl.ndl.go.jp/pid/1182105/1/32	前田本	色葉字類抄	見開き	上	28	ウ	上	29	オ
https://dl.ndl.go.jp/pid/1182105/1/33	前田本	色葉字類抄	見開き	上	29	ウ	上	30	オ
https://dl.ndl.go.jp/pid/1182105/1/34	前田本	色葉字類抄	見開き	上	30	ウ	上	31	オ
https://dl.ndl.go.jp/pid/1182105/1/35	前田本	色葉字類抄	見開き	上	31	ウ	上	32	オ
https://dl.ndl.go.jp/pid/1182105/1/36	前田本	色葉字類抄	見開き	上	32	ウ	上	33	オ
https://dl.ndl.go.jp/pid/1182105/1/37	前田本	色葉字類抄	見開き	上	33	ウ	上	34	オ
https://dl.ndl.go.jp/pid/1182105/1/38	前田本	色葉字類抄	見開き	上	34	ウ	上	35	オ
https://dl.ndl.go.jp/pid/1182105/1/39	前田本	色葉字類抄	見開き	上	35	ウ	上	36	オ
https://dl.ndl.go.jp/pid/1182105/1/40	前田本	色葉字類抄	見開き	上	36	ウ	上	37	オ
https://dl.ndl.go.jp/pid/1182105/1/41	前田本	色葉字類抄	見開き	上	37	ウ	上	38	オ
https://dl.ndl.go.jp/pid/1182105/1/42	前田本	色葉字類抄	見開き	上	38	ウ	上	39	オ
https://dl.ndl.go.jp/pid/1182105/1/43	前田本	色葉字類抄	見開き	上	39	ウ	上	40	オ
https://dl.ndl.go.jp/pid/1182105/1/44	前田本	色葉字類抄	見開き	上	40	ウ	上	41	オ
https://dl.ndl.go.jp/pid/1182105/1/45	前田本	色葉字類抄	見開き	上	41	ウ	上	42	オ
https://dl.ndl.go.jp/pid/1182105/1/46	前田本	色葉字類抄	見開き	上	42	ウ	上	43	オ
https://dl.ndl.go.jp/pid/1182105/1/47	前田本	色葉字類抄	見開き	上	43	ウ	上	44	オ
https://dl.ndl.go.jp/pid/1182105/1/48	前田本	色葉字類抄	見開き	上	44	ウ	上	45	オ
https://dl.ndl.go.jp/pid/1182105/1/49	前田本	色葉字類抄	見開き	上	45	ウ	上	46	オ
https://dl.ndl.go.jp/pid/1182105/1/50	前田本	色葉字類抄	見開き	上	46	ウ	上	47	オ
https://dl.ndl.go.jp/pid/1182105/1/51	前田本	色葉字類抄	見開き	上	47	ウ	上	48	オ
https://dl.ndl.go.jp/pid/1182105/1/52	前田本	色葉字類抄	見開き	上	48	ウ	上	49	オ
https://dl.ndl.go.jp/pid/1182105/1/53	前田本	色葉字類抄	見開き	上	49	ウ	上	50	オ
https://dl.ndl.go.jp/pid/1182105/1/54	前田本	色葉字類抄	見開き	上	50	ウ	上	51	オ
https://dl.ndl.go.jp/pid/1182105/1/55	前田本	色葉字類抄	見開き	上	51	ウ	上	52	オ
https://dl.ndl.go.jp/pid/1182105/1/56	前田本	色葉字類抄	見開き	上	52	ウ	上	53	オ
https://dl.ndl.go.jp/pid/1182105/1/57	前田本	色葉字類抄	見開き	上	53	ウ	上	54	オ
https://dl.ndl.go.jp/pid/1182105/1/58	前田本	色葉字類抄	見開き	上	54	ウ	上	55	オ
https://dl.ndl.go.jp/pid/1182105/1/59	前田本	色葉字類抄	見開き	上	55	ウ	上	56	オ
https://dl.ndl.go.jp/pid/1182105/1/60	前田本	色葉字類抄	見開き	上	56	ウ	上	57	オ
https://dl.ndl.go.jp/pid/1182105/1/61	前田本	色葉字類抄	見開き	上	57	ウ	上	58	オ
https://dl.ndl.go.jp/pid/1182105/1/62	前田本	色葉字類抄	見開き	上	58	ウ	上	59	オ
https://dl.ndl.go.jp/pid/1182105/1/63	前田本	色葉字類抄	見開き	上	59	ウ	上	60	オ
https://dl.ndl.go.jp/pid/1182105/1/64	前田本	色葉字類抄	見開き	上	60	ウ	上	61	オ
https://dl.ndl.go.jp/pid/1182105/1/65	前田本	色葉字類抄	見開き	上	61	ウ	上	62	オ
https://dl.ndl.go.jp/pid/1182105/1/66	前田本	色葉字類抄	見開き	上	62	ウ	上	63	オ
https://dl.ndl.go.jp/pid/1182105/1/67	前田本	色葉字類抄	見開き	上	63	ウ	上	64	オ
https://dl.ndl.go.jp/pid/1182105/1/68	前田本	色葉字類抄	見開き	上	64	ウ	上	65	オ
https://dl.ndl.go.jp/pid/1182105/1/69	前田本	色葉字類抄	見開き	上	65	ウ	上	66	オ
https://dl.ndl.go.jp/pid/1182105/1/70	前田本	色葉字類抄	見開き	上	66	ウ	上	67	オ
https://dl.ndl.go.jp/pid/1182105/1/71	前田本	色葉字類抄	見開き	上	67	ウ	上	68	オ
https://dl.ndl.go.jp/pid/1182105/1/72	前田本	色葉字類抄	見開き	上	68	ウ	上	69	オ
https://dl.ndl.go.jp/pid/1182105/1/73	前田本	色葉字類抄	見開き	上	69	ウ	上	70	オ
https://dl.ndl.go.jp/pid/1182105/1/74	前田本	色葉字類抄	見開き	上	70	ウ	上	71	オ
https://dl.ndl.go.jp/pid/1182105/1/75	前田本	色葉字類抄	見開き	上	71	ウ	上	72	オ
https://dl.ndl.go.jp/pid/1182105/1/76	前田本	色葉字類抄	見開き	上	72	ウ	上	73	オ
https://dl.ndl.go.jp/pid/1182105/1/77	前田本	色葉字類抄	見開き	上	73	ウ	上	74	オ
https://dl.ndl.go.jp/pid/1182105/1/78	前田本	色葉字類抄	見開き	上	74	ウ	上	75	オ
https://dl.ndl.go.jp/pid/1182105/1/79	前田本	色葉字類抄	見開き	上	75	ウ	上	76	オ
https://dl.ndl.go.jp/pid/1182105/1/80	前田本	色葉字類抄	見開き	上	76	ウ	上	77	オ
https://dl.ndl.go.jp/pid/1182105/1/81	前田本	色葉字類抄	見開き	上	77	ウ	上	78	オ
https://dl.ndl.go.jp/pid/1182105/1/82	前田本	色葉字類抄	見開き	上	78	ウ	上	79	オ
https://dl.ndl.go.jp/pid/1182105/1/83	前田本	色葉字類抄	見開き	上	79	ウ	上	80	オ
https://dl.ndl.go.jp/pid/1182105/1/84	前田本	色葉字類抄	見開き	上	80	ウ	上	81	オ
https://dl.ndl.go.jp/pid/1182105/1/85	前田本	色葉字類抄	見開き	上	81	ウ	上	82	オ
https://dl.ndl.go.jp/pid/1182105/1/86	前田本	色葉字類抄	見開き	上	82	ウ	上	83	オ
https://dl.ndl.go.jp/pid/1182105/1/87	前田本	色葉字類抄	見開き	上	83	ウ	上	84	オ
https://dl.ndl.go.jp/pid/1182105/1/88	前田本	色葉字類抄	見開き	上	84	ウ	上	85	オ
https://dl.ndl.go.jp/pid/1182105/1/89	前田本	色葉字類抄	見開き	上	85	ウ	上	86	オ
https://dl.ndl.go.jp/pid/1182105/1/90	前田本	色葉字類抄	見開き	上	86	ウ	上	87	オ
https://dl.ndl.go.jp/pid/1182105/1/91	前田本	色葉字類抄	見開き	上	87	ウ	上	88	オ
https://dl.ndl.go.jp/pid/1182105/1/92	前田本	色葉字類抄	見開き	上	88	ウ	上	89	オ
https://dl.ndl.go.jp/pid/1182105/1/93	前田本	色葉字類抄	見開き	上	89	ウ	上	90	オ
https://dl.ndl.go.jp/pid/1182105/1/94	前田本	色葉字類抄	見開き	上	90	ウ	上	91	オ
https://dl.ndl.go.jp/pid/1182105/1/95	前田本	色葉字類抄	見開き	上	91	ウ	上	92	オ
https://dl.ndl.go.jp/pid/1182105/1/96	前田本	色葉字類抄	見開き	上	92	ウ	上	93	オ
https://dl.ndl.go.jp/pid/1182105/1/97	前田本	色葉字類抄	見開き	上	93	ウ	上	94	オ
https://dl.ndl.go.jp/pid/1182105/1/98	前田本	色葉字類抄	見開き	上	94	ウ	上	95	オ
https://dl.ndl.go.jp/pid/1182105/1/99	前田本	色葉字類抄	見開き	上	95	ウ	上	96	オ
https://dl.ndl.go.jp/pid/1182105/1/100	前田本	色葉字類抄	見開き	上	96	ウ	上	97	オ
https://dl.ndl.go.jp/pid/1182105/1/101	前田本	色葉字類抄	見開き	上	97	ウ	上	98	オ
https://dl.ndl.go.jp/pid/1182105/1/102	前田本	色葉字類抄	見開き	上	98	ウ	上	99	オ
https://dl.ndl.go.jp/pid/1182105/1/103	前田本	色葉字類抄	見開き	上	99	ウ	上	100	オ
https://dl.ndl.go.jp/pid/1182105/1/104	前田本	色葉字類抄	見開き	上	100	ウ	上	101	オ
https://dl.ndl.go.jp/pid/1182105/1/105	前田本	色葉字類抄	見開き	上	101	ウ	上	102	オ
https://dl.ndl.go.jp/pid/1182105/1/106	前田本	色葉字類抄	見開き	上	102	ウ	上	103	オ
https://dl.ndl.go.jp/pid/1182105/1/107	前田本	色葉字類抄	見開き	上	103	ウ	上	104	オ
https://dl.ndl.go.jp/pid/1182105/1/108	前田本	色葉字類抄	見開き	上	104	ウ	上	105	オ
https://dl.ndl.go.jp/pid/1182105/1/109	前田本	色葉字類抄	見開き	上	105	ウ	上	106	オ
https://dl.ndl.go.jp/pid/1182105/1/110	前田本	色葉字類抄	見開き	上	106	ウ	上	107	オ
https://dl.ndl.go.jp/pid/1182105/1/111	前田本	色葉字類抄	見開き	上	107	ウ	上	108	オ
https://dl.ndl.go.jp/pid/1182105/1/112	前田本	色葉字類抄	見開き	上	108	ウ	上	109	オ
https://dl.ndl.go.jp/pid/1182105/1/113	前田本	色葉字類抄	見開き	上	109	ウ	上	110	オ
https://dl.ndl.go.jp/pid/1182105/1/114	前田本	色葉字類抄	見開き	上	110	ウ	上	111	オ
https://dl.ndl.go.jp/pid/1182105/1/115	前田本	色葉字類抄	見開き	上	111	ウ	上	112	オ
https://dl.ndl.go.jp/pid/1182105/1/116	前田本	色葉字類抄	見開き	上	112	ウ	上	113	オ
https://dl.ndl.go.jp/pid/1182105/1/117	前田本	色葉字類抄	見開き	上	113	ウ	上	114	オ
https://dl.ndl.go.jp/pid/1182105/1/118	前田本	色葉字類抄	見開き	上	114	ウ	上	115	オ
https://dl.ndl.go.jp/pid/1182105/1/119	前田本	色葉字類抄	見開き	上	115	ウ	上	116	オ
https://dl.ndl.go.jp/pid/1182105/1/120	前田本	色葉字類抄	見開き	上	116	ウ	上	117	オ
https://dl.ndl.go.jp/pid/1182105/1/121	前田本	色葉字類抄	見開き	上	117	ウ	上	118	オ
https://dl.ndl.go.jp/pid/1182105/1/122	前田本	色葉字類抄	見開き	上	118	ウ	上	119	オ
https://dl.ndl.go.jp/pid/1182105/1/123	前田本	色葉字類抄	見開き	上	119	ウ	上	NA	NA
https://dl.ndl.go.jp/pid/1182105/1/124	前田本	色葉字類抄	見開き	上	NA	NA	上	NA	NA
https://dl.ndl.go.jp/pid/1182119/1/1	前田本	色葉字類抄	見開き	下	NA	NA	下	NA	NA
https://dl.ndl.go.jp/pid/1182119/1/2	前田本	色葉字類抄	見開き	下	NA	NA	下	NA	NA
https://dl.ndl.go.jp/pid/1182119/1/3	前田本	色葉字類抄	見開き	下	NA	NA	下	NA	NA
https://dl.ndl.go.jp/pid/1182119/1/4	前田本	色葉字類抄	見開き	下	NA	NA	下	1	オ
https://dl.ndl.go.jp/pid/1182119/1/5	前田本	色葉字類抄	見開き	下	1	ウ	下	2	オ
https://dl.ndl.go.jp/pid/1182119/1/6	前田本	色葉字類抄	見開き	下	2	ウ	下	3	オ
https://dl.ndl.go.jp/pid/1182119/1/7	前田本	色葉字類抄	見開き	下	3	ウ	下	4	オ
https://dl.ndl.go.jp/pid/1182119/1/8	前田本	色葉字類抄	見開き	下	4	ウ	下	5	オ
https://dl.ndl.go.jp/pid/1182119/1/9	前田本	色葉字類抄	見開き	下	5	ウ	下	6	オ
https://dl.ndl.go.jp/pid/1182119/1/10	前田本	色葉字類抄	見開き	下	6	ウ	下	7	オ
https://dl.ndl.go.jp/pid/1182119/1/11	前田本	色葉字類抄	見開き	下	7	ウ	下	8	オ
https://dl.ndl.go.jp/pid/1182119/1/12	前田本	色葉字類抄	見開き	下	8	ウ	下	9	オ
https://dl.ndl.go.jp/pid/1182119/1/13	前田本	色葉字類抄	見開き	下	9	ウ	下	10	オ
https://dl.ndl.go.jp/pid/1182119/1/14	前田本	色葉字類抄	見開き	下	10	ウ	下	11	オ
https://dl.ndl.go.jp/pid/1182119/1/15	前田本	色葉字類抄	見開き	下	11	ウ	下	12	オ
https://dl.ndl.go.jp/pid/1182119/1/16	前田本	色葉字類抄	見開き	下	12	ウ	下	13	オ
https://dl.ndl.go.jp/pid/1182119/1/17	前田本	色葉字類抄	見開き	下	13	ウ	下	14	オ
https://dl.ndl.go.jp/pid/1182119/1/18	前田本	色葉字類抄	見開き	下	14	ウ	下	15	オ
https://dl.ndl.go.jp/pid/1182119/1/19	前田本	色葉字類抄	見開き	下	15	ウ	下	16	オ
https://dl.ndl.go.jp/pid/1182119/1/20	前田本	色葉字類抄	見開き	下	16	ウ	下	17	オ
https://dl.ndl.go.jp/pid/1182119/1/21	前田本	色葉字類抄	見開き	下	17	ウ	下	18	オ
https://dl.ndl.go.jp/pid/1182119/1/22	前田本	色葉字類抄	見開き	下	18	ウ	下	19	オ
https://dl.ndl.go.jp/pid/1182119/1/23	前田本	色葉字類抄	見開き	下	19	ウ	下	20	オ
https://dl.ndl.go.jp/pid/1182119/1/24	前田本	色葉字類抄	見開き	下	20	ウ	下	21	オ
https://dl.ndl.go.jp/pid/1182119/1/25	前田本	色葉字類抄	見開き	下	21	ウ	下	22	オ
https://dl.ndl.go.jp/pid/1182119/1/26	前田本	色葉字類抄	見開き	下	22	ウ	下	23	オ
https://dl.ndl.go.jp/pid/1182119/1/27	前田本	色葉字類抄	見開き	下	23	ウ	下	24	オ
https://dl.ndl.go.jp/pid/1182119/1/28	前田本	色葉字類抄	見開き	下	24	ウ	下	25	オ
https://dl.ndl.go.jp/pid/1182119/1/29	前田本	色葉字類抄	見開き	下	25	ウ	下	26	オ
https://dl.ndl.go.jp/pid/1182119/1/30	前田本	色葉字類抄	見開き	下	26	ウ	下	27	オ
https://dl.ndl.go.jp/pid/1182119/1/31	前田本	色葉字類抄	見開き	下	27	ウ	下	28	オ
https://dl.ndl.go.jp/pid/1182119/1/32	前田本	色葉字類抄	見開き	下	28	ウ	下	29	オ
https://dl.ndl.go.jp/pid/1182119/1/33	前田本	色葉字類抄	見開き	下	29	ウ	下	30	オ
https://dl.ndl.go.jp/pid/1182119/1/34	前田本	色葉字類抄	見開き	下	30	ウ	下	31	オ
https://dl.ndl.go.jp/pid/1182119/1/35	前田本	色葉字類抄	見開き	下	31	ウ	下	32	オ
https://dl.ndl.go.jp/pid/1182119/1/36	前田本	色葉字類抄	見開き	下	32	ウ	下	33	オ
https://dl.ndl.go.jp/pid/1182119/1/37	前田本	色葉字類抄	見開き	下	33	ウ	下	34	オ
https://dl.ndl.go.jp/pid/1182119/1/38	前田本	色葉字類抄	見開き	下	34	ウ	下	35	オ
https://dl.ndl.go.jp/pid/1182119/1/39	前田本	色葉字類抄	見開き	下	35	ウ	下	36	オ
https://dl.ndl.go.jp/pid/1182119/1/40	前田本	色葉字類抄	見開き	下	36	ウ	下	37	オ
https://dl.ndl.go.jp/pid/1182119/1/41	前田本	色葉字類抄	見開き	下	37	ウ	下	38	オ
https://dl.ndl.go.jp/pid/1182119/1/42	前田本	色葉字類抄	見開き	下	38	ウ	下	39	オ
https://dl.ndl.go.jp/pid/1182119/1/43	前田本	色葉字類抄	見開き	下	39	ウ	下	40	オ
https://dl.ndl.go.jp/pid/1182119/1/44	前田本	色葉字類抄	見開き	下	40	ウ	下	41	オ
https://dl.ndl.go.jp/pid/1182119/1/45	前田本	色葉字類抄	見開き	下	41	ウ	下	42	オ
https://dl.ndl.go.jp/pid/1182119/1/46	前田本	色葉字類抄	見開き	下	42	ウ	下	43	オ
https://dl.ndl.go.jp/pid/1182119/1/47	前田本	色葉字類抄	見開き	下	43	ウ	下	44	オ
https://dl.ndl.go.jp/pid/1182119/1/48	前田本	色葉字類抄	見開き	下	44	ウ	下	45	オ
https://dl.ndl.go.jp/pid/1182119/1/49	前田本	色葉字類抄	見開き	下	45	ウ	下	46	オ
https://dl.ndl.go.jp/pid/1182119/1/50	前田本	色葉字類抄	見開き	下	46	ウ	下	47	オ
https://dl.ndl.go.jp/pid/1182119/1/51	前田本	色葉字類抄	見開き	下	47	ウ	下	48	オ
https://dl.ndl.go.jp/pid/1182119/1/52	前田本	色葉字類抄	見開き	下	48	ウ	下	49	オ
https://dl.ndl.go.jp/pid/1182119/1/53	前田本	色葉字類抄	見開き	下	49	ウ	下	50	オ
https://dl.ndl.go.jp/pid/1182119/1/54	前田本	色葉字類抄	見開き	下	50	ウ	下	51	オ
https://dl.ndl.go.jp/pid/1182119/1/55	前田本	色葉字類抄	見開き	下	51	ウ	下	52	オ
https://dl.ndl.go.jp/pid/1182119/1/56	前田本	色葉字類抄	見開き	下	52	ウ	下	53	オ
https://dl.ndl.go.jp/pid/1182119/1/57	前田本	色葉字類抄	見開き	下	53	ウ	下	54	オ
https://dl.ndl.go.jp/pid/1182119/1/58	前田本	色葉字類抄	見開き	下	54	ウ	下	55	オ
https://dl.ndl.go.jp/pid/1182119/1/59	前田本	色葉字類抄	見開き	下	55	ウ	下	56	オ
https://dl.ndl.go.jp/pid/1182119/1/60	前田本	色葉字類抄	見開き	下	56	ウ	下	57	オ
https://dl.ndl.go.jp/pid/1182119/1/61	前田本	色葉字類抄	見開き	下	57	ウ	下	58	オ
https://dl.ndl.go.jp/pid/1182119/1/62	前田本	色葉字類抄	見開き	下	58	ウ	下	59	オ
https://dl.ndl.go.jp/pid/1182119/1/63	前田本	色葉字類抄	見開き	下	59	ウ	下	60	オ
https://dl.ndl.go.jp/pid/1182119/1/64	前田本	色葉字類抄	見開き	下	60	ウ	下	61	オ
https://dl.ndl.go.jp/pid/1182119/1/65	前田本	色葉字類抄	見開き	下	61	ウ	下	62	オ
https://dl.ndl.go.jp/pid/1182119/1/66	前田本	色葉字類抄	見開き	下	62	ウ	下	63	オ
https://dl.ndl.go.jp/pid/1182119/1/67	前田本	色葉字類抄	見開き	下	63	ウ	下	64	オ
https://dl.ndl.go.jp/pid/1182119/1/68	前田本	色葉字類抄	見開き	下	64	ウ	下	65	オ
https://dl.ndl.go.jp/pid/1182119/1/69	前田本	色葉字類抄	見開き	下	65	ウ	下	66	オ
https://dl.ndl.go.jp/pid/1182119/1/70	前田本	色葉字類抄	見開き	下	66	ウ	下	67	オ
https://dl.ndl.go.jp/pid/1182119/1/71	前田本	色葉字類抄	見開き	下	67	ウ	下	68	オ
https://dl.ndl.go.jp/pid/1182119/1/72	前田本	色葉字類抄	見開き	下	68	ウ	下	69	オ
https://dl.ndl.go.jp/pid/1182119/1/73	前田本	色葉字類抄	見開き	下	69	ウ	下	70	オ
https://dl.ndl.go.jp/pid/1182119/1/74	前田本	色葉字類抄	見開き	下	70	ウ	下	71	オ
https://dl.ndl.go.jp/pid/1182119/1/75	前田本	色葉字類抄	見開き	下	71	ウ	下	72	オ
https://dl.ndl.go.jp/pid/1182119/1/76	前田本	色葉字類抄	見開き	下	72	ウ	下	73	オ
https://dl.ndl.go.jp/pid/1182119/1/77	前田本	色葉字類抄	見開き	下	73	ウ	下	74	オ
https://dl.ndl.go.jp/pid/1182119/1/78	前田本	色葉字類抄	見開き	下	74	ウ	下	75	オ
https://dl.ndl.go.jp/pid/1182119/1/79	前田本	色葉字類抄	見開き	下	75	ウ	下	76	オ
https://dl.ndl.go.jp/pid/1182119/1/80	前田本	色葉字類抄	見開き	下	76	ウ	下	77	オ
https://dl.ndl.go.jp/pid/1182119/1/81	前田本	色葉字類抄	見開き	下	77	ウ	下	78	オ
https://dl.ndl.go.jp/pid/1182119/1/82	前田本	色葉字類抄	見開き	下	78	ウ	下	79	オ
https://dl.ndl.go.jp/pid/1182119/1/83	前田本	色葉字類抄	見開き	下	79	ウ	下	80	オ
https://dl.ndl.go.jp/pid/1182119/1/84	前田本	色葉字類抄	見開き	下	80	ウ	下	81	オ
https://dl.ndl.go.jp/pid/1182119/1/85	前田本	色葉字類抄	見開き	下	81	ウ	下	82	オ
https://dl.ndl.go.jp/pid/1182119/1/86	前田本	色葉字類抄	見開き	下	82	ウ	下	83	オ
https://dl.ndl.go.jp/pid/1182119/1/87	前田本	色葉字類抄	見開き	下	83	ウ	下	84	オ
https://dl.ndl.go.jp/pid/1182119/1/88	前田本	色葉字類抄	見開き	下	84	ウ	下	85	オ
https://dl.ndl.go.jp/pid/1182119/1/89	前田本	色葉字類抄	見開き	下	85	ウ	下	86	オ
https://dl.ndl.go.jp/pid/1182119/1/90	前田本	色葉字類抄	見開き	下	86	ウ	下	87	オ
https://dl.ndl.go.jp/pid/1182119/1/91	前田本	色葉字類抄	見開き	下	87	ウ	下	88	オ
https://dl.ndl.go.jp/pid/1182119/1/92	前田本	色葉字類抄	見開き	下	88	ウ	下	89	オ
https://dl.ndl.go.jp/pid/1182119/1/93	前田本	色葉字類抄	見開き	下	89	ウ	下	90	オ
https://dl.ndl.go.jp/pid/1182119/1/94	前田本	色葉字類抄	見開き	下	90	ウ	下	91	オ
https://dl.ndl.go.jp/pid/1182119/1/95	前田本	色葉字類抄	見開き	下	91	ウ	下	92	オ
https://dl.ndl.go.jp/pid/1182119/1/96	前田本	色葉字類抄	見開き	下	92	ウ	下	93	オ
https://dl.ndl.go.jp/pid/1182119/1/97	前田本	色葉字類抄	見開き	下	93	ウ	下	94	オ
https://dl.ndl.go.jp/pid/1182119/1/98	前田本	色葉字類抄	見開き	下	94	ウ	下	95	オ
https://dl.ndl.go.jp/pid/1182119/1/99	前田本	色葉字類抄	見開き	下	95	ウ	下	96	オ
https://dl.ndl.go.jp/pid/1182119/1/100	前田本	色葉字類抄	見開き	下	96	ウ	下	97	オ
https://dl.ndl.go.jp/pid/1182119/1/101	前田本	色葉字類抄	見開き	下	97	ウ	下	98	オ
https://dl.ndl.go.jp/pid/1182119/1/102	前田本	色葉字類抄	見開き	下	98	ウ	下	99	オ
https://dl.ndl.go.jp/pid/1182119/1/103	前田本	色葉字類抄	見開き	下	99	ウ	下	100	オ
https://dl.ndl.go.jp/pid/1182119/1/104	前田本	色葉字類抄	見開き	下	100	ウ	下	101	オ
https://dl.ndl.go.jp/pid/1182119/1/105	前田本	色葉字類抄	見開き	下	101	ウ	下	102	オ
https://dl.ndl.go.jp/pid/1182119/1/106	前田本	色葉字類抄	見開き	下	102	ウ	下	103	オ
https://dl.ndl.go.jp/pid/1182119/1/107	前田本	色葉字類抄	見開き	下	103	ウ	下	104	オ
https://dl.ndl.go.jp/pid/1182119/1/108	前田本	色葉字類抄	見開き	下	104	ウ	下	105	オ
https://dl.ndl.go.jp/pid/1182119/1/109	前田本	色葉字類抄	見開き	下	105	ウ	下	106	オ
https://dl.ndl.go.jp/pid/1182119/1/110	前田本	色葉字類抄	見開き	下	106	ウ	下	107	オ
https://dl.ndl.go.jp/pid/1182119/1/111	前田本	色葉字類抄	見開き	下	107	ウ	下	108	オ
https://dl.ndl.go.jp/pid/1182119/1/112	前田本	色葉字類抄	見開き	下	108	ウ	下	109	オ
https://dl.ndl.go.jp/pid/1182119/1/113	前田本	色葉字類抄	見開き	下	109	ウ	下	110	オ
https://dl.ndl.go.jp/pid/1182119/1/114	前田本	色葉字類抄	見開き	下	110	ウ	下	111	オ
https://dl.ndl.go.jp/pid/1182119/1/115	前田本	色葉字類抄	見開き	下	111	ウ	下	112	オ
https://dl.ndl.go.jp/pid/1182119/1/116	前田本	色葉字類抄	見開き	下	112	ウ	下	113	オ
https://dl.ndl.go.jp/pid/1182119/1/117	前田本	色葉字類抄	見開き	下	113	ウ	下	114	オ
https://dl.ndl.go.jp/pid/1182119/1/118	前田本	色葉字類抄	見開き	下	114	ウ	下	115	オ
https://dl.ndl.go.jp/pid/1182119/1/119	前田本	色葉字類抄	見開き	下	115	ウ	下	116	オ
https://dl.ndl.go.jp/pid/1182119/1/120	前田本	色葉字類抄	見開き	下	116	ウ	下	117	オ
https://dl.ndl.go.jp/pid/1182119/1/121	前田本	色葉字類抄	見開き	下	117	ウ	下	118	オ
https://dl.ndl.go.jp/pid/1182119/1/122	前田本	色葉字類抄	見開き	下	118	ウ	下	119	オ
https://dl.ndl.go.jp/pid/1182119/1/123	前田本	色葉字類抄	見開き	下	119	ウ	下	120	オ
https://dl.ndl.go.jp/pid/1182119/1/124	前田本	色葉字類抄	見開き	下	120	ウ	下	121	オ
https://dl.ndl.go.jp/pid/1182119/1/125	前田本	色葉字類抄	見開き	下	121	ウ	下	122	オ
https://dl.ndl.go.jp/pid/1182119/1/126	前田本	色葉字類抄	見開き	下	122	ウ	下	123	オ
https://dl.ndl.go.jp/pid/1182119/1/127	前田本	色葉字類抄	見開き	下	123	ウ	下	NA	NA
https://dl.ndl.go.jp/pid/1182119/1/128	前田本	色葉字類抄	見開き	下	NA	NA	下	NA	NA
https://dl.ndl.go.jp/pid/1182119/1/129	前田本	色葉字類抄	見開き	下	NA	NA	下	NA	NA
https://dl.ndl.go.jp/pid/1186797/1/1	黒川本	色葉字類抄	見開き	上	NA	NA	上	NA	NA
https://dl.ndl.go.jp/pid/1186797/1/2	黒川本	色葉字類抄	見開き	上	NA	NA	上	NA	NA
https://dl.ndl.go.jp/pid/1186797/1/3	黒川本	色葉字類抄	見開き	上	NA	NA	上	NA	NA
https://dl.ndl.go.jp/pid/1186797/1/4	黒川本	色葉字類抄	見開き	上	NA	NA	上	NA	NA
https://dl.ndl.go.jp/pid/1186797/1/5	黒川本	色葉字類抄	見開き	上	NA	NA	上	NA	NA
https://dl.ndl.go.jp/pid/1186797/1/6	黒川本	色葉字類抄	見開き	上	NA	NA	上	NA	NA
https://dl.ndl.go.jp/pid/1186797/1/7	黒川本	色葉字類抄	見開き	上	NA	NA	上	NA	NA
https://dl.ndl.go.jp/pid/1186797/1/8	黒川本	色葉字類抄	見開き	上	NA	NA	上	1	オ
https://dl.ndl.go.jp/pid/1186797/1/9	黒川本	色葉字類抄	見開き	上	1	ウ	上	2	オ
https://dl.ndl.go.jp/pid/1186797/1/10	黒川本	色葉字類抄	見開き	上	2	ウ	上	3	オ
https://dl.ndl.go.jp/pid/1186797/1/11	黒川本	色葉字類抄	見開き	上	3	ウ	上	4	オ
https://dl.ndl.go.jp/pid/1186797/1/12	黒川本	色葉字類抄	見開き	上	4	ウ	上	5	オ
https://dl.ndl.go.jp/pid/1186797/1/13	黒川本	色葉字類抄	見開き	上	5	ウ	上	6	オ
https://dl.ndl.go.jp/pid/1186797/1/14	黒川本	色葉字類抄	見開き	上	6	ウ	上	7	オ
https://dl.ndl.go.jp/pid/1186797/1/15	黒川本	色葉字類抄	見開き	上	7	ウ	上	8	オ
https://dl.ndl.go.jp/pid/1186797/1/16	黒川本	色葉字類抄	見開き	上	8	ウ	上	9	オ
https://dl.ndl.go.jp/pid/1186797/1/17	黒川本	色葉字類抄	見開き	上	9	ウ	上	10	オ
https://dl.ndl.go.jp/pid/1186797/1/18	黒川本	色葉字類抄	見開き	上	10	ウ	上	11	オ
https://dl.ndl.go.jp/pid/1186797/1/19	黒川本	色葉字類抄	見開き	上	11	ウ	上	12	オ
https://dl.ndl.go.jp/pid/1186797/1/20	黒川本	色葉字類抄	見開き	上	12	ウ	上	13	オ
https://dl.ndl.go.jp/pid/1186797/1/21	黒川本	色葉字類抄	見開き	上	13	ウ	上	14	オ
https://dl.ndl.go.jp/pid/1186797/1/22	黒川本	色葉字類抄	見開き	上	14	ウ	上	15	オ
https://dl.ndl.go.jp/pid/1186797/1/23	黒川本	色葉字類抄	見開き	上	15	ウ	上	16	オ
https://dl.ndl.go.jp/pid/1186797/1/24	黒川本	色葉字類抄	見開き	上	16	ウ	上	17	オ
https://dl.ndl.go.jp/pid/1186797/1/25	黒川本	色葉字類抄	見開き	上	17	ウ	上	18	オ
https://dl.ndl.go.jp/pid/1186797/1/26	黒川本	色葉字類抄	見開き	上	18	ウ	上	19	オ
https://dl.ndl.go.jp/pid/1186797/1/27	黒川本	色葉字類抄	見開き	上	19	ウ	上	20	オ
https://dl.ndl.go.jp/pid/1186797/1/28	黒川本	色葉字類抄	見開き	上	20	ウ	上	21	オ
https://dl.ndl.go.jp/pid/1186797/1/29	黒川本	色葉字類抄	見開き	上	21	ウ	上	22	オ
https://dl.ndl.go.jp/pid/1186797/1/30	黒川本	色葉字類抄	見開き	上	22	ウ	上	23	オ
https://dl.ndl.go.jp/pid/1186797/1/31	黒川本	色葉字類抄	見開き	上	23	ウ	上	24	オ
https://dl.ndl.go.jp/pid/1186797/1/32	黒川本	色葉字類抄	見開き	上	24	ウ	上	25	オ
https://dl.ndl.go.jp/pid/1186797/1/33	黒川本	色葉字類抄	見開き	上	25	ウ	上	26	オ
https://dl.ndl.go.jp/pid/1186797/1/34	黒川本	色葉字類抄	見開き	上	26	ウ	上	27	オ
https://dl.ndl.go.jp/pid/1186797/1/35	黒川本	色葉字類抄	見開き	上	27	ウ	上	28	オ
https://dl.ndl.go.jp/pid/1186797/1/36	黒川本	色葉字類抄	見開き	上	28	ウ	上	29	オ
https://dl.ndl.go.jp/pid/1186797/1/37	黒川本	色葉字類抄	見開き	上	29	ウ	上	30	オ
https://dl.ndl.go.jp/pid/1186797/1/38	黒川本	色葉字類抄	見開き	上	30	ウ	上	31	オ
https://dl.ndl.go.jp/pid/1186797/1/39	黒川本	色葉字類抄	見開き	上	31	ウ	上	32	オ
https://dl.ndl.go.jp/pid/1186797/1/40	黒川本	色葉字類抄	見開き	上	32	ウ	上	33	オ
https://dl.ndl.go.jp/pid/1186797/1/41	黒川本	色葉字類抄	見開き	上	33	ウ	上	34	オ
https://dl.ndl.go.jp/pid/1186797/1/42	黒川本	色葉字類抄	見開き	上	34	ウ	上	35	オ
https://dl.ndl.go.jp/pid/1186797/1/43	黒川本	色葉字類抄	見開き	上	35	ウ	上	36	オ
https://dl.ndl.go.jp/pid/1186797/1/44	黒川本	色葉字類抄	見開き	上	36	ウ	上	37	オ
https://dl.ndl.go.jp/pid/1186797/1/45	黒川本	色葉字類抄	見開き	上	37	ウ	上	38	オ
https://dl.ndl.go.jp/pid/1186797/1/46	黒川本	色葉字類抄	見開き	上	38	ウ	上	39	オ
https://dl.ndl.go.jp/pid/1186797/1/47	黒川本	色葉字類抄	見開き	上	39	ウ	上	40	オ
https://dl.ndl.go.jp/pid/1186797/1/48	黒川本	色葉字類抄	見開き	上	40	ウ	上	41	オ
https://dl.ndl.go.jp/pid/1186797/1/49	黒川本	色葉字類抄	見開き	上	41	ウ	上	42	オ
https://dl.ndl.go.jp/pid/1186797/1/50	黒川本	色葉字類抄	見開き	上	42	ウ	上	43	オ
https://dl.ndl.go.jp/pid/1186797/1/51	黒川本	色葉字類抄	見開き	上	43	ウ	上	44	オ
https://dl.ndl.go.jp/pid/1186797/1/52	黒川本	色葉字類抄	見開き	上	44	ウ	上	45	オ
https://dl.ndl.go.jp/pid/1186797/1/53	黒川本	色葉字類抄	見開き	上	45	ウ	上	46	オ
https://dl.ndl.go.jp/pid/1186797/1/54	黒川本	色葉字類抄	見開き	上	46	ウ	上	47	オ
https://dl.ndl.go.jp/pid/1186797/1/55	黒川本	色葉字類抄	見開き	上	47	ウ	上	48	オ
https://dl.ndl.go.jp/pid/1186797/1/56	黒川本	色葉字類抄	見開き	上	48	ウ	上	49	オ
https://dl.ndl.go.jp/pid/1186797/1/57	黒川本	色葉字類抄	見開き	上	49	ウ	上	50	オ
https://dl.ndl.go.jp/pid/1186797/1/58	黒川本	色葉字類抄	見開き	上	50	ウ	上	51	オ
https://dl.ndl.go.jp/pid/1186797/1/59	黒川本	色葉字類抄	見開き	上	51	ウ	上	52	オ
https://dl.ndl.go.jp/pid/1186797/1/60	黒川本	色葉字類抄	見開き	上	52	ウ	上	53	オ
https://dl.ndl.go.jp/pid/1186797/1/61	黒川本	色葉字類抄	見開き	上	53	ウ	上	54	オ
https://dl.ndl.go.jp/pid/1186797/1/62	黒川本	色葉字類抄	見開き	上	54	ウ	上	55	オ
https://dl.ndl.go.jp/pid/1186797/1/63	黒川本	色葉字類抄	見開き	上	55	ウ	上	56	オ
https://dl.ndl.go.jp/pid/1186797/1/64	黒川本	色葉字類抄	見開き	上	56	ウ	上	57	オ
https://dl.ndl.go.jp/pid/1186797/1/65	黒川本	色葉字類抄	見開き	上	57	ウ	上	58	オ
https://dl.ndl.go.jp/pid/1186797/1/66	黒川本	色葉字類抄	見開き	上	58	ウ	上	59	オ
https://dl.ndl.go.jp/pid/1186797/1/67	黒川本	色葉字類抄	見開き	上	59	ウ	上	60	オ
https://dl.ndl.go.jp/pid/1186797/1/68	黒川本	色葉字類抄	見開き	上	60	ウ	上	61	オ
https://dl.ndl.go.jp/pid/1186797/1/69	黒川本	色葉字類抄	見開き	上	61	ウ	上	62	オ
https://dl.ndl.go.jp/pid/1186797/1/70	黒川本	色葉字類抄	見開き	上	62	ウ	上	63	オ
https://dl.ndl.go.jp/pid/1186797/1/71	黒川本	色葉字類抄	見開き	上	63	ウ	上	64	オ
https://dl.ndl.go.jp/pid/1186797/1/72	黒川本	色葉字類抄	見開き	上	64	ウ	上	65	オ
https://dl.ndl.go.jp/pid/1186797/1/73	黒川本	色葉字類抄	見開き	上	65	ウ	上	66	オ
https://dl.ndl.go.jp/pid/1186797/1/74	黒川本	色葉字類抄	見開き	上	66	ウ	上	67	オ
https://dl.ndl.go.jp/pid/1186797/1/75	黒川本	色葉字類抄	見開き	上	67	ウ	上	68	オ
https://dl.ndl.go.jp/pid/1186797/1/76	黒川本	色葉字類抄	見開き	上	68	ウ	上	69	オ
https://dl.ndl.go.jp/pid/1186797/1/77	黒川本	色葉字類抄	見開き	上	69	ウ	上	70	オ
https://dl.ndl.go.jp/pid/1186797/1/78	黒川本	色葉字類抄	見開き	上	70	ウ	上	71	オ
https://dl.ndl.go.jp/pid/1186797/1/79	黒川本	色葉字類抄	見開き	上	71	ウ	上	72	オ
https://dl.ndl.go.jp/pid/1186797/1/80	黒川本	色葉字類抄	見開き	上	72	ウ	上	73	オ
https://dl.ndl.go.jp/pid/1186797/1/81	黒川本	色葉字類抄	見開き	上	73	ウ	上	74	オ
https://dl.ndl.go.jp/pid/1186797/1/82	黒川本	色葉字類抄	見開き	上	74	ウ	上	75	オ
https://dl.ndl.go.jp/pid/1186797/1/83	黒川本	色葉字類抄	見開き	上	75	ウ	上	76	オ
https://dl.ndl.go.jp/pid/1186797/1/84	黒川本	色葉字類抄	見開き	上	76	ウ	上	77	オ
https://dl.ndl.go.jp/pid/1186797/1/85	黒川本	色葉字類抄	見開き	上	77	ウ	上	78	オ
https://dl.ndl.go.jp/pid/1186797/1/86	黒川本	色葉字類抄	見開き	上	78	ウ	上	79	オ
https://dl.ndl.go.jp/pid/1186797/1/87	黒川本	色葉字類抄	見開き	上	79	ウ	上	80	オ
https://dl.ndl.go.jp/pid/1186797/1/88	黒川本	色葉字類抄	見開き	上	80	ウ	上	81	オ
https://dl.ndl.go.jp/pid/1186797/1/89	黒川本	色葉字類抄	見開き	上	81	ウ	上	82	オ
https://dl.ndl.go.jp/pid/1186797/1/90	黒川本	色葉字類抄	見開き	上	82	ウ	上	83	オ
https://dl.ndl.go.jp/pid/1186797/1/91	黒川本	色葉字類抄	見開き	上	83	ウ	上	84	オ
https://dl.ndl.go.jp/pid/1186797/1/92	黒川本	色葉字類抄	見開き	上	84	ウ	上	85	オ
https://dl.ndl.go.jp/pid/1186797/1/93	黒川本	色葉字類抄	見開き	上	85	ウ	上	86	オ
https://dl.ndl.go.jp/pid/1186797/1/94	黒川本	色葉字類抄	見開き	上	86	ウ	上	87	オ
https://dl.ndl.go.jp/pid/1186797/1/95	黒川本	色葉字類抄	見開き	上	87	ウ	上	88	オ
https://dl.ndl.go.jp/pid/1186797/1/96	黒川本	色葉字類抄	見開き	上	88	ウ	上	89	オ
https://dl.ndl.go.jp/pid/1186797/1/97	黒川本	色葉字類抄	見開き	上	89	ウ	上	90	オ
https://dl.ndl.go.jp/pid/1186797/1/98	黒川本	色葉字類抄	見開き	上	90	ウ	上	91	オ
https://dl.ndl.go.jp/pid/1186797/1/99	黒川本	色葉字類抄	見開き	上	91	ウ	上	92	オ
https://dl.ndl.go.jp/pid/1186797/1/100	黒川本	色葉字類抄	見開き	上	92	ウ	上	93	オ
https://dl.ndl.go.jp/pid/1186797/1/101	黒川本	色葉字類抄	見開き	上	93	ウ	上	94	オ
https://dl.ndl.go.jp/pid/1186797/1/102	黒川本	色葉字類抄	見開き	上	94	ウ	上	95	オ
https://dl.ndl.go.jp/pid/1186797/1/103	黒川本	色葉字類抄	見開き	上	95	ウ	上	96	オ
https://dl.ndl.go.jp/pid/1186797/1/104	黒川本	色葉字類抄	見開き	上	96	ウ	上	97	オ
https://dl.ndl.go.jp/pid/1186797/1/105	黒川本	色葉字類抄	見開き	上	97	ウ	上	NA	NA
https://dl.ndl.go.jp/pid/1186797/1/106	黒川本	色葉字類抄	見開き	上	NA	NA	上	NA	NA
https://dl.ndl.go.jp/pid/1186806/1/1	黒川本	色葉字類抄	見開き	中	NA	NA	中	NA	NA
https://dl.ndl.go.jp/pid/1186806/1/2	黒川本	色葉字類抄	見開き	中	NA	NA	中	NA	NA
https://dl.ndl.go.jp/pid/1186806/1/3	黒川本	色葉字類抄	見開き	中	NA	NA	中	1	オ
https://dl.ndl.go.jp/pid/1186806/1/4	黒川本	色葉字類抄	見開き	中	1	ウ	中	2	オ
https://dl.ndl.go.jp/pid/1186806/1/5	黒川本	色葉字類抄	見開き	中	2	ウ	中	3	オ
https://dl.ndl.go.jp/pid/1186806/1/6	黒川本	色葉字類抄	見開き	中	3	ウ	中	4	オ
https://dl.ndl.go.jp/pid/1186806/1/7	黒川本	色葉字類抄	見開き	中	4	ウ	中	5	オ
https://dl.ndl.go.jp/pid/1186806/1/8	黒川本	色葉字類抄	見開き	中	5	ウ	中	6	オ
https://dl.ndl.go.jp/pid/1186806/1/9	黒川本	色葉字類抄	見開き	中	6	ウ	中	7	オ
https://dl.ndl.go.jp/pid/1186806/1/10	黒川本	色葉字類抄	見開き	中	7	ウ	中	8	オ
https://dl.ndl.go.jp/pid/1186806/1/11	黒川本	色葉字類抄	見開き	中	8	ウ	中	9	オ
https://dl.ndl.go.jp/pid/1186806/1/12	黒川本	色葉字類抄	見開き	中	9	ウ	中	10	オ
https://dl.ndl.go.jp/pid/1186806/1/13	黒川本	色葉字類抄	見開き	中	10	ウ	中	11	オ
https://dl.ndl.go.jp/pid/1186806/1/14	黒川本	色葉字類抄	見開き	中	11	ウ	中	12	オ
https://dl.ndl.go.jp/pid/1186806/1/15	黒川本	色葉字類抄	見開き	中	12	ウ	中	13	オ
https://dl.ndl.go.jp/pid/1186806/1/16	黒川本	色葉字類抄	見開き	中	13	ウ	中	14	オ
https://dl.ndl.go.jp/pid/1186806/1/17	黒川本	色葉字類抄	見開き	中	14	ウ	中	15	オ
https://dl.ndl.go.jp/pid/1186806/1/18	黒川本	色葉字類抄	見開き	中	15	ウ	中	16	オ
https://dl.ndl.go.jp/pid/1186806/1/19	黒川本	色葉字類抄	見開き	中	16	ウ	中	17	オ
https://dl.ndl.go.jp/pid/1186806/1/20	黒川本	色葉字類抄	見開き	中	17	ウ	中	18	オ
https://dl.ndl.go.jp/pid/1186806/1/21	黒川本	色葉字類抄	見開き	中	18	ウ	中	19	オ
https://dl.ndl.go.jp/pid/1186806/1/22	黒川本	色葉字類抄	見開き	中	19	ウ	中	20	オ
https://dl.ndl.go.jp/pid/1186806/1/23	黒川本	色葉字類抄	見開き	中	20	ウ	中	21	オ
https://dl.ndl.go.jp/pid/1186806/1/24	黒川本	色葉字類抄	見開き	中	21	ウ	中	22	オ
https://dl.ndl.go.jp/pid/1186806/1/25	黒川本	色葉字類抄	見開き	中	22	ウ	中	23	オ
https://dl.ndl.go.jp/pid/1186806/1/26	黒川本	色葉字類抄	見開き	中	23	ウ	中	24	オ
https://dl.ndl.go.jp/pid/1186806/1/27	黒川本	色葉字類抄	見開き	中	24	ウ	中	25	オ
https://dl.ndl.go.jp/pid/1186806/1/28	黒川本	色葉字類抄	見開き	中	25	ウ	中	26	オ
https://dl.ndl.go.jp/pid/1186806/1/29	黒川本	色葉字類抄	見開き	中	26	ウ	中	27	オ
https://dl.ndl.go.jp/pid/1186806/1/30	黒川本	色葉字類抄	見開き	中	27	ウ	中	28	オ
https://dl.ndl.go.jp/pid/1186806/1/31	黒川本	色葉字類抄	見開き	中	28	ウ	中	29	オ
https://dl.ndl.go.jp/pid/1186806/1/32	黒川本	色葉字類抄	見開き	中	29	ウ	中	30	オ
https://dl.ndl.go.jp/pid/1186806/1/33	黒川本	色葉字類抄	見開き	中	30	ウ	中	31	オ
https://dl.ndl.go.jp/pid/1186806/1/34	黒川本	色葉字類抄	見開き	中	31	ウ	中	32	オ
https://dl.ndl.go.jp/pid/1186806/1/35	黒川本	色葉字類抄	見開き	中	32	ウ	中	33	オ
https://dl.ndl.go.jp/pid/1186806/1/36	黒川本	色葉字類抄	見開き	中	33	ウ	中	34	オ
https://dl.ndl.go.jp/pid/1186806/1/37	黒川本	色葉字類抄	見開き	中	34	ウ	中	35	オ
https://dl.ndl.go.jp/pid/1186806/1/38	黒川本	色葉字類抄	見開き	中	35	ウ	中	36	オ
https://dl.ndl.go.jp/pid/1186806/1/39	黒川本	色葉字類抄	見開き	中	36	ウ	中	37	オ
https://dl.ndl.go.jp/pid/1186806/1/40	黒川本	色葉字類抄	見開き	中	37	ウ	中	38	オ
https://dl.ndl.go.jp/pid/1186806/1/41	黒川本	色葉字類抄	見開き	中	38	ウ	中	39	オ
https://dl.ndl.go.jp/pid/1186806/1/42	黒川本	色葉字類抄	見開き	中	39	ウ	中	40	オ
https://dl.ndl.go.jp/pid/1186806/1/43	黒川本	色葉字類抄	見開き	中	40	ウ	中	41	オ
https://dl.ndl.go.jp/pid/1186806/1/44	黒川本	色葉字類抄	見開き	中	41	ウ	中	42	オ
https://dl.ndl.go.jp/pid/1186806/1/45	黒川本	色葉字類抄	見開き	中	42	ウ	中	43	オ
https://dl.ndl.go.jp/pid/1186806/1/46	黒川本	色葉字類抄	見開き	中	43	ウ	中	44	オ
https://dl.ndl.go.jp/pid/1186806/1/47	黒川本	色葉字類抄	見開き	中	44	ウ	中	45	オ
https://dl.ndl.go.jp/pid/1186806/1/48	黒川本	色葉字類抄	見開き	中	45	ウ	中	46	オ
https://dl.ndl.go.jp/pid/1186806/1/49	黒川本	色葉字類抄	見開き	中	46	ウ	中	47	オ
https://dl.ndl.go.jp/pid/1186806/1/50	黒川本	色葉字類抄	見開き	中	47	ウ	中	48	オ
https://dl.ndl.go.jp/pid/1186806/1/51	黒川本	色葉字類抄	見開き	中	48	ウ	中	49	オ
https://dl.ndl.go.jp/pid/1186806/1/52	黒川本	色葉字類抄	見開き	中	49	ウ	中	50	オ
https://dl.ndl.go.jp/pid/1186806/1/53	黒川本	色葉字類抄	見開き	中	50	ウ	中	51	オ
https://dl.ndl.go.jp/pid/1186806/1/54	黒川本	色葉字類抄	見開き	中	51	ウ	中	52	オ
https://dl.ndl.go.jp/pid/1186806/1/55	黒川本	色葉字類抄	見開き	中	52	ウ	中	53	オ
https://dl.ndl.go.jp/pid/1186806/1/56	黒川本	色葉字類抄	見開き	中	53	ウ	中	54	オ
https://dl.ndl.go.jp/pid/1186806/1/57	黒川本	色葉字類抄	見開き	中	54	ウ	中	55	オ
https://dl.ndl.go.jp/pid/1186806/1/58	黒川本	色葉字類抄	見開き	中	55	ウ	中	56	オ
https://dl.ndl.go.jp/pid/1186806/1/59	黒川本	色葉字類抄	見開き	中	56	ウ	中	57	オ
https://dl.ndl.go.jp/pid/1186806/1/60	黒川本	色葉字類抄	見開き	中	57	ウ	中	58	オ
https://dl.ndl.go.jp/pid/1186806/1/61	黒川本	色葉字類抄	見開き	中	58	ウ	中	59	オ
https://dl.ndl.go.jp/pid/1186806/1/62	黒川本	色葉字類抄	見開き	中	59	ウ	中	60	オ
https://dl.ndl.go.jp/pid/1186806/1/63	黒川本	色葉字類抄	見開き	中	60	ウ	中	61	オ
https://dl.ndl.go.jp/pid/1186806/1/64	黒川本	色葉字類抄	見開き	中	61	ウ	中	62	オ
https://dl.ndl.go.jp/pid/1186806/1/65	黒川本	色葉字類抄	見開き	中	62	ウ	中	63	オ
https://dl.ndl.go.jp/pid/1186806/1/66	黒川本	色葉字類抄	見開き	中	63	ウ	中	64	オ
https://dl.ndl.go.jp/pid/1186806/1/67	黒川本	色葉字類抄	見開き	中	64	ウ	中	65	オ
https://dl.ndl.go.jp/pid/1186806/1/68	黒川本	色葉字類抄	見開き	中	65	ウ	中	66	オ
https://dl.ndl.go.jp/pid/1186806/1/69	黒川本	色葉字類抄	見開き	中	66	ウ	中	67	オ
https://dl.ndl.go.jp/pid/1186806/1/70	黒川本	色葉字類抄	見開き	中	67	ウ	中	68	オ
https://dl.ndl.go.jp/pid/1186806/1/71	黒川本	色葉字類抄	見開き	中	68	ウ	中	69	オ
https://dl.ndl.go.jp/pid/1186806/1/72	黒川本	色葉字類抄	見開き	中	69	ウ	中	70	オ
https://dl.ndl.go.jp/pid/1186806/1/73	黒川本	色葉字類抄	見開き	中	70	ウ	中	71	オ
https://dl.ndl.go.jp/pid/1186806/1/74	黒川本	色葉字類抄	見開き	中	71	ウ	中	72	オ
https://dl.ndl.go.jp/pid/1186806/1/75	黒川本	色葉字類抄	見開き	中	72	ウ	中	73	オ
https://dl.ndl.go.jp/pid/1186806/1/76	黒川本	色葉字類抄	見開き	中	73	ウ	中	74	オ
https://dl.ndl.go.jp/pid/1186806/1/77	黒川本	色葉字類抄	見開き	中	74	ウ	中	75	オ
https://dl.ndl.go.jp/pid/1186806/1/78	黒川本	色葉字類抄	見開き	中	75	ウ	中	76	オ
https://dl.ndl.go.jp/pid/1186806/1/79	黒川本	色葉字類抄	見開き	中	76	ウ	中	77	オ
https://dl.ndl.go.jp/pid/1186806/1/80	黒川本	色葉字類抄	見開き	中	77	ウ	中	78	オ
https://dl.ndl.go.jp/pid/1186806/1/81	黒川本	色葉字類抄	見開き	中	78	ウ	中	79	オ
https://dl.ndl.go.jp/pid/1186806/1/82	黒川本	色葉字類抄	見開き	中	79	ウ	中	80	オ
https://dl.ndl.go.jp/pid/1186806/1/83	黒川本	色葉字類抄	見開き	中	80	ウ	中	81	オ
https://dl.ndl.go.jp/pid/1186806/1/84	黒川本	色葉字類抄	見開き	中	81	ウ	中	82	オ
https://dl.ndl.go.jp/pid/1186806/1/85	黒川本	色葉字類抄	見開き	中	82	ウ	中	83	オ
https://dl.ndl.go.jp/pid/1186806/1/86	黒川本	色葉字類抄	見開き	中	83	ウ	中	84	オ
https://dl.ndl.go.jp/pid/1186806/1/87	黒川本	色葉字類抄	見開き	中	84	ウ	中	85	オ
https://dl.ndl.go.jp/pid/1186806/1/88	黒川本	色葉字類抄	見開き	中	85	ウ	中	86	オ
https://dl.ndl.go.jp/pid/1186806/1/89	黒川本	色葉字類抄	見開き	中	86	ウ	中	87	オ
https://dl.ndl.go.jp/pid/1186806/1/90	黒川本	色葉字類抄	見開き	中	87	ウ	中	88	オ
https://dl.ndl.go.jp/pid/1186806/1/91	黒川本	色葉字類抄	見開き	中	88	ウ	中	89	オ
https://dl.ndl.go.jp/pid/1186806/1/92	黒川本	色葉字類抄	見開き	中	89	ウ	中	90	オ
https://dl.ndl.go.jp/pid/1186806/1/93	黒川本	色葉字類抄	見開き	中	90	ウ	中	91	オ
https://dl.ndl.go.jp/pid/1186806/1/94	黒川本	色葉字類抄	見開き	中	91	ウ	中	92	オ
https://dl.ndl.go.jp/pid/1186806/1/95	黒川本	色葉字類抄	見開き	中	92	ウ	中	93	オ
https://dl.ndl.go.jp/pid/1186806/1/96	黒川本	色葉字類抄	見開き	中	93	ウ	中	94	オ
https://dl.ndl.go.jp/pid/1186806/1/97	黒川本	色葉字類抄	見開き	中	94	ウ	中	95	オ
https://dl.ndl.go.jp/pid/1186806/1/98	黒川本	色葉字類抄	見開き	中	95	ウ	中	96	オ
https://dl.ndl.go.jp/pid/1186806/1/99	黒川本	色葉字類抄	見開き	中	96	ウ	中	97	オ
https://dl.ndl.go.jp/pid/1186806/1/100	黒川本	色葉字類抄	見開き	中	97	ウ	中	98	オ
https://dl.ndl.go.jp/pid/1186806/1/101	黒川本	色葉字類抄	見開き	中	98	ウ	中	99	オ
https://dl.ndl.go.jp/pid/1186806/1/102	黒川本	色葉字類抄	見開き	中	99	ウ	中	100	オ
https://dl.ndl.go.jp/pid/1186806/1/103	黒川本	色葉字類抄	見開き	中	100	ウ	中	101	オ
https://dl.ndl.go.jp/pid/1186806/1/104	黒川本	色葉字類抄	見開き	中	101	ウ	中	102	オ
https://dl.ndl.go.jp/pid/1186806/1/105	黒川本	色葉字類抄	見開き	中	102	ウ	中	103	オ
https://dl.ndl.go.jp/pid/1186806/1/106	黒川本	色葉字類抄	見開き	中	103	ウ	中	104	オ
https://dl.ndl.go.jp/pid/1186806/1/107	黒川本	色葉字類抄	見開き	中	104	ウ	中	105	オ
https://dl.ndl.go.jp/pid/1186806/1/108	黒川本	色葉字類抄	見開き	中	105	ウ	中	106	オ
https://dl.ndl.go.jp/pid/1186806/1/109	黒川本	色葉字類抄	見開き	中	106	ウ	中	107	オ
https://dl.ndl.go.jp/pid/1186806/1/110	黒川本	色葉字類抄	見開き	中	107	ウ	中	108	オ
https://dl.ndl.go.jp/pid/1186806/1/111	黒川本	色葉字類抄	見開き	中	108	ウ	中	NA	NA
https://dl.ndl.go.jp/pid/1186806/1/112	黒川本	色葉字類抄	見開き	中	NA	NA	中	NA	NA
https://dl.ndl.go.jp/pid/1186813/1/1	黒川本	色葉字類抄	見開き	下	NA	NA	下	NA	NA
https://dl.ndl.go.jp/pid/1186813/1/2	黒川本	色葉字類抄	見開き	下	NA	NA	下	NA	NA
https://dl.ndl.go.jp/pid/1186813/1/3	黒川本	色葉字類抄	見開き	下	NA	NA	下	1	オ
https://dl.ndl.go.jp/pid/1186813/1/4	黒川本	色葉字類抄	見開き	下	1	ウ	下	2	オ
https://dl.ndl.go.jp/pid/1186813/1/5	黒川本	色葉字類抄	見開き	下	2	ウ	下	3	オ
https://dl.ndl.go.jp/pid/1186813/1/6	黒川本	色葉字類抄	見開き	下	3	ウ	下	4	オ
https://dl.ndl.go.jp/pid/1186813/1/7	黒川本	色葉字類抄	見開き	下	4	ウ	下	5	オ
https://dl.ndl.go.jp/pid/1186813/1/8	黒川本	色葉字類抄	見開き	下	5	ウ	下	6	オ
https://dl.ndl.go.jp/pid/1186813/1/9	黒川本	色葉字類抄	見開き	下	6	ウ	下	7	オ
https://dl.ndl.go.jp/pid/1186813/1/10	黒川本	色葉字類抄	見開き	下	7	ウ	下	8	オ
https://dl.ndl.go.jp/pid/1186813/1/11	黒川本	色葉字類抄	見開き	下	8	ウ	下	9	オ
https://dl.ndl.go.jp/pid/1186813/1/12	黒川本	色葉字類抄	見開き	下	9	ウ	下	10	オ
https://dl.ndl.go.jp/pid/1186813/1/13	黒川本	色葉字類抄	見開き	下	10	ウ	下	11	オ
https://dl.ndl.go.jp/pid/1186813/1/14	黒川本	色葉字類抄	見開き	下	11	ウ	下	12	オ
https://dl.ndl.go.jp/pid/1186813/1/15	黒川本	色葉字類抄	見開き	下	12	ウ	下	13	オ
https://dl.ndl.go.jp/pid/1186813/1/16	黒川本	色葉字類抄	見開き	下	13	ウ	下	14	オ
https://dl.ndl.go.jp/pid/1186813/1/17	黒川本	色葉字類抄	見開き	下	14	ウ	下	15	オ
https://dl.ndl.go.jp/pid/1186813/1/18	黒川本	色葉字類抄	見開き	下	15	ウ	下	16	オ
https://dl.ndl.go.jp/pid/1186813/1/19	黒川本	色葉字類抄	見開き	下	16	ウ	下	17	オ
https://dl.ndl.go.jp/pid/1186813/1/20	黒川本	色葉字類抄	見開き	下	17	ウ	下	18	オ
https://dl.ndl.go.jp/pid/1186813/1/21	黒川本	色葉字類抄	見開き	下	18	ウ	下	19	オ
https://dl.ndl.go.jp/pid/1186813/1/22	黒川本	色葉字類抄	見開き	下	19	ウ	下	20	オ
https://dl.ndl.go.jp/pid/1186813/1/23	黒川本	色葉字類抄	見開き	下	20	ウ	下	21	オ
https://dl.ndl.go.jp/pid/1186813/1/24	黒川本	色葉字類抄	見開き	下	21	ウ	下	22	オ
https://dl.ndl.go.jp/pid/1186813/1/25	黒川本	色葉字類抄	見開き	下	22	ウ	下	23	オ
https://dl.ndl.go.jp/pid/1186813/1/26	黒川本	色葉字類抄	見開き	下	23	ウ	下	24	オ
https://dl.ndl.go.jp/pid/1186813/1/27	黒川本	色葉字類抄	見開き	下	24	ウ	下	25	オ
https://dl.ndl.go.jp/pid/1186813/1/28	黒川本	色葉字類抄	見開き	下	25	ウ	下	26	オ
https://dl.ndl.go.jp/pid/1186813/1/29	黒川本	色葉字類抄	見開き	下	26	ウ	下	27	オ
https://dl.ndl.go.jp/pid/1186813/1/30	黒川本	色葉字類抄	見開き	下	27	ウ	下	28	オ
https://dl.ndl.go.jp/pid/1186813/1/31	黒川本	色葉字類抄	見開き	下	28	ウ	下	29	オ
https://dl.ndl.go.jp/pid/1186813/1/32	黒川本	色葉字類抄	見開き	下	29	ウ	下	30	オ
https://dl.ndl.go.jp/pid/1186813/1/33	黒川本	色葉字類抄	見開き	下	30	ウ	下	31	オ
https://dl.ndl.go.jp/pid/1186813/1/34	黒川本	色葉字類抄	見開き	下	31	ウ	下	32	オ
https://dl.ndl.go.jp/pid/1186813/1/35	黒川本	色葉字類抄	見開き	下	32	ウ	下	33	オ
https://dl.ndl.go.jp/pid/1186813/1/36	黒川本	色葉字類抄	見開き	下	33	ウ	下	34	オ
https://dl.ndl.go.jp/pid/1186813/1/37	黒川本	色葉字類抄	見開き	下	34	ウ	下	35	オ
https://dl.ndl.go.jp/pid/1186813/1/38	黒川本	色葉字類抄	見開き	下	35	ウ	下	36	オ
https://dl.ndl.go.jp/pid/1186813/1/39	黒川本	色葉字類抄	見開き	下	36	ウ	下	37	オ
https://dl.ndl.go.jp/pid/1186813/1/40	黒川本	色葉字類抄	見開き	下	37	ウ	下	38	オ
https://dl.ndl.go.jp/pid/1186813/1/41	黒川本	色葉字類抄	見開き	下	38	ウ	下	39	オ
https://dl.ndl.go.jp/pid/1186813/1/42	黒川本	色葉字類抄	見開き	下	39	ウ	下	40	オ
https://dl.ndl.go.jp/pid/1186813/1/43	黒川本	色葉字類抄	見開き	下	40	ウ	下	41	オ
https://dl.ndl.go.jp/pid/1186813/1/44	黒川本	色葉字類抄	見開き	下	41	ウ	下	42	オ
https://dl.ndl.go.jp/pid/1186813/1/45	黒川本	色葉字類抄	見開き	下	42	ウ	下	43	オ
https://dl.ndl.go.jp/pid/1186813/1/46	黒川本	色葉字類抄	見開き	下	43	ウ	下	44	オ
https://dl.ndl.go.jp/pid/1186813/1/47	黒川本	色葉字類抄	見開き	下	44	ウ	下	45	オ
https://dl.ndl.go.jp/pid/1186813/1/48	黒川本	色葉字類抄	見開き	下	45	ウ	下	46	オ
https://dl.ndl.go.jp/pid/1186813/1/49	黒川本	色葉字類抄	見開き	下	46	ウ	下	47	オ
https://dl.ndl.go.jp/pid/1186813/1/50	黒川本	色葉字類抄	見開き	下	47	ウ	下	48	オ
https://dl.ndl.go.jp/pid/1186813/1/51	黒川本	色葉字類抄	見開き	下	48	ウ	下	49	オ
https://dl.ndl.go.jp/pid/1186813/1/52	黒川本	色葉字類抄	見開き	下	49	ウ	下	50	オ
https://dl.ndl.go.jp/pid/1186813/1/53	黒川本	色葉字類抄	見開き	下	50	ウ	下	51	オ
https://dl.ndl.go.jp/pid/1186813/1/54	黒川本	色葉字類抄	見開き	下	51	ウ	下	52	オ
https://dl.ndl.go.jp/pid/1186813/1/55	黒川本	色葉字類抄	見開き	下	52	ウ	下	53	オ
https://dl.ndl.go.jp/pid/1186813/1/56	黒川本	色葉字類抄	見開き	下	53	ウ	下	54	オ
https://dl.ndl.go.jp/pid/1186813/1/57	黒川本	色葉字類抄	見開き	下	54	ウ	下	55	オ
https://dl.ndl.go.jp/pid/1186813/1/58	黒川本	色葉字類抄	見開き	下	55	ウ	下	56	オ
https://dl.ndl.go.jp/pid/1186813/1/59	黒川本	色葉字類抄	見開き	下	56	ウ	下	57	オ
https://dl.ndl.go.jp/pid/1186813/1/60	黒川本	色葉字類抄	見開き	下	57	ウ	下	58	オ
https://dl.ndl.go.jp/pid/1186813/1/61	黒川本	色葉字類抄	見開き	下	58	ウ	下	59	オ
https://dl.ndl.go.jp/pid/1186813/1/62	黒川本	色葉字類抄	見開き	下	59	ウ	下	60	オ
https://dl.ndl.go.jp/pid/1186813/1/63	黒川本	色葉字類抄	見開き	下	60	ウ	下	61	オ
https://dl.ndl.go.jp/pid/1186813/1/64	黒川本	色葉字類抄	見開き	下	61	ウ	下	62	オ
https://dl.ndl.go.jp/pid/1186813/1/65	黒川本	色葉字類抄	見開き	下	62	ウ	下	63	オ
https://dl.ndl.go.jp/pid/1186813/1/66	黒川本	色葉字類抄	見開き	下	63	ウ	下	64	オ
https://dl.ndl.go.jp/pid/1186813/1/67	黒川本	色葉字類抄	見開き	下	64	ウ	下	65	オ
https://dl.ndl.go.jp/pid/1186813/1/68	黒川本	色葉字類抄	見開き	下	65	ウ	下	66	オ
https://dl.ndl.go.jp/pid/1186813/1/69	黒川本	色葉字類抄	見開き	下	66	ウ	下	67	オ
https://dl.ndl.go.jp/pid/1186813/1/70	黒川本	色葉字類抄	見開き	下	67	ウ	下	68	オ
https://dl.ndl.go.jp/pid/1186813/1/71	黒川本	色葉字類抄	見開き	下	68	ウ	下	69	オ
https://dl.ndl.go.jp/pid/1186813/1/72	黒川本	色葉字類抄	見開き	下	69	ウ	下	70	オ
https://dl.ndl.go.jp/pid/1186813/1/73	黒川本	色葉字類抄	見開き	下	70	ウ	下	71	オ
https://dl.ndl.go.jp/pid/1186813/1/74	黒川本	色葉字類抄	見開き	下	71	ウ	下	72	オ
https://dl.ndl.go.jp/pid/1186813/1/75	黒川本	色葉字類抄	見開き	下	72	ウ	下	73	オ
https://dl.ndl.go.jp/pid/1186813/1/76	黒川本	色葉字類抄	見開き	下	73	ウ	下	74	オ
https://dl.ndl.go.jp/pid/1186813/1/77	黒川本	色葉字類抄	見開き	下	74	ウ	下	75	オ
https://dl.ndl.go.jp/pid/1186813/1/78	黒川本	色葉字類抄	見開き	下	75	ウ	下	76	オ
https://dl.ndl.go.jp/pid/1186813/1/79	黒川本	色葉字類抄	見開き	下	76	ウ	下	77	オ
https://dl.ndl.go.jp/pid/1186813/1/80	黒川本	色葉字類抄	見開き	下	77	ウ	下	78	オ
https://dl.ndl.go.jp/pid/1186813/1/81	黒川本	色葉字類抄	見開き	下	78	ウ	下	79	オ
https://dl.ndl.go.jp/pid/1186813/1/82	黒川本	色葉字類抄	見開き	下	79	ウ	下	80	オ
https://dl.ndl.go.jp/pid/1186813/1/83	黒川本	色葉字類抄	見開き	下	80	ウ	下	81	オ
https://dl.ndl.go.jp/pid/1186813/1/84	黒川本	色葉字類抄	見開き	下	81	ウ	下	82	オ
https://dl.ndl.go.jp/pid/1186813/1/85	黒川本	色葉字類抄	見開き	下	82	ウ	下	83	オ
https://dl.ndl.go.jp/pid/1186813/1/86	黒川本	色葉字類抄	見開き	下	83	ウ	下	84	オ
https://dl.ndl.go.jp/pid/1186813/1/87	黒川本	色葉字類抄	見開き	下	84	ウ	下	85	オ
https://dl.ndl.go.jp/pid/1186813/1/88	黒川本	色葉字類抄	見開き	下	85	ウ	下	86	オ
https://dl.ndl.go.jp/pid/1186813/1/89	黒川本	色葉字類抄	見開き	下	86	ウ	下	87	オ
https://dl.ndl.go.jp/pid/1186813/1/90	黒川本	色葉字類抄	見開き	下	87	ウ	下	88	オ
https://dl.ndl.go.jp/pid/1186813/1/91	黒川本	色葉字類抄	見開き	下	88	ウ	下	89	オ
https://dl.ndl.go.jp/pid/1186813/1/92	黒川本	色葉字類抄	見開き	下	89	ウ	下	90	オ
https://dl.ndl.go.jp/pid/1186813/1/93	黒川本	色葉字類抄	見開き	下	90	ウ	下	91	オ
https://dl.ndl.go.jp/pid/1186813/1/94	黒川本	色葉字類抄	見開き	下	91	ウ	下	92	オ
https://dl.ndl.go.jp/pid/1186813/1/95	黒川本	色葉字類抄	見開き	下	92	ウ	下	93	オ
https://dl.ndl.go.jp/pid/1186813/1/96	黒川本	色葉字類抄	見開き	下	93	ウ	下	94	オ
https://dl.ndl.go.jp/pid/1186813/1/97	黒川本	色葉字類抄	見開き	下	94	ウ	下	95	オ
https://dl.ndl.go.jp/pid/1186813/1/98	黒川本	色葉字類抄	見開き	下	95	ウ	下	96	オ
https://dl.ndl.go.jp/pid/1186813/1/99	黒川本	色葉字類抄	見開き	下	96	ウ	下	97	オ
https://dl.ndl.go.jp/pid/1186813/1/100	黒川本	色葉字類抄	見開き	下	97	ウ	下	98	オ
https://dl.ndl.go.jp/pid/1186813/1/101	黒川本	色葉字類抄	見開き	下	98	ウ	下	99	オ
https://dl.ndl.go.jp/pid/1186813/1/102	黒川本	色葉字類抄	見開き	下	99	ウ	下	100	オ
https://dl.ndl.go.jp/pid/1186813/1/103	黒川本	色葉字類抄	見開き	下	100	ウ	下	101	オ
https://dl.ndl.go.jp/pid/1186813/1/104	黒川本	色葉字類抄	見開き	下	101	ウ	下	102	オ
https://dl.ndl.go.jp/pid/1186813/1/105	黒川本	色葉字類抄	見開き	下	102	ウ	下	103	オ
https://dl.ndl.go.jp/pid/1186813/1/106	黒川本	色葉字類抄	見開き	下	103	ウ	下	104	オ
https://dl.ndl.go.jp/pid/1186813/1/107	黒川本	色葉字類抄	見開き	下	104	ウ	下	105	オ
https://dl.ndl.go.jp/pid/1186813/1/108	黒川本	色葉字類抄	見開き	下	105	ウ	下	106	オ
https://dl.ndl.go.jp/pid/1186813/1/109	黒川本	色葉字類抄	見開き	下	106	ウ	下	107	オ
https://dl.ndl.go.jp/pid/1186813/1/110	黒川本	色葉字類抄	見開き	下	107	ウ	下	108	オ
https://dl.ndl.go.jp/pid/1186813/1/111	黒川本	色葉字類抄	見開き	下	108	ウ	下	109	オ
https://dl.ndl.go.jp/pid/1186813/1/112	黒川本	色葉字類抄	見開き	下	109	ウ	下	110	オ
https://dl.ndl.go.jp/pid/1186813/1/113	黒川本	色葉字類抄	見開き	下	110	ウ	下	111	オ
https://dl.ndl.go.jp/pid/1186813/1/114	黒川本	色葉字類抄	見開き	下	111	ウ	下	112	オ
https://dl.ndl.go.jp/pid/1186813/1/115	黒川本	色葉字類抄	見開き	下	112	ウ	下	113	オ
https://dl.ndl.go.jp/pid/1186813/1/116	黒川本	色葉字類抄	見開き	下	113	ウ	下	114	オ
https://dl.ndl.go.jp/pid/1186813/1/117	黒川本	色葉字類抄	見開き	下	114	ウ	下	115	オ
https://dl.ndl.go.jp/pid/1186813/1/118	黒川本	色葉字類抄	見開き	下	NA	NA	下	NA	NA
https://dl.ndl.go.jp/pid/1186813/1/119	黒川本	色葉字類抄	見開き	下	NA	NA	下	NA	NA
https://dl.ndl.go.jp/pid/1186813/1/120	黒川本	色葉字類抄	見開き	下	NA	NA	下	NA	NA
https://dl.ndl.go.jp/pid/1186813/1/121	黒川本	色葉字類抄	見開き	下	NA	NA	下	NA	NA
https://dl.ndl.go.jp/pid/1186813/1/122	黒川本	色葉字類抄	見開き	下	NA	NA	下	NA	NA
https://dl.ndl.go.jp/pid/1186813/1/123	黒川本	色葉字類抄	見開き	下	NA	NA	下	NA	NA
https://dl.ndl.go.jp/pid/1186813/1/124	黒川本	色葉字類抄	見開き	下	NA	NA	下	NA	NA
https://dl.ndl.go.jp/pid/1186813/1/125	黒川本	色葉字類抄	見開き	下	NA	NA	下	NA	NA
https://dl.ndl.go.jp/pid/1186813/1/126	黒川本	色葉字類抄	見開き	下	NA	NA	下	NA	NA
https://dl.ndl.go.jp/pid/1192401/1/1	保延本	法華経単字	見開き	NA	NA	NA	NA	NA	NA
https://dl.ndl.go.jp/pid/1192401/1/2	保延本	法華経単字	見開き	NA	NA	NA	NA	NA	NA
https://dl.ndl.go.jp/pid/1192401/1/3	保延本	法華経単字	見開き	NA	NA	NA	NA	NA	NA
https://dl.ndl.go.jp/pid/1192401/1/4	保延本	法華経単字	見開き	NA	NA	NA	NA	1	オ
https://dl.ndl.go.jp/pid/1192401/1/5	保延本	法華経単字	見開き	NA	1	ウ	NA	2	オ
https://dl.ndl.go.jp/pid/1192401/1/6	保延本	法華経単字	見開き	NA	2	ウ	NA	3	オ
https://dl.ndl.go.jp/pid/1192401/1/7	保延本	法華経単字	見開き	NA	3	ウ	NA	4	オ
https://dl.ndl.go.jp/pid/1192401/1/8	保延本	法華経単字	見開き	NA	4	ウ	NA	5	オ
https://dl.ndl.go.jp/pid/1192401/1/9	保延本	法華経単字	見開き	NA	5	ウ	NA	6	オ
https://dl.ndl.go.jp/pid/1192401/1/10	保延本	法華経単字	見開き	NA	6	ウ	NA	7	オ
https://dl.ndl.go.jp/pid/1192401/1/11	保延本	法華経単字	見開き	NA	7	ウ	NA	8	オ
https://dl.ndl.go.jp/pid/1192401/1/12	保延本	法華経単字	見開き	NA	8	ウ	NA	9	オ
https://dl.ndl.go.jp/pid/1192401/1/13	保延本	法華経単字	見開き	NA	9	ウ	NA	10	オ
https://dl.ndl.go.jp/pid/1192401/1/14	保延本	法華経単字	見開き	NA	10	ウ	NA	11	オ
https://dl.ndl.go.jp/pid/1192401/1/15	保延本	法華経単字	見開き	NA	11	ウ	NA	12	オ
https://dl.ndl.go.jp/pid/1192401/1/16	保延本	法華経単字	見開き	NA	12	ウ	NA	13	オ
https://dl.ndl.go.jp/pid/1192401/1/17	保延本	法華経単字	見開き	NA	13	ウ	NA	14	オ
https://dl.ndl.go.jp/pid/1192401/1/18	保延本	法華経単字	見開き	NA	14	ウ	NA	15	オ
https://dl.ndl.go.jp/pid/1192401/1/19	保延本	法華経単字	見開き	NA	15	ウ	NA	16	オ
https://dl.ndl.go.jp/pid/1192401/1/20	保延本	法華経単字	見開き	NA	16	ウ	NA	17	オ
https://dl.ndl.go.jp/pid/1192401/1/21	保延本	法華経単字	見開き	NA	17	ウ	NA	18	オ
https://dl.ndl.go.jp/pid/1192401/1/22	保延本	法華経単字	見開き	NA	18	ウ	NA	19	オ
https://dl.ndl.go.jp/pid/1192401/1/23	保延本	法華経単字	見開き	NA	19	ウ	NA	20	オ
https://dl.ndl.go.jp/pid/1192401/1/24	保延本	法華経単字	見開き	NA	20	ウ	NA	21	オ
https://dl.ndl.go.jp/pid/1192401/1/25	保延本	法華経単字	見開き	NA	21	ウ	NA	22	オ
https://dl.ndl.go.jp/pid/1192401/1/26	保延本	法華経単字	見開き	NA	22	ウ	NA	23	オ
https://dl.ndl.go.jp/pid/1192401/1/27	保延本	法華経単字	見開き	NA	23	ウ	NA	24	オ
https://dl.ndl.go.jp/pid/1192401/1/28	保延本	法華経単字	見開き	NA	24	ウ	NA	25	オ
https://dl.ndl.go.jp/pid/1192401/1/29	保延本	法華経単字	見開き	NA	25	ウ	NA	26	オ
https://dl.ndl.go.jp/pid/1192401/1/30	保延本	法華経単字	見開き	NA	26	ウ	NA	27	オ
https://dl.ndl.go.jp/pid/1192401/1/31	保延本	法華経単字	見開き	NA	27	ウ	NA	28	オ
https://dl.ndl.go.jp/pid/1192401/1/32	保延本	法華経単字	見開き	NA	28	ウ	NA	29	オ
https://dl.ndl.go.jp/pid/1192401/1/33	保延本	法華経単字	見開き	NA	29	ウ	NA	30	オ
https://dl.ndl.go.jp/pid/1192401/1/34	保延本	法華経単字	見開き	NA	30	ウ	NA	31	オ
https://dl.ndl.go.jp/pid/1192401/1/35	保延本	法華経単字	見開き	NA	31	ウ	NA	32	オ
https://dl.ndl.go.jp/pid/1192401/1/36	保延本	法華経単字	見開き	NA	32	ウ	NA	33	オ
https://dl.ndl.go.jp/pid/1192401/1/37	保延本	法華経単字	見開き	NA	33	ウ	NA	34	オ
https://dl.ndl.go.jp/pid/1192401/1/38	保延本	法華経単字	見開き	NA	34	ウ	NA	35	オ
https://dl.ndl.go.jp/pid/1192401/1/39	保延本	法華経単字	見開き	NA	35	ウ	NA	36	オ
https://dl.ndl.go.jp/pid/1192401/1/40	保延本	法華経単字	見開き	NA	36	ウ	NA	37	オ
https://dl.ndl.go.jp/pid/1192401/1/41	保延本	法華経単字	見開き	NA	37	ウ	NA	38	オ
https://dl.ndl.go.jp/pid/1192401/1/42	保延本	法華経単字	見開き	NA	38	ウ	NA	39	オ
https://dl.ndl.go.jp/pid/1192401/1/43	保延本	法華経単字	見開き	NA	39	ウ	NA	40	オ
https://dl.ndl.go.jp/pid/1192401/1/44	保延本	法華経単字	見開き	NA	40	ウ	NA	41	オ
https://dl.ndl.go.jp/pid/1192401/1/45	保延本	法華経単字	見開き	NA	41	ウ	NA	42	オ
https://dl.ndl.go.jp/pid/1192401/1/46	保延本	法華経単字	見開き	NA	42	ウ	NA	43	オ
https://dl.ndl.go.jp/pid/1192401/1/47	保延本	法華経単字	見開き	NA	43	ウ	NA	44	オ
https://dl.ndl.go.jp/pid/1192401/1/48	保延本	法華経単字	見開き	NA	44	ウ	NA	45	オ
https://dl.ndl.go.jp/pid/1192401/1/49	保延本	法華経単字	見開き	NA	45	ウ	NA	46	オ
https://dl.ndl.go.jp/pid/1192401/1/50	保延本	法華経単字	見開き	NA	46	ウ	NA	47	オ
https://dl.ndl.go.jp/pid/1192401/1/51	保延本	法華経単字	見開き	NA	47	ウ	NA	48	オ
https://dl.ndl.go.jp/pid/1192401/1/52	保延本	法華経単字	見開き	NA	48	ウ	NA	49	オ
https://dl.ndl.go.jp/pid/1192401/1/53	保延本	法華経単字	見開き	NA	49	ウ	NA	50	オ
https://dl.ndl.go.jp/pid/1192401/1/54	保延本	法華経単字	見開き	NA	50	ウ	NA	51	オ
https://dl.ndl.go.jp/pid/1192401/1/55	保延本	法華経単字	見開き	NA	51	ウ	NA	52	オ
https://dl.ndl.go.jp/pid/1192401/1/56	保延本	法華経単字	見開き	NA	52	ウ	NA	53	オ
https://dl.ndl.go.jp/pid/1192401/1/57	保延本	法華経単字	見開き	NA	53	ウ	NA	54	オ
https://dl.ndl.go.jp/pid/1192401/1/58	保延本	法華経単字	見開き	NA	54	ウ	NA	55	オ
https://dl.ndl.go.jp/pid/1192401/1/59	保延本	法華経単字	見開き	NA	55	ウ	NA	56	オ
https://dl.ndl.go.jp/pid/1192401/1/60	保延本	法華経単字	見開き	NA	56	ウ	NA	57	オ
https://dl.ndl.go.jp/pid/1192401/1/61	保延本	法華経単字	見開き	NA	57	ウ	NA	58	オ
https://dl.ndl.go.jp/pid/1192401/1/62	保延本	法華経単字	見開き	NA	58	ウ	NA	59	オ
https://dl.ndl.go.jp/pid/1192401/1/63	保延本	法華経単字	見開き	NA	59	ウ	NA	60	オ
https://dl.ndl.go.jp/pid/1192401/1/64	保延本	法華経単字	見開き	NA	60	ウ	NA	61	オ
https://dl.ndl.go.jp/pid/1192401/1/65	保延本	法華経単字	見開き	NA	61	ウ	NA	62	オ
https://dl.ndl.go.jp/pid/1192401/1/66	保延本	法華経単字	見開き	NA	62	ウ	NA	63	オ
https://dl.ndl.go.jp/pid/1192401/1/67	保延本	法華経単字	見開き	NA	63	ウ	NA	64	オ
https://dl.ndl.go.jp/pid/1192401/1/68	保延本	法華経単字	見開き	NA	64	ウ	NA	65	オ
https://dl.ndl.go.jp/pid/1192401/1/69	保延本	法華経単字	見開き	NA	65	ウ	NA	66	オ
https://dl.ndl.go.jp/pid/1192401/1/70	保延本	法華経単字	見開き	NA	66	ウ	NA	67	オ
https://dl.ndl.go.jp/pid/1192401/1/71	保延本	法華経単字	見開き	NA	67	ウ	NA	68	オ
https://dl.ndl.go.jp/pid/1192401/1/72	保延本	法華経単字	見開き	NA	68	ウ	NA	69	オ
https://dl.ndl.go.jp/pid/1192401/1/73	保延本	法華経単字	見開き	NA	69	ウ	NA	NA	NA
https://dl.ndl.go.jp/pid/1192401/1/74	保延本	法華経単字	見開き	NA	NA	NA	NA	NA	NA
https://dl.ndl.go.jp/pid/1192401/1/75	保延本	法華経単字	見開き	NA	NA	NA	NA	NA	NA
https://dl.ndl.go.jp/pid/1192401/1/76	保延本	法華経単字	見開き	NA	NA	NA	NA	NA	NA
https://dl.ndl.go.jp/pid/1192401/1/77	保延本	法華経単字	見開き	NA	NA	NA	NA	NA	NA
https://dl.ndl.go.jp/pid/1192401/1/78	保延本	法華経単字	見開き	NA	NA	NA	NA	NA	NA
https://dl.ndl.go.jp/pid/1192401/1/79	保延本	法華経単字	見開き	NA	NA	NA	NA	NA	NA
https://dl.ndl.go.jp/pid/1209847/1/1	箋注	和名類聚抄	見開き	1	NA	NA	1	NA	NA
https://dl.ndl.go.jp/pid/1209847/1/2	箋注	和名類聚抄	見開き	1	NA	NA	1	NA	NA
https://dl.ndl.go.jp/pid/1209847/1/3	箋注	和名類聚抄	見開き	1	NA	NA	1	NA	NA
https://dl.ndl.go.jp/pid/1209847/1/4	箋注	和名類聚抄	見開き	1	NA	NA	1	NA	NA
https://dl.ndl.go.jp/pid/1209847/1/5	箋注	和名類聚抄	見開き	1	NA	NA	1	NA	NA
https://dl.ndl.go.jp/pid/1209847/1/6	箋注	和名類聚抄	見開き	1	NA	NA	1	NA	NA
https://dl.ndl.go.jp/pid/1209847/1/7	箋注	和名類聚抄	見開き	1	NA	NA	1	NA	NA
https://dl.ndl.go.jp/pid/1209847/1/8	箋注	和名類聚抄	見開き	1	NA	NA	1	NA	NA
https://dl.ndl.go.jp/pid/1209847/1/9	箋注	和名類聚抄	見開き	1	NA	NA	1	NA	NA
https://dl.ndl.go.jp/pid/1209847/1/10	箋注	和名類聚抄	見開き	1	NA	NA	1	1	オ
https://dl.ndl.go.jp/pid/1209847/1/11	箋注	和名類聚抄	見開き	1	1	ウ	1	2	オ
https://dl.ndl.go.jp/pid/1209847/1/12	箋注	和名類聚抄	見開き	1	2	ウ	1	3	オ
https://dl.ndl.go.jp/pid/1209847/1/13	箋注	和名類聚抄	見開き	1	3	ウ	1	4	オ
https://dl.ndl.go.jp/pid/1209847/1/14	箋注	和名類聚抄	見開き	1	4	ウ	1	5	オ
https://dl.ndl.go.jp/pid/1209847/1/15	箋注	和名類聚抄	見開き	1	5	ウ	1	6	オ
https://dl.ndl.go.jp/pid/1209847/1/16	箋注	和名類聚抄	見開き	1	6	ウ	1	7	オ
https://dl.ndl.go.jp/pid/1209847/1/17	箋注	和名類聚抄	見開き	1	7	ウ	1	8	オ
https://dl.ndl.go.jp/pid/1209847/1/18	箋注	和名類聚抄	見開き	1	8	ウ	1	9	オ
https://dl.ndl.go.jp/pid/1209847/1/19	箋注	和名類聚抄	見開き	1	9	ウ	1	10	オ
https://dl.ndl.go.jp/pid/1209847/1/20	箋注	和名類聚抄	見開き	1	10	ウ	1	11	オ
https://dl.ndl.go.jp/pid/1209847/1/21	箋注	和名類聚抄	見開き	1	11	ウ	1	12	オ
https://dl.ndl.go.jp/pid/1209847/1/22	箋注	和名類聚抄	見開き	1	12	ウ	1	13	オ
https://dl.ndl.go.jp/pid/1209847/1/23	箋注	和名類聚抄	見開き	1	13	ウ	1	14	オ
https://dl.ndl.go.jp/pid/1209847/1/24	箋注	和名類聚抄	見開き	1	14	ウ	1	15	オ
https://dl.ndl.go.jp/pid/1209847/1/25	箋注	和名類聚抄	見開き	1	15	ウ	1	16	オ
https://dl.ndl.go.jp/pid/1209847/1/26	箋注	和名類聚抄	見開き	1	16	ウ	1	17	オ
https://dl.ndl.go.jp/pid/1209847/1/27	箋注	和名類聚抄	見開き	1	17	ウ	1	18	オ
https://dl.ndl.go.jp/pid/1209847/1/28	箋注	和名類聚抄	見開き	1	18	ウ	1	19	オ
https://dl.ndl.go.jp/pid/1209847/1/29	箋注	和名類聚抄	見開き	1	19	ウ	1	20	オ
https://dl.ndl.go.jp/pid/1209847/1/30	箋注	和名類聚抄	見開き	1	20	ウ	1	21	オ
https://dl.ndl.go.jp/pid/1209847/1/31	箋注	和名類聚抄	見開き	1	21	ウ	1	22	オ
https://dl.ndl.go.jp/pid/1209847/1/32	箋注	和名類聚抄	見開き	1	22	ウ	1	23	オ
https://dl.ndl.go.jp/pid/1209847/1/33	箋注	和名類聚抄	見開き	1	23	ウ	1	24	オ
https://dl.ndl.go.jp/pid/1209847/1/34	箋注	和名類聚抄	見開き	1	24	ウ	1	25	オ
https://dl.ndl.go.jp/pid/1209847/1/35	箋注	和名類聚抄	見開き	1	25	ウ	1	26	オ
https://dl.ndl.go.jp/pid/1209847/1/36	箋注	和名類聚抄	見開き	1	26	ウ	1	27	オ
https://dl.ndl.go.jp/pid/1209847/1/37	箋注	和名類聚抄	見開き	1	27	ウ	1	28	オ
https://dl.ndl.go.jp/pid/1209847/1/38	箋注	和名類聚抄	見開き	1	28	ウ	1	29	オ
https://dl.ndl.go.jp/pid/1209847/1/39	箋注	和名類聚抄	見開き	1	29	ウ	1	30	オ
https://dl.ndl.go.jp/pid/1209847/1/40	箋注	和名類聚抄	見開き	1	30	ウ	1	31	オ
https://dl.ndl.go.jp/pid/1209847/1/41	箋注	和名類聚抄	見開き	1	31	ウ	1	32	オ
https://dl.ndl.go.jp/pid/1209847/1/42	箋注	和名類聚抄	見開き	1	32	ウ	1	33	オ
https://dl.ndl.go.jp/pid/1209847/1/43	箋注	和名類聚抄	見開き	1	33	ウ	1	34	オ
https://dl.ndl.go.jp/pid/1209847/1/44	箋注	和名類聚抄	見開き	1	34	ウ	1	35	オ
https://dl.ndl.go.jp/pid/1209847/1/45	箋注	和名類聚抄	見開き	1	35	ウ	1	36	オ
https://dl.ndl.go.jp/pid/1209847/1/46	箋注	和名類聚抄	見開き	1	36	ウ	1	37	オ
https://dl.ndl.go.jp/pid/1209847/1/47	箋注	和名類聚抄	見開き	1	37	ウ	1	38	オ
https://dl.ndl.go.jp/pid/1209847/1/48	箋注	和名類聚抄	見開き	1	38	ウ	1	39	オ
https://dl.ndl.go.jp/pid/1209847/1/49	箋注	和名類聚抄	見開き	1	39	ウ	1	40	オ
https://dl.ndl.go.jp/pid/1209847/1/50	箋注	和名類聚抄	見開き	1	40	ウ	1	41	オ
https://dl.ndl.go.jp/pid/1209847/1/51	箋注	和名類聚抄	見開き	1	41	ウ	1	42	オ
https://dl.ndl.go.jp/pid/1209847/1/52	箋注	和名類聚抄	見開き	1	42	ウ	1	43	オ
https://dl.ndl.go.jp/pid/1209847/1/53	箋注	和名類聚抄	見開き	1	43	ウ	1	44	オ
https://dl.ndl.go.jp/pid/1209847/1/54	箋注	和名類聚抄	見開き	1	44	ウ	1	45	オ
https://dl.ndl.go.jp/pid/1209847/1/55	箋注	和名類聚抄	見開き	1	45	ウ	1	46	オ
https://dl.ndl.go.jp/pid/1209847/1/56	箋注	和名類聚抄	見開き	1	46	ウ	1	47	オ
https://dl.ndl.go.jp/pid/1209847/1/57	箋注	和名類聚抄	見開き	1	47	ウ	1	48	オ
https://dl.ndl.go.jp/pid/1209847/1/58	箋注	和名類聚抄	見開き	1	48	ウ	1	49	オ
https://dl.ndl.go.jp/pid/1209847/1/59	箋注	和名類聚抄	見開き	1	49	ウ	1	50	オ
https://dl.ndl.go.jp/pid/1209847/1/60	箋注	和名類聚抄	見開き	1	50	ウ	1	51	オ
https://dl.ndl.go.jp/pid/1209847/1/61	箋注	和名類聚抄	見開き	1	51	ウ	1	52	オ
https://dl.ndl.go.jp/pid/1209847/1/62	箋注	和名類聚抄	見開き	1	52	ウ	1	53	オ
https://dl.ndl.go.jp/pid/1209847/1/63	箋注	和名類聚抄	見開き	1	53	ウ	1	54	オ
https://dl.ndl.go.jp/pid/1209847/1/64	箋注	和名類聚抄	見開き	1	54	ウ	1	55	オ
https://dl.ndl.go.jp/pid/1209847/1/65	箋注	和名類聚抄	見開き	1	55	ウ	1	56	オ
https://dl.ndl.go.jp/pid/1209847/1/66	箋注	和名類聚抄	見開き	1	56	ウ	1	57	オ
https://dl.ndl.go.jp/pid/1209847/1/67	箋注	和名類聚抄	見開き	1	57	ウ	1	58	オ
https://dl.ndl.go.jp/pid/1209847/1/68	箋注	和名類聚抄	見開き	1	58	ウ	1	59	オ
https://dl.ndl.go.jp/pid/1209847/1/69	箋注	和名類聚抄	見開き	1	59	ウ	1	60	オ
https://dl.ndl.go.jp/pid/1209847/1/70	箋注	和名類聚抄	見開き	1	60	ウ	1	61	オ
https://dl.ndl.go.jp/pid/1209847/1/71	箋注	和名類聚抄	見開き	1	61	ウ	1	62	オ
https://dl.ndl.go.jp/pid/1209847/1/72	箋注	和名類聚抄	見開き	1	62	ウ	1	63	オ
https://dl.ndl.go.jp/pid/1209847/1/73	箋注	和名類聚抄	見開き	1	63	ウ	1	64	オ
https://dl.ndl.go.jp/pid/1209847/1/74	箋注	和名類聚抄	見開き	1	64	ウ	1	65	オ
https://dl.ndl.go.jp/pid/1209847/1/75	箋注	和名類聚抄	見開き	1	65	ウ	1	66	オ
https://dl.ndl.go.jp/pid/1209847/1/76	箋注	和名類聚抄	見開き	1	66	ウ	1	67	オ
https://dl.ndl.go.jp/pid/1209847/1/77	箋注	和名類聚抄	見開き	1	67	ウ	1	68	オ
https://dl.ndl.go.jp/pid/1209847/1/78	箋注	和名類聚抄	見開き	1	68	ウ	1	69	オ
https://dl.ndl.go.jp/pid/1209847/1/79	箋注	和名類聚抄	見開き	1	69	ウ	1	70	オ
https://dl.ndl.go.jp/pid/1209847/1/80	箋注	和名類聚抄	見開き	1	70	ウ	1	71	オ
https://dl.ndl.go.jp/pid/1209847/1/81	箋注	和名類聚抄	見開き	1	71	ウ	1	72	オ
https://dl.ndl.go.jp/pid/1209847/1/82	箋注	和名類聚抄	見開き	1	72	ウ	1	73	オ
https://dl.ndl.go.jp/pid/1209847/1/83	箋注	和名類聚抄	見開き	1	73	ウ	1	74	オ
https://dl.ndl.go.jp/pid/1209847/1/84	箋注	和名類聚抄	見開き	1	74	ウ	1	75	オ
https://dl.ndl.go.jp/pid/1209847/1/85	箋注	和名類聚抄	見開き	1	75	ウ	1	76	オ
https://dl.ndl.go.jp/pid/1209847/1/86	箋注	和名類聚抄	見開き	1	76	ウ	1	77	オ
https://dl.ndl.go.jp/pid/1209847/1/87	箋注	和名類聚抄	見開き	1	77	ウ	1	78	オ
https://dl.ndl.go.jp/pid/1209847/1/88	箋注	和名類聚抄	見開き	1	78	ウ	1	79	オ
https://dl.ndl.go.jp/pid/1209847/1/89	箋注	和名類聚抄	見開き	1	79	ウ	1	80	オ
https://dl.ndl.go.jp/pid/1209847/1/90	箋注	和名類聚抄	見開き	1	80	ウ	1	81	オ
https://dl.ndl.go.jp/pid/1209847/1/91	箋注	和名類聚抄	見開き	1	81	ウ	1	82	オ
https://dl.ndl.go.jp/pid/1209847/1/92	箋注	和名類聚抄	見開き	1	82	ウ	1	83	オ
https://dl.ndl.go.jp/pid/1209847/1/93	箋注	和名類聚抄	見開き	1	83	ウ	1	84	オ
https://dl.ndl.go.jp/pid/1209847/1/94	箋注	和名類聚抄	見開き	1	84	ウ	1	85	オ
https://dl.ndl.go.jp/pid/1209847/1/95	箋注	和名類聚抄	見開き	1	85	ウ	1	86	オ
https://dl.ndl.go.jp/pid/1209847/1/96	箋注	和名類聚抄	見開き	1	86	ウ	1	87	オ
https://dl.ndl.go.jp/pid/1209847/1/97	箋注	和名類聚抄	見開き	1	87	ウ	1	88	オ
https://dl.ndl.go.jp/pid/1209847/1/98	箋注	和名類聚抄	見開き	1	88	ウ	1	89	オ
https://dl.ndl.go.jp/pid/1209847/1/99	箋注	和名類聚抄	見開き	1	89	ウ	1	90	オ
https://dl.ndl.go.jp/pid/1209847/1/100	箋注	和名類聚抄	見開き	1	90	ウ	1	91	オ
https://dl.ndl.go.jp/pid/1209847/1/101	箋注	和名類聚抄	見開き	1	91	ウ	1	92	オ
https://dl.ndl.go.jp/pid/1209847/1/102	箋注	和名類聚抄	見開き	1	92	ウ	1	93	オ
https://dl.ndl.go.jp/pid/1209847/1/103	箋注	和名類聚抄	見開き	1	93	ウ	1	94	オ
https://dl.ndl.go.jp/pid/1209847/1/104	箋注	和名類聚抄	見開き	1	94	ウ	1	95	オ
https://dl.ndl.go.jp/pid/1209847/1/105	箋注	和名類聚抄	見開き	1	95	ウ	1	96	オ
https://dl.ndl.go.jp/pid/1209847/1/106	箋注	和名類聚抄	見開き	1	96	ウ	1	97	オ
https://dl.ndl.go.jp/pid/1209847/1/107	箋注	和名類聚抄	見開き	1	97	ウ	1	98	オ
https://dl.ndl.go.jp/pid/1209847/1/108	箋注	和名類聚抄	見開き	1	98	ウ	1	99	オ
https://dl.ndl.go.jp/pid/1209847/1/109	箋注	和名類聚抄	見開き	1	99	ウ	1	100	オ
https://dl.ndl.go.jp/pid/1209847/1/110	箋注	和名類聚抄	見開き	1	100	ウ	1	101	オ
https://dl.ndl.go.jp/pid/1209847/1/111	箋注	和名類聚抄	見開き	1	101	ウ	1	102	オ
https://dl.ndl.go.jp/pid/1209847/1/112	箋注	和名類聚抄	見開き	1	102	ウ	1	103	オ
https://dl.ndl.go.jp/pid/1209847/1/113	箋注	和名類聚抄	見開き	1	103	ウ	1	104	オ
https://dl.ndl.go.jp/pid/1209847/1/114	箋注	和名類聚抄	見開き	1	104	ウ	1	105	オ
https://dl.ndl.go.jp/pid/1209847/1/115	箋注	和名類聚抄	見開き	1	105	ウ	1	106	オ
https://dl.ndl.go.jp/pid/1209847/1/116	箋注	和名類聚抄	見開き	1	106	ウ	1	107	オ
https://dl.ndl.go.jp/pid/1209847/1/117	箋注	和名類聚抄	見開き	1	107	ウ	1	108	オ
https://dl.ndl.go.jp/pid/1209847/1/118	箋注	和名類聚抄	見開き	1	108	ウ	1	109	オ
https://dl.ndl.go.jp/pid/1209847/1/119	箋注	和名類聚抄	見開き	1	109	ウ	1	110	オ
https://dl.ndl.go.jp/pid/1209847/1/120	箋注	和名類聚抄	見開き	1	110	ウ	1	111	オ
https://dl.ndl.go.jp/pid/1209847/1/121	箋注	和名類聚抄	見開き	1	111	ウ	1	112	オ
https://dl.ndl.go.jp/pid/1209847/1/122	箋注	和名類聚抄	見開き	1	112	ウ	1	113	オ
https://dl.ndl.go.jp/pid/1209847/1/123	箋注	和名類聚抄	見開き	1	113	ウ	1	114	オ
https://dl.ndl.go.jp/pid/1209847/1/124	箋注	和名類聚抄	見開き	1	114	ウ	1	115	オ
https://dl.ndl.go.jp/pid/1209847/1/125	箋注	和名類聚抄	見開き	1	115	ウ	1	116	オ
https://dl.ndl.go.jp/pid/1209847/1/126	箋注	和名類聚抄	見開き	1	116	ウ	1	117	オ
https://dl.ndl.go.jp/pid/1209847/1/127	箋注	和名類聚抄	見開き	1	117	ウ	1	118	オ
https://dl.ndl.go.jp/pid/1209847/1/128	箋注	和名類聚抄	見開き	1	118	ウ	1	119	オ
https://dl.ndl.go.jp/pid/1209847/1/129	箋注	和名類聚抄	見開き	1	119	ウ	1	120	オ
https://dl.ndl.go.jp/pid/1209847/1/130	箋注	和名類聚抄	見開き	1	120	ウ	1	121	オ
https://dl.ndl.go.jp/pid/1209847/1/131	箋注	和名類聚抄	見開き	1	121	ウ	1	122	オ
https://dl.ndl.go.jp/pid/1209847/1/132	箋注	和名類聚抄	見開き	1	122	ウ	1	123	オ
https://dl.ndl.go.jp/pid/1209847/1/133	箋注	和名類聚抄	見開き	1	123	ウ	1	124	オ
https://dl.ndl.go.jp/pid/1209847/1/134	箋注	和名類聚抄	見開き	1	124	ウ	1	125	オ
https://dl.ndl.go.jp/pid/1209847/1/135	箋注	和名類聚抄	見開き	1	125	ウ	1	126	オ
https://dl.ndl.go.jp/pid/1209847/1/136	箋注	和名類聚抄	見開き	1	126	ウ	1	127	オ
https://dl.ndl.go.jp/pid/1209847/1/137	箋注	和名類聚抄	見開き	1	127	ウ	1	128	オ
https://dl.ndl.go.jp/pid/1209847/1/138	箋注	和名類聚抄	見開き	1	128	ウ	1	129	オ
https://dl.ndl.go.jp/pid/1209847/1/139	箋注	和名類聚抄	見開き	1	129	ウ	1	130	オ
https://dl.ndl.go.jp/pid/1209847/1/140	箋注	和名類聚抄	見開き	1	130	ウ	1	131	オ
https://dl.ndl.go.jp/pid/1209847/1/141	箋注	和名類聚抄	見開き	1	131	ウ	1	132	オ
https://dl.ndl.go.jp/pid/1209847/1/142	箋注	和名類聚抄	見開き	1	132	ウ	1	133	オ
https://dl.ndl.go.jp/pid/1209847/1/143	箋注	和名類聚抄	見開き	1	133	ウ	1	134	オ
https://dl.ndl.go.jp/pid/1209847/1/144	箋注	和名類聚抄	見開き	1	134	ウ	1	135	オ
https://dl.ndl.go.jp/pid/1209847/1/145	箋注	和名類聚抄	見開き	1	135	ウ	1	136	オ
https://dl.ndl.go.jp/pid/1209847/1/146	箋注	和名類聚抄	見開き	1	136	ウ	1	NA	NA
https://dl.ndl.go.jp/pid/1209847/1/147	箋注	和名類聚抄	見開き	1	NA	NA	1	NA	NA
https://dl.ndl.go.jp/pid/1209847/1/148	箋注	和名類聚抄	見開き	1	NA	NA	1	NA	NA
https://dl.ndl.go.jp/pid/1209847/1/149	箋注	和名類聚抄	見開き	1	NA	NA	1	NA	NA
https://dl.ndl.go.jp/pid/1209847/1/150	箋注	和名類聚抄	見開き	1	NA	NA	1	NA	NA
https://dl.ndl.go.jp/pid/1209853/1/1	箋注	和名類聚抄	見開き	2	NA	NA	2	NA	NA
https://dl.ndl.go.jp/pid/1209853/1/2	箋注	和名類聚抄	見開き	2	NA	NA	2	1	オ
https://dl.ndl.go.jp/pid/1209853/1/3	箋注	和名類聚抄	見開き	2	1	ウ	2	2	オ
https://dl.ndl.go.jp/pid/1209853/1/4	箋注	和名類聚抄	見開き	2	2	ウ	2	3	オ
https://dl.ndl.go.jp/pid/1209853/1/5	箋注	和名類聚抄	見開き	2	3	ウ	2	4	オ
https://dl.ndl.go.jp/pid/1209853/1/6	箋注	和名類聚抄	見開き	2	4	ウ	2	5	オ
https://dl.ndl.go.jp/pid/1209853/1/7	箋注	和名類聚抄	見開き	2	5	ウ	2	6	オ
https://dl.ndl.go.jp/pid/1209853/1/8	箋注	和名類聚抄	見開き	2	6	ウ	2	7	オ
https://dl.ndl.go.jp/pid/1209853/1/9	箋注	和名類聚抄	見開き	2	7	ウ	2	8	オ
https://dl.ndl.go.jp/pid/1209853/1/10	箋注	和名類聚抄	見開き	2	8	ウ	2	9	オ
https://dl.ndl.go.jp/pid/1209853/1/11	箋注	和名類聚抄	見開き	2	9	ウ	2	10	オ
https://dl.ndl.go.jp/pid/1209853/1/12	箋注	和名類聚抄	見開き	2	10	ウ	2	11	オ
https://dl.ndl.go.jp/pid/1209853/1/13	箋注	和名類聚抄	見開き	2	11	ウ	2	12	オ
https://dl.ndl.go.jp/pid/1209853/1/14	箋注	和名類聚抄	見開き	2	12	ウ	2	13	オ
https://dl.ndl.go.jp/pid/1209853/1/15	箋注	和名類聚抄	見開き	2	13	ウ	2	14	オ
https://dl.ndl.go.jp/pid/1209853/1/16	箋注	和名類聚抄	見開き	2	14	ウ	2	15	オ
https://dl.ndl.go.jp/pid/1209853/1/17	箋注	和名類聚抄	見開き	2	15	ウ	2	16	オ
https://dl.ndl.go.jp/pid/1209853/1/18	箋注	和名類聚抄	見開き	2	16	ウ	2	17	オ
https://dl.ndl.go.jp/pid/1209853/1/19	箋注	和名類聚抄	見開き	2	17	ウ	2	18	オ
https://dl.ndl.go.jp/pid/1209853/1/20	箋注	和名類聚抄	見開き	2	18	ウ	2	19	オ
https://dl.ndl.go.jp/pid/1209853/1/21	箋注	和名類聚抄	見開き	2	19	ウ	2	20	オ
https://dl.ndl.go.jp/pid/1209853/1/22	箋注	和名類聚抄	見開き	2	20	ウ	2	21	オ
https://dl.ndl.go.jp/pid/1209853/1/23	箋注	和名類聚抄	見開き	2	21	ウ	2	22	オ
https://dl.ndl.go.jp/pid/1209853/1/24	箋注	和名類聚抄	見開き	2	22	ウ	2	23	オ
https://dl.ndl.go.jp/pid/1209853/1/25	箋注	和名類聚抄	見開き	2	23	ウ	2	24	オ
https://dl.ndl.go.jp/pid/1209853/1/26	箋注	和名類聚抄	見開き	2	24	ウ	2	25	オ
https://dl.ndl.go.jp/pid/1209853/1/27	箋注	和名類聚抄	見開き	2	25	ウ	2	26	オ
https://dl.ndl.go.jp/pid/1209853/1/28	箋注	和名類聚抄	見開き	2	26	ウ	2	27	オ
https://dl.ndl.go.jp/pid/1209853/1/29	箋注	和名類聚抄	見開き	2	27	ウ	2	28	オ
https://dl.ndl.go.jp/pid/1209853/1/30	箋注	和名類聚抄	見開き	2	28	ウ	2	29	オ
https://dl.ndl.go.jp/pid/1209853/1/31	箋注	和名類聚抄	見開き	2	29	ウ	2	30	オ
https://dl.ndl.go.jp/pid/1209853/1/32	箋注	和名類聚抄	見開き	2	30	ウ	2	31	オ
https://dl.ndl.go.jp/pid/1209853/1/33	箋注	和名類聚抄	見開き	2	31	ウ	2	32	オ
https://dl.ndl.go.jp/pid/1209853/1/34	箋注	和名類聚抄	見開き	2	32	ウ	2	33	オ
https://dl.ndl.go.jp/pid/1209853/1/35	箋注	和名類聚抄	見開き	2	33	ウ	2	34	オ
https://dl.ndl.go.jp/pid/1209853/1/36	箋注	和名類聚抄	見開き	2	34	ウ	2	35	オ
https://dl.ndl.go.jp/pid/1209853/1/37	箋注	和名類聚抄	見開き	2	35	ウ	2	36	オ
https://dl.ndl.go.jp/pid/1209853/1/38	箋注	和名類聚抄	見開き	2	36	ウ	2	37	オ
https://dl.ndl.go.jp/pid/1209853/1/39	箋注	和名類聚抄	見開き	2	37	ウ	2	38	オ
https://dl.ndl.go.jp/pid/1209853/1/40	箋注	和名類聚抄	見開き	2	38	ウ	2	39	オ
https://dl.ndl.go.jp/pid/1209853/1/41	箋注	和名類聚抄	見開き	2	39	ウ	2	40	オ
https://dl.ndl.go.jp/pid/1209853/1/42	箋注	和名類聚抄	見開き	2	40	ウ	2	41	オ
https://dl.ndl.go.jp/pid/1209853/1/43	箋注	和名類聚抄	見開き	2	41	ウ	2	42	オ
https://dl.ndl.go.jp/pid/1209853/1/44	箋注	和名類聚抄	見開き	2	42	ウ	2	43	オ
https://dl.ndl.go.jp/pid/1209853/1/45	箋注	和名類聚抄	見開き	2	43	ウ	2	44	オ
https://dl.ndl.go.jp/pid/1209853/1/46	箋注	和名類聚抄	見開き	2	44	ウ	2	45	オ
https://dl.ndl.go.jp/pid/1209853/1/47	箋注	和名類聚抄	見開き	2	45	ウ	2	46	オ
https://dl.ndl.go.jp/pid/1209853/1/48	箋注	和名類聚抄	見開き	2	46	ウ	2	47	オ
https://dl.ndl.go.jp/pid/1209853/1/49	箋注	和名類聚抄	見開き	2	47	ウ	2	48	オ
https://dl.ndl.go.jp/pid/1209853/1/50	箋注	和名類聚抄	見開き	2	48	ウ	2	49	オ
https://dl.ndl.go.jp/pid/1209853/1/51	箋注	和名類聚抄	見開き	2	49	ウ	2	50	オ
https://dl.ndl.go.jp/pid/1209853/1/52	箋注	和名類聚抄	見開き	2	50	ウ	2	51	オ
https://dl.ndl.go.jp/pid/1209853/1/53	箋注	和名類聚抄	見開き	2	51	ウ	2	52	オ
https://dl.ndl.go.jp/pid/1209853/1/54	箋注	和名類聚抄	見開き	2	52	ウ	2	53	オ
https://dl.ndl.go.jp/pid/1209853/1/55	箋注	和名類聚抄	見開き	2	53	ウ	2	54	オ
https://dl.ndl.go.jp/pid/1209853/1/56	箋注	和名類聚抄	見開き	2	54	ウ	2	55	オ
https://dl.ndl.go.jp/pid/1209853/1/57	箋注	和名類聚抄	見開き	2	55	ウ	2	56	オ
https://dl.ndl.go.jp/pid/1209853/1/58	箋注	和名類聚抄	見開き	2	56	ウ	2	57	オ
https://dl.ndl.go.jp/pid/1209853/1/59	箋注	和名類聚抄	見開き	2	57	ウ	2	58	オ
https://dl.ndl.go.jp/pid/1209853/1/60	箋注	和名類聚抄	見開き	2	58	ウ	2	59	オ
https://dl.ndl.go.jp/pid/1209853/1/61	箋注	和名類聚抄	見開き	2	59	ウ	2	60	オ
https://dl.ndl.go.jp/pid/1209853/1/62	箋注	和名類聚抄	見開き	2	60	ウ	2	61	オ
https://dl.ndl.go.jp/pid/1209853/1/63	箋注	和名類聚抄	見開き	2	61	ウ	2	62	オ
https://dl.ndl.go.jp/pid/1209853/1/64	箋注	和名類聚抄	見開き	2	62	ウ	2	63	オ
https://dl.ndl.go.jp/pid/1209853/1/65	箋注	和名類聚抄	見開き	2	63	ウ	2	64	オ
https://dl.ndl.go.jp/pid/1209853/1/66	箋注	和名類聚抄	見開き	2	64	ウ	2	65	オ
https://dl.ndl.go.jp/pid/1209853/1/67	箋注	和名類聚抄	見開き	2	65	ウ	2	66	オ
https://dl.ndl.go.jp/pid/1209853/1/68	箋注	和名類聚抄	見開き	2	66	ウ	2	67	オ
https://dl.ndl.go.jp/pid/1209853/1/69	箋注	和名類聚抄	見開き	2	67	ウ	2	68	オ
https://dl.ndl.go.jp/pid/1209853/1/70	箋注	和名類聚抄	見開き	2	68	ウ	2	69	オ
https://dl.ndl.go.jp/pid/1209853/1/71	箋注	和名類聚抄	見開き	2	69	ウ	2	70	オ
https://dl.ndl.go.jp/pid/1209853/1/72	箋注	和名類聚抄	見開き	2	70	ウ	2	71	オ
https://dl.ndl.go.jp/pid/1209853/1/73	箋注	和名類聚抄	見開き	2	71	ウ	2	72	オ
https://dl.ndl.go.jp/pid/1209853/1/74	箋注	和名類聚抄	見開き	2	72	ウ	2	73	オ
https://dl.ndl.go.jp/pid/1209853/1/75	箋注	和名類聚抄	見開き	2	73	ウ	2	74	オ
https://dl.ndl.go.jp/pid/1209853/1/76	箋注	和名類聚抄	見開き	2	74	ウ	2	75	オ
https://dl.ndl.go.jp/pid/1209853/1/77	箋注	和名類聚抄	見開き	2	75	ウ	2	76	オ
https://dl.ndl.go.jp/pid/1209853/1/78	箋注	和名類聚抄	見開き	2	76	ウ	2	77	オ
https://dl.ndl.go.jp/pid/1209853/1/79	箋注	和名類聚抄	見開き	2	77	ウ	2	78	オ
https://dl.ndl.go.jp/pid/1209853/1/80	箋注	和名類聚抄	見開き	2	78	ウ	2	79	オ
https://dl.ndl.go.jp/pid/1209853/1/81	箋注	和名類聚抄	見開き	2	79	ウ	2	80	オ
https://dl.ndl.go.jp/pid/1209853/1/82	箋注	和名類聚抄	見開き	2	80	ウ	2	81	オ
https://dl.ndl.go.jp/pid/1209853/1/83	箋注	和名類聚抄	見開き	2	81	ウ	2	82	オ
https://dl.ndl.go.jp/pid/1209853/1/84	箋注	和名類聚抄	見開き	2	82	ウ	2	83	オ
https://dl.ndl.go.jp/pid/1209853/1/85	箋注	和名類聚抄	見開き	2	83	ウ	2	84	オ
https://dl.ndl.go.jp/pid/1209853/1/86	箋注	和名類聚抄	見開き	2	84	ウ	2	85	オ
https://dl.ndl.go.jp/pid/1209853/1/87	箋注	和名類聚抄	見開き	2	85	ウ	2	86	オ
https://dl.ndl.go.jp/pid/1209853/1/88	箋注	和名類聚抄	見開き	2	86	ウ	2	87	オ
https://dl.ndl.go.jp/pid/1209853/1/89	箋注	和名類聚抄	見開き	2	87	ウ	2	88	オ
https://dl.ndl.go.jp/pid/1209853/1/90	箋注	和名類聚抄	見開き	2	88	ウ	2	89	オ
https://dl.ndl.go.jp/pid/1209853/1/91	箋注	和名類聚抄	見開き	2	89	ウ	2	90	オ
https://dl.ndl.go.jp/pid/1209853/1/92	箋注	和名類聚抄	見開き	2	90	ウ	2	91	オ
https://dl.ndl.go.jp/pid/1209853/1/93	箋注	和名類聚抄	見開き	2	91	ウ	2	92	オ
https://dl.ndl.go.jp/pid/1209853/1/94	箋注	和名類聚抄	見開き	2	92	ウ	2	93	オ
https://dl.ndl.go.jp/pid/1209853/1/95	箋注	和名類聚抄	見開き	2	93	ウ	2	94	オ
https://dl.ndl.go.jp/pid/1209853/1/96	箋注	和名類聚抄	見開き	2	94	ウ	2	95	オ
https://dl.ndl.go.jp/pid/1209853/1/97	箋注	和名類聚抄	見開き	2	95	ウ	2	96	オ
https://dl.ndl.go.jp/pid/1209853/1/98	箋注	和名類聚抄	見開き	2	96	ウ	2	97	オ
https://dl.ndl.go.jp/pid/1209853/1/99	箋注	和名類聚抄	見開き	2	97	ウ	2	98	オ
https://dl.ndl.go.jp/pid/1209853/1/100	箋注	和名類聚抄	見開き	2	98	ウ	2	99	オ
https://dl.ndl.go.jp/pid/1209853/1/101	箋注	和名類聚抄	見開き	2	99	ウ	2	100	オ
https://dl.ndl.go.jp/pid/1209853/1/102	箋注	和名類聚抄	見開き	2	100	ウ	2	101	オ
https://dl.ndl.go.jp/pid/1209853/1/103	箋注	和名類聚抄	見開き	2	101	ウ	2	102	オ
https://dl.ndl.go.jp/pid/1209853/1/104	箋注	和名類聚抄	見開き	2	102	ウ	2	103	オ
https://dl.ndl.go.jp/pid/1209853/1/105	箋注	和名類聚抄	見開き	2	103	ウ	2	104	オ
https://dl.ndl.go.jp/pid/1209853/1/106	箋注	和名類聚抄	見開き	2	104	ウ	2	105	オ
https://dl.ndl.go.jp/pid/1209853/1/107	箋注	和名類聚抄	見開き	2	105	ウ	2	106	オ
https://dl.ndl.go.jp/pid/1209853/1/108	箋注	和名類聚抄	見開き	2	106	ウ	2	107	オ
https://dl.ndl.go.jp/pid/1209853/1/109	箋注	和名類聚抄	見開き	2	107	ウ	2	108	オ
https://dl.ndl.go.jp/pid/1209853/1/110	箋注	和名類聚抄	見開き	2	108	ウ	2	109	オ
https://dl.ndl.go.jp/pid/1209853/1/111	箋注	和名類聚抄	見開き	2	109	ウ	2	110	オ
https://dl.ndl.go.jp/pid/1209853/1/112	箋注	和名類聚抄	見開き	2	110	ウ	2	111	オ
https://dl.ndl.go.jp/pid/1209853/1/113	箋注	和名類聚抄	見開き	2	111	ウ	2	112	オ
https://dl.ndl.go.jp/pid/1209853/1/114	箋注	和名類聚抄	見開き	2	112	ウ	2	NA	NA
https://dl.ndl.go.jp/pid/1209853/1/115	箋注	和名類聚抄	見開き	2	NA	NA	2	NA	NA
https://dl.ndl.go.jp/pid/1209860/1/1	箋注	和名類聚抄	見開き	3	NA	NA	3	NA	NA
https://dl.ndl.go.jp/pid/1209860/1/2	箋注	和名類聚抄	見開き	3	NA	NA	3	1	オ
https://dl.ndl.go.jp/pid/1209860/1/3	箋注	和名類聚抄	見開き	3	1	ウ	3	2	オ
https://dl.ndl.go.jp/pid/1209860/1/4	箋注	和名類聚抄	見開き	3	2	ウ	3	3	オ
https://dl.ndl.go.jp/pid/1209860/1/5	箋注	和名類聚抄	見開き	3	3	ウ	3	4	オ
https://dl.ndl.go.jp/pid/1209860/1/6	箋注	和名類聚抄	見開き	3	4	ウ	3	5	オ
https://dl.ndl.go.jp/pid/1209860/1/7	箋注	和名類聚抄	見開き	3	5	ウ	3	6	オ
https://dl.ndl.go.jp/pid/1209860/1/8	箋注	和名類聚抄	見開き	3	6	ウ	3	7	オ
https://dl.ndl.go.jp/pid/1209860/1/9	箋注	和名類聚抄	見開き	3	7	ウ	3	8	オ
https://dl.ndl.go.jp/pid/1209860/1/10	箋注	和名類聚抄	見開き	3	8	ウ	3	9	オ
https://dl.ndl.go.jp/pid/1209860/1/11	箋注	和名類聚抄	見開き	3	9	ウ	3	10	オ
https://dl.ndl.go.jp/pid/1209860/1/12	箋注	和名類聚抄	見開き	3	10	ウ	3	11	オ
https://dl.ndl.go.jp/pid/1209860/1/13	箋注	和名類聚抄	見開き	3	11	ウ	3	12	オ
https://dl.ndl.go.jp/pid/1209860/1/14	箋注	和名類聚抄	見開き	3	12	ウ	3	13	オ
https://dl.ndl.go.jp/pid/1209860/1/15	箋注	和名類聚抄	見開き	3	13	ウ	3	14	オ
https://dl.ndl.go.jp/pid/1209860/1/16	箋注	和名類聚抄	見開き	3	14	ウ	3	15	オ
https://dl.ndl.go.jp/pid/1209860/1/17	箋注	和名類聚抄	見開き	3	15	ウ	3	16	オ
https://dl.ndl.go.jp/pid/1209860/1/18	箋注	和名類聚抄	見開き	3	16	ウ	3	17	オ
https://dl.ndl.go.jp/pid/1209860/1/19	箋注	和名類聚抄	見開き	3	17	ウ	3	18	オ
https://dl.ndl.go.jp/pid/1209860/1/20	箋注	和名類聚抄	見開き	3	18	ウ	3	19	オ
https://dl.ndl.go.jp/pid/1209860/1/21	箋注	和名類聚抄	見開き	3	19	ウ	3	20	オ
https://dl.ndl.go.jp/pid/1209860/1/22	箋注	和名類聚抄	見開き	3	20	ウ	3	21	オ
https://dl.ndl.go.jp/pid/1209860/1/23	箋注	和名類聚抄	見開き	3	21	ウ	3	22	オ
https://dl.ndl.go.jp/pid/1209860/1/24	箋注	和名類聚抄	見開き	3	22	ウ	3	23	オ
https://dl.ndl.go.jp/pid/1209860/1/25	箋注	和名類聚抄	見開き	3	23	ウ	3	24	オ
https://dl.ndl.go.jp/pid/1209860/1/26	箋注	和名類聚抄	見開き	3	24	ウ	3	25	オ
https://dl.ndl.go.jp/pid/1209860/1/27	箋注	和名類聚抄	見開き	3	25	ウ	3	26	オ
https://dl.ndl.go.jp/pid/1209860/1/28	箋注	和名類聚抄	見開き	3	26	ウ	3	27	オ
https://dl.ndl.go.jp/pid/1209860/1/29	箋注	和名類聚抄	見開き	3	27	ウ	3	28	オ
https://dl.ndl.go.jp/pid/1209860/1/30	箋注	和名類聚抄	見開き	3	28	ウ	3	29	オ
https://dl.ndl.go.jp/pid/1209860/1/31	箋注	和名類聚抄	見開き	3	29	ウ	3	30	オ
https://dl.ndl.go.jp/pid/1209860/1/32	箋注	和名類聚抄	見開き	3	30	ウ	3	31	オ
https://dl.ndl.go.jp/pid/1209860/1/33	箋注	和名類聚抄	見開き	3	31	ウ	3	32	オ
https://dl.ndl.go.jp/pid/1209860/1/34	箋注	和名類聚抄	見開き	3	32	ウ	3	33	オ
https://dl.ndl.go.jp/pid/1209860/1/35	箋注	和名類聚抄	見開き	3	33	ウ	3	34	オ
https://dl.ndl.go.jp/pid/1209860/1/36	箋注	和名類聚抄	見開き	3	34	ウ	3	35	オ
https://dl.ndl.go.jp/pid/1209860/1/37	箋注	和名類聚抄	見開き	3	35	ウ	3	36	オ
https://dl.ndl.go.jp/pid/1209860/1/38	箋注	和名類聚抄	見開き	3	36	ウ	3	37	オ
https://dl.ndl.go.jp/pid/1209860/1/39	箋注	和名類聚抄	見開き	3	37	ウ	3	38	オ
https://dl.ndl.go.jp/pid/1209860/1/40	箋注	和名類聚抄	見開き	3	38	ウ	3	39	オ
https://dl.ndl.go.jp/pid/1209860/1/41	箋注	和名類聚抄	見開き	3	39	ウ	3	40	オ
https://dl.ndl.go.jp/pid/1209860/1/42	箋注	和名類聚抄	見開き	3	40	ウ	3	41	オ
https://dl.ndl.go.jp/pid/1209860/1/43	箋注	和名類聚抄	見開き	3	41	ウ	3	42	オ
https://dl.ndl.go.jp/pid/1209860/1/44	箋注	和名類聚抄	見開き	3	42	ウ	3	43	オ
https://dl.ndl.go.jp/pid/1209860/1/45	箋注	和名類聚抄	見開き	3	43	ウ	3	44	オ
https://dl.ndl.go.jp/pid/1209860/1/46	箋注	和名類聚抄	見開き	3	44	ウ	3	45	オ
https://dl.ndl.go.jp/pid/1209860/1/47	箋注	和名類聚抄	見開き	3	45	ウ	3	46	オ
https://dl.ndl.go.jp/pid/1209860/1/48	箋注	和名類聚抄	見開き	3	46	ウ	3	47	オ
https://dl.ndl.go.jp/pid/1209860/1/49	箋注	和名類聚抄	見開き	3	47	ウ	3	48	オ
https://dl.ndl.go.jp/pid/1209860/1/50	箋注	和名類聚抄	見開き	3	48	ウ	3	49	オ
https://dl.ndl.go.jp/pid/1209860/1/51	箋注	和名類聚抄	見開き	3	49	ウ	3	50	オ
https://dl.ndl.go.jp/pid/1209860/1/52	箋注	和名類聚抄	見開き	3	50	ウ	3	51	オ
https://dl.ndl.go.jp/pid/1209860/1/53	箋注	和名類聚抄	見開き	3	51	ウ	3	52	オ
https://dl.ndl.go.jp/pid/1209860/1/54	箋注	和名類聚抄	見開き	3	52	ウ	3	53	オ
https://dl.ndl.go.jp/pid/1209860/1/55	箋注	和名類聚抄	見開き	3	53	ウ	3	54	オ
https://dl.ndl.go.jp/pid/1209860/1/56	箋注	和名類聚抄	見開き	3	54	ウ	3	55	オ
https://dl.ndl.go.jp/pid/1209860/1/57	箋注	和名類聚抄	見開き	3	55	ウ	3	56	オ
https://dl.ndl.go.jp/pid/1209860/1/58	箋注	和名類聚抄	見開き	3	56	ウ	3	57	オ
https://dl.ndl.go.jp/pid/1209860/1/59	箋注	和名類聚抄	見開き	3	57	ウ	3	58	オ
https://dl.ndl.go.jp/pid/1209860/1/60	箋注	和名類聚抄	見開き	3	58	ウ	3	59	オ
https://dl.ndl.go.jp/pid/1209860/1/61	箋注	和名類聚抄	見開き	3	59	ウ	3	60	オ
https://dl.ndl.go.jp/pid/1209860/1/62	箋注	和名類聚抄	見開き	3	60	ウ	3	61	オ
https://dl.ndl.go.jp/pid/1209860/1/63	箋注	和名類聚抄	見開き	3	61	ウ	3	62	オ
https://dl.ndl.go.jp/pid/1209860/1/64	箋注	和名類聚抄	見開き	3	62	ウ	3	63	オ
https://dl.ndl.go.jp/pid/1209860/1/65	箋注	和名類聚抄	見開き	3	63	ウ	3	64	オ
https://dl.ndl.go.jp/pid/1209860/1/66	箋注	和名類聚抄	見開き	3	64	ウ	3	65	オ
https://dl.ndl.go.jp/pid/1209860/1/67	箋注	和名類聚抄	見開き	3	65	ウ	3	66	オ
https://dl.ndl.go.jp/pid/1209860/1/68	箋注	和名類聚抄	見開き	3	66	ウ	3	67	オ
https://dl.ndl.go.jp/pid/1209860/1/69	箋注	和名類聚抄	見開き	3	67	ウ	3	68	オ
https://dl.ndl.go.jp/pid/1209860/1/70	箋注	和名類聚抄	見開き	3	68	ウ	3	69	オ
https://dl.ndl.go.jp/pid/1209860/1/71	箋注	和名類聚抄	見開き	3	69	ウ	3	70	オ
https://dl.ndl.go.jp/pid/1209860/1/72	箋注	和名類聚抄	見開き	3	70	ウ	3	71	オ
https://dl.ndl.go.jp/pid/1209860/1/73	箋注	和名類聚抄	見開き	3	71	ウ	3	72	オ
https://dl.ndl.go.jp/pid/1209860/1/74	箋注	和名類聚抄	見開き	3	72	ウ	3	73	オ
https://dl.ndl.go.jp/pid/1209860/1/75	箋注	和名類聚抄	見開き	3	73	ウ	3	74	オ
https://dl.ndl.go.jp/pid/1209860/1/76	箋注	和名類聚抄	見開き	3	74	ウ	3	75	オ
https://dl.ndl.go.jp/pid/1209860/1/77	箋注	和名類聚抄	見開き	3	75	ウ	3	76	オ
https://dl.ndl.go.jp/pid/1209860/1/78	箋注	和名類聚抄	見開き	3	76	ウ	3	77	オ
https://dl.ndl.go.jp/pid/1209860/1/79	箋注	和名類聚抄	見開き	3	77	ウ	3	78	オ
https://dl.ndl.go.jp/pid/1209860/1/80	箋注	和名類聚抄	見開き	3	78	ウ	3	79	オ
https://dl.ndl.go.jp/pid/1209860/1/81	箋注	和名類聚抄	見開き	3	79	ウ	3	80	オ
https://dl.ndl.go.jp/pid/1209860/1/82	箋注	和名類聚抄	見開き	3	80	ウ	3	81	オ
https://dl.ndl.go.jp/pid/1209860/1/83	箋注	和名類聚抄	見開き	3	81	ウ	3	82	オ
https://dl.ndl.go.jp/pid/1209860/1/84	箋注	和名類聚抄	見開き	3	82	ウ	3	83	オ
https://dl.ndl.go.jp/pid/1209860/1/85	箋注	和名類聚抄	見開き	3	83	ウ	3	84	オ
https://dl.ndl.go.jp/pid/1209860/1/86	箋注	和名類聚抄	見開き	3	84	ウ	3	85	オ
https://dl.ndl.go.jp/pid/1209860/1/87	箋注	和名類聚抄	見開き	3	85	ウ	3	86	オ
https://dl.ndl.go.jp/pid/1209860/1/88	箋注	和名類聚抄	見開き	3	86	ウ	3	87	オ
https://dl.ndl.go.jp/pid/1209860/1/89	箋注	和名類聚抄	見開き	3	87	ウ	3	88	オ
https://dl.ndl.go.jp/pid/1209860/1/90	箋注	和名類聚抄	見開き	3	88	ウ	3	89	オ
https://dl.ndl.go.jp/pid/1209860/1/91	箋注	和名類聚抄	見開き	3	89	ウ	3	90	オ
https://dl.ndl.go.jp/pid/1209860/1/92	箋注	和名類聚抄	見開き	3	90	ウ	3	91	オ
https://dl.ndl.go.jp/pid/1209860/1/93	箋注	和名類聚抄	見開き	3	91	ウ	3	92	オ
https://dl.ndl.go.jp/pid/1209860/1/94	箋注	和名類聚抄	見開き	3	92	ウ	3	93	オ
https://dl.ndl.go.jp/pid/1209860/1/95	箋注	和名類聚抄	見開き	3	93	ウ	3	94	オ
https://dl.ndl.go.jp/pid/1209860/1/96	箋注	和名類聚抄	見開き	3	94	ウ	3	95	オ
https://dl.ndl.go.jp/pid/1209860/1/97	箋注	和名類聚抄	見開き	3	95	ウ	3	96	オ
https://dl.ndl.go.jp/pid/1209860/1/98	箋注	和名類聚抄	見開き	3	96	ウ	3	97	オ
https://dl.ndl.go.jp/pid/1209860/1/99	箋注	和名類聚抄	見開き	3	97	ウ	3	NA	NA
https://dl.ndl.go.jp/pid/1209860/1/100	箋注	和名類聚抄	見開き	3	NA	NA	3	NA	NA
https://dl.ndl.go.jp/pid/1209871/1/1	箋注	和名類聚抄	見開き	4	NA	NA	4	NA	NA
https://dl.ndl.go.jp/pid/1209871/1/2	箋注	和名類聚抄	見開き	4	NA	NA	4	1	オ
https://dl.ndl.go.jp/pid/1209871/1/3	箋注	和名類聚抄	見開き	4	1	ウ	4	2	オ
https://dl.ndl.go.jp/pid/1209871/1/4	箋注	和名類聚抄	見開き	4	2	ウ	4	3	オ
https://dl.ndl.go.jp/pid/1209871/1/5	箋注	和名類聚抄	見開き	4	3	ウ	4	4	オ
https://dl.ndl.go.jp/pid/1209871/1/6	箋注	和名類聚抄	見開き	4	4	ウ	4	5	オ
https://dl.ndl.go.jp/pid/1209871/1/7	箋注	和名類聚抄	見開き	4	5	ウ	4	6	オ
https://dl.ndl.go.jp/pid/1209871/1/8	箋注	和名類聚抄	見開き	4	6	ウ	4	7	オ
https://dl.ndl.go.jp/pid/1209871/1/9	箋注	和名類聚抄	見開き	4	7	ウ	4	8	オ
https://dl.ndl.go.jp/pid/1209871/1/10	箋注	和名類聚抄	見開き	4	8	ウ	4	9	オ
https://dl.ndl.go.jp/pid/1209871/1/11	箋注	和名類聚抄	見開き	4	9	ウ	4	10	オ
https://dl.ndl.go.jp/pid/1209871/1/12	箋注	和名類聚抄	見開き	4	10	ウ	4	11	オ
https://dl.ndl.go.jp/pid/1209871/1/13	箋注	和名類聚抄	見開き	4	11	ウ	4	12	オ
https://dl.ndl.go.jp/pid/1209871/1/14	箋注	和名類聚抄	見開き	4	12	ウ	4	13	オ
https://dl.ndl.go.jp/pid/1209871/1/15	箋注	和名類聚抄	見開き	4	13	ウ	4	14	オ
https://dl.ndl.go.jp/pid/1209871/1/16	箋注	和名類聚抄	見開き	4	14	ウ	4	15	オ
https://dl.ndl.go.jp/pid/1209871/1/17	箋注	和名類聚抄	見開き	4	15	ウ	4	16	オ
https://dl.ndl.go.jp/pid/1209871/1/18	箋注	和名類聚抄	見開き	4	16	ウ	4	17	オ
https://dl.ndl.go.jp/pid/1209871/1/19	箋注	和名類聚抄	見開き	4	17	ウ	4	18	オ
https://dl.ndl.go.jp/pid/1209871/1/20	箋注	和名類聚抄	見開き	4	18	ウ	4	19	オ
https://dl.ndl.go.jp/pid/1209871/1/21	箋注	和名類聚抄	見開き	4	19	ウ	4	20	オ
https://dl.ndl.go.jp/pid/1209871/1/22	箋注	和名類聚抄	見開き	4	20	ウ	4	21	オ
https://dl.ndl.go.jp/pid/1209871/1/23	箋注	和名類聚抄	見開き	4	21	ウ	4	22	オ
https://dl.ndl.go.jp/pid/1209871/1/24	箋注	和名類聚抄	見開き	4	22	ウ	4	23	オ
https://dl.ndl.go.jp/pid/1209871/1/25	箋注	和名類聚抄	見開き	4	23	ウ	4	24	オ
https://dl.ndl.go.jp/pid/1209871/1/26	箋注	和名類聚抄	見開き	4	24	ウ	4	25	オ
https://dl.ndl.go.jp/pid/1209871/1/27	箋注	和名類聚抄	見開き	4	25	ウ	4	26	オ
https://dl.ndl.go.jp/pid/1209871/1/28	箋注	和名類聚抄	見開き	4	26	ウ	4	27	オ
https://dl.ndl.go.jp/pid/1209871/1/29	箋注	和名類聚抄	見開き	4	27	ウ	4	28	オ
https://dl.ndl.go.jp/pid/1209871/1/30	箋注	和名類聚抄	見開き	4	28	ウ	4	29	オ
https://dl.ndl.go.jp/pid/1209871/1/31	箋注	和名類聚抄	見開き	4	29	ウ	4	30	オ
https://dl.ndl.go.jp/pid/1209871/1/32	箋注	和名類聚抄	見開き	4	30	ウ	4	31	オ
https://dl.ndl.go.jp/pid/1209871/1/33	箋注	和名類聚抄	見開き	4	31	ウ	4	32	オ
https://dl.ndl.go.jp/pid/1209871/1/34	箋注	和名類聚抄	見開き	4	32	ウ	4	33	オ
https://dl.ndl.go.jp/pid/1209871/1/35	箋注	和名類聚抄	見開き	4	33	ウ	4	34	オ
https://dl.ndl.go.jp/pid/1209871/1/36	箋注	和名類聚抄	見開き	4	34	ウ	4	35	オ
https://dl.ndl.go.jp/pid/1209871/1/37	箋注	和名類聚抄	見開き	4	35	ウ	4	36	オ
https://dl.ndl.go.jp/pid/1209871/1/38	箋注	和名類聚抄	見開き	4	36	ウ	4	37	オ
https://dl.ndl.go.jp/pid/1209871/1/39	箋注	和名類聚抄	見開き	4	37	ウ	4	38	オ
https://dl.ndl.go.jp/pid/1209871/1/40	箋注	和名類聚抄	見開き	4	38	ウ	4	39	オ
https://dl.ndl.go.jp/pid/1209871/1/41	箋注	和名類聚抄	見開き	4	39	ウ	4	40	オ
https://dl.ndl.go.jp/pid/1209871/1/42	箋注	和名類聚抄	見開き	4	40	ウ	4	41	オ
https://dl.ndl.go.jp/pid/1209871/1/43	箋注	和名類聚抄	見開き	4	41	ウ	4	42	オ
https://dl.ndl.go.jp/pid/1209871/1/44	箋注	和名類聚抄	見開き	4	42	ウ	4	43	オ
https://dl.ndl.go.jp/pid/1209871/1/45	箋注	和名類聚抄	見開き	4	43	ウ	4	44	オ
https://dl.ndl.go.jp/pid/1209871/1/46	箋注	和名類聚抄	見開き	4	44	ウ	4	45	オ
https://dl.ndl.go.jp/pid/1209871/1/47	箋注	和名類聚抄	見開き	4	45	ウ	4	46	オ
https://dl.ndl.go.jp/pid/1209871/1/48	箋注	和名類聚抄	見開き	4	46	ウ	4	47	オ
https://dl.ndl.go.jp/pid/1209871/1/49	箋注	和名類聚抄	見開き	4	47	ウ	4	48	オ
https://dl.ndl.go.jp/pid/1209871/1/50	箋注	和名類聚抄	見開き	4	48	ウ	4	49	オ
https://dl.ndl.go.jp/pid/1209871/1/51	箋注	和名類聚抄	見開き	4	49	ウ	4	50	オ
https://dl.ndl.go.jp/pid/1209871/1/52	箋注	和名類聚抄	見開き	4	50	ウ	4	51	オ
https://dl.ndl.go.jp/pid/1209871/1/53	箋注	和名類聚抄	見開き	4	51	ウ	4	52	オ
https://dl.ndl.go.jp/pid/1209871/1/54	箋注	和名類聚抄	見開き	4	52	ウ	4	53	オ
https://dl.ndl.go.jp/pid/1209871/1/55	箋注	和名類聚抄	見開き	4	53	ウ	4	54	オ
https://dl.ndl.go.jp/pid/1209871/1/56	箋注	和名類聚抄	見開き	4	54	ウ	4	55	オ
https://dl.ndl.go.jp/pid/1209871/1/57	箋注	和名類聚抄	見開き	4	55	ウ	4	56	オ
https://dl.ndl.go.jp/pid/1209871/1/58	箋注	和名類聚抄	見開き	4	56	ウ	4	57	オ
https://dl.ndl.go.jp/pid/1209871/1/59	箋注	和名類聚抄	見開き	4	57	ウ	4	58	オ
https://dl.ndl.go.jp/pid/1209871/1/60	箋注	和名類聚抄	見開き	4	58	ウ	4	59	オ
https://dl.ndl.go.jp/pid/1209871/1/61	箋注	和名類聚抄	見開き	4	59	ウ	4	60	オ
https://dl.ndl.go.jp/pid/1209871/1/62	箋注	和名類聚抄	見開き	4	60	ウ	4	61	オ
https://dl.ndl.go.jp/pid/1209871/1/63	箋注	和名類聚抄	見開き	4	61	ウ	4	62	オ
https://dl.ndl.go.jp/pid/1209871/1/64	箋注	和名類聚抄	見開き	4	62	ウ	4	63	オ
https://dl.ndl.go.jp/pid/1209871/1/65	箋注	和名類聚抄	見開き	4	63	ウ	4	64	オ
https://dl.ndl.go.jp/pid/1209871/1/66	箋注	和名類聚抄	見開き	4	64	ウ	4	65	オ
https://dl.ndl.go.jp/pid/1209871/1/67	箋注	和名類聚抄	見開き	4	65	ウ	4	66	オ
https://dl.ndl.go.jp/pid/1209871/1/68	箋注	和名類聚抄	見開き	4	66	ウ	4	67	オ
https://dl.ndl.go.jp/pid/1209871/1/69	箋注	和名類聚抄	見開き	4	67	ウ	4	68	オ
https://dl.ndl.go.jp/pid/1209871/1/70	箋注	和名類聚抄	見開き	4	68	ウ	4	69	オ
https://dl.ndl.go.jp/pid/1209871/1/71	箋注	和名類聚抄	見開き	4	69	ウ	4	70	オ
https://dl.ndl.go.jp/pid/1209871/1/72	箋注	和名類聚抄	見開き	4	70	ウ	4	71	オ
https://dl.ndl.go.jp/pid/1209871/1/73	箋注	和名類聚抄	見開き	4	71	ウ	4	72	オ
https://dl.ndl.go.jp/pid/1209871/1/74	箋注	和名類聚抄	見開き	4	72	ウ	4	73	オ
https://dl.ndl.go.jp/pid/1209871/1/75	箋注	和名類聚抄	見開き	4	73	ウ	4	74	オ
https://dl.ndl.go.jp/pid/1209871/1/76	箋注	和名類聚抄	見開き	4	74	ウ	4	75	オ
https://dl.ndl.go.jp/pid/1209871/1/77	箋注	和名類聚抄	見開き	4	75	ウ	4	76	オ
https://dl.ndl.go.jp/pid/1209871/1/78	箋注	和名類聚抄	見開き	4	76	ウ	4	77	オ
https://dl.ndl.go.jp/pid/1209871/1/79	箋注	和名類聚抄	見開き	4	77	ウ	4	78	オ
https://dl.ndl.go.jp/pid/1209871/1/80	箋注	和名類聚抄	見開き	4	78	ウ	4	79	オ
https://dl.ndl.go.jp/pid/1209871/1/81	箋注	和名類聚抄	見開き	4	79	ウ	4	80	オ
https://dl.ndl.go.jp/pid/1209871/1/82	箋注	和名類聚抄	見開き	4	80	ウ	4	81	オ
https://dl.ndl.go.jp/pid/1209871/1/83	箋注	和名類聚抄	見開き	4	81	ウ	4	82	オ
https://dl.ndl.go.jp/pid/1209871/1/84	箋注	和名類聚抄	見開き	4	82	ウ	4	83	オ
https://dl.ndl.go.jp/pid/1209871/1/85	箋注	和名類聚抄	見開き	4	83	ウ	4	84	オ
https://dl.ndl.go.jp/pid/1209871/1/86	箋注	和名類聚抄	見開き	4	84	ウ	4	85	オ
https://dl.ndl.go.jp/pid/1209871/1/87	箋注	和名類聚抄	見開き	4	85	ウ	4	86	オ
https://dl.ndl.go.jp/pid/1209871/1/88	箋注	和名類聚抄	見開き	4	86	ウ	4	87	オ
https://dl.ndl.go.jp/pid/1209871/1/89	箋注	和名類聚抄	見開き	4	87	ウ	4	88	オ
https://dl.ndl.go.jp/pid/1209871/1/90	箋注	和名類聚抄	見開き	4	88	ウ	4	89	オ
https://dl.ndl.go.jp/pid/1209871/1/91	箋注	和名類聚抄	見開き	4	89	ウ	4	90	オ
https://dl.ndl.go.jp/pid/1209871/1/92	箋注	和名類聚抄	見開き	4	90	ウ	4	91	オ
https://dl.ndl.go.jp/pid/1209871/1/93	箋注	和名類聚抄	見開き	4	91	ウ	4	92	オ
https://dl.ndl.go.jp/pid/1209871/1/94	箋注	和名類聚抄	見開き	4	92	ウ	4	93	オ
https://dl.ndl.go.jp/pid/1209871/1/95	箋注	和名類聚抄	見開き	4	93	ウ	4	94	オ
https://dl.ndl.go.jp/pid/1209871/1/96	箋注	和名類聚抄	見開き	4	94	ウ	4	95	オ
https://dl.ndl.go.jp/pid/1209871/1/97	箋注	和名類聚抄	見開き	4	95	ウ	4	96	オ
https://dl.ndl.go.jp/pid/1209871/1/98	箋注	和名類聚抄	見開き	4	96	ウ	4	97	オ
https://dl.ndl.go.jp/pid/1209871/1/99	箋注	和名類聚抄	見開き	4	97	ウ	4	98	オ
https://dl.ndl.go.jp/pid/1209871/1/100	箋注	和名類聚抄	見開き	4	98	ウ	4	99	オ
https://dl.ndl.go.jp/pid/1209871/1/101	箋注	和名類聚抄	見開き	4	99	ウ	4	100	オ
https://dl.ndl.go.jp/pid/1209871/1/102	箋注	和名類聚抄	見開き	4	100	ウ	4	101	オ
https://dl.ndl.go.jp/pid/1209871/1/103	箋注	和名類聚抄	見開き	4	101	ウ	4	102	オ
https://dl.ndl.go.jp/pid/1209871/1/104	箋注	和名類聚抄	見開き	4	102	ウ	4	103	オ
https://dl.ndl.go.jp/pid/1209871/1/105	箋注	和名類聚抄	見開き	4	103	ウ	4	104	オ
https://dl.ndl.go.jp/pid/1209871/1/106	箋注	和名類聚抄	見開き	4	104	ウ	4	105	オ
https://dl.ndl.go.jp/pid/1209871/1/107	箋注	和名類聚抄	見開き	4	105	ウ	4	106	オ
https://dl.ndl.go.jp/pid/1209871/1/108	箋注	和名類聚抄	見開き	4	106	ウ	4	107	オ
https://dl.ndl.go.jp/pid/1209871/1/109	箋注	和名類聚抄	見開き	4	107	ウ	4	NA	NA
https://dl.ndl.go.jp/pid/1209871/1/110	箋注	和名類聚抄	見開き	4	NA	NA	4	NA	NA
https://dl.ndl.go.jp/pid/1209876/1/1	箋注	和名類聚抄	見開き	5	NA	NA	5	NA	NA
https://dl.ndl.go.jp/pid/1209876/1/2	箋注	和名類聚抄	見開き	5	NA	NA	5	1	オ
https://dl.ndl.go.jp/pid/1209876/1/3	箋注	和名類聚抄	見開き	5	1	ウ	5	2	オ
https://dl.ndl.go.jp/pid/1209876/1/4	箋注	和名類聚抄	見開き	5	2	ウ	5	3	オ
https://dl.ndl.go.jp/pid/1209876/1/5	箋注	和名類聚抄	見開き	5	3	ウ	5	4	オ
https://dl.ndl.go.jp/pid/1209876/1/6	箋注	和名類聚抄	見開き	5	4	ウ	5	5	オ
https://dl.ndl.go.jp/pid/1209876/1/7	箋注	和名類聚抄	見開き	5	5	ウ	5	6	オ
https://dl.ndl.go.jp/pid/1209876/1/8	箋注	和名類聚抄	見開き	5	6	ウ	5	7	オ
https://dl.ndl.go.jp/pid/1209876/1/9	箋注	和名類聚抄	見開き	5	7	ウ	5	8	オ
https://dl.ndl.go.jp/pid/1209876/1/10	箋注	和名類聚抄	見開き	5	8	ウ	5	9	オ
https://dl.ndl.go.jp/pid/1209876/1/11	箋注	和名類聚抄	見開き	5	9	ウ	5	10	オ
https://dl.ndl.go.jp/pid/1209876/1/12	箋注	和名類聚抄	見開き	5	10	ウ	5	11	オ
https://dl.ndl.go.jp/pid/1209876/1/13	箋注	和名類聚抄	見開き	5	11	ウ	5	12	オ
https://dl.ndl.go.jp/pid/1209876/1/14	箋注	和名類聚抄	見開き	5	12	ウ	5	13	オ
https://dl.ndl.go.jp/pid/1209876/1/15	箋注	和名類聚抄	見開き	5	13	ウ	5	14	オ
https://dl.ndl.go.jp/pid/1209876/1/16	箋注	和名類聚抄	見開き	5	14	ウ	5	15	オ
https://dl.ndl.go.jp/pid/1209876/1/17	箋注	和名類聚抄	見開き	5	15	ウ	5	16	オ
https://dl.ndl.go.jp/pid/1209876/1/18	箋注	和名類聚抄	見開き	5	16	ウ	5	17	オ
https://dl.ndl.go.jp/pid/1209876/1/19	箋注	和名類聚抄	見開き	5	17	ウ	5	18	オ
https://dl.ndl.go.jp/pid/1209876/1/20	箋注	和名類聚抄	見開き	5	18	ウ	5	19	オ
https://dl.ndl.go.jp/pid/1209876/1/21	箋注	和名類聚抄	見開き	5	19	ウ	5	20	オ
https://dl.ndl.go.jp/pid/1209876/1/22	箋注	和名類聚抄	見開き	5	20	ウ	5	21	オ
https://dl.ndl.go.jp/pid/1209876/1/23	箋注	和名類聚抄	見開き	5	21	ウ	5	22	オ
https://dl.ndl.go.jp/pid/1209876/1/24	箋注	和名類聚抄	見開き	5	22	ウ	5	23	オ
https://dl.ndl.go.jp/pid/1209876/1/25	箋注	和名類聚抄	見開き	5	23	ウ	5	24	オ
https://dl.ndl.go.jp/pid/1209876/1/26	箋注	和名類聚抄	見開き	5	24	ウ	5	25	オ
https://dl.ndl.go.jp/pid/1209876/1/27	箋注	和名類聚抄	見開き	5	25	ウ	5	26	オ
https://dl.ndl.go.jp/pid/1209876/1/28	箋注	和名類聚抄	見開き	5	26	ウ	5	27	オ
https://dl.ndl.go.jp/pid/1209876/1/29	箋注	和名類聚抄	見開き	5	27	ウ	5	28	オ
https://dl.ndl.go.jp/pid/1209876/1/30	箋注	和名類聚抄	見開き	5	28	ウ	5	29	オ
https://dl.ndl.go.jp/pid/1209876/1/31	箋注	和名類聚抄	見開き	5	29	ウ	5	30	オ
https://dl.ndl.go.jp/pid/1209876/1/32	箋注	和名類聚抄	見開き	5	30	ウ	5	31	オ
https://dl.ndl.go.jp/pid/1209876/1/33	箋注	和名類聚抄	見開き	5	31	ウ	5	32	オ
https://dl.ndl.go.jp/pid/1209876/1/34	箋注	和名類聚抄	見開き	5	32	ウ	5	33	オ
https://dl.ndl.go.jp/pid/1209876/1/35	箋注	和名類聚抄	見開き	5	33	ウ	5	34	オ
https://dl.ndl.go.jp/pid/1209876/1/36	箋注	和名類聚抄	見開き	5	34	ウ	5	35	オ
https://dl.ndl.go.jp/pid/1209876/1/37	箋注	和名類聚抄	見開き	5	35	ウ	5	36	オ
https://dl.ndl.go.jp/pid/1209876/1/38	箋注	和名類聚抄	見開き	5	36	ウ	5	37	オ
https://dl.ndl.go.jp/pid/1209876/1/39	箋注	和名類聚抄	見開き	5	37	ウ	5	38	オ
https://dl.ndl.go.jp/pid/1209876/1/40	箋注	和名類聚抄	見開き	5	38	ウ	5	39	オ
https://dl.ndl.go.jp/pid/1209876/1/41	箋注	和名類聚抄	見開き	5	39	ウ	5	40	オ
https://dl.ndl.go.jp/pid/1209876/1/42	箋注	和名類聚抄	見開き	5	40	ウ	5	41	オ
https://dl.ndl.go.jp/pid/1209876/1/43	箋注	和名類聚抄	見開き	5	41	ウ	5	42	オ
https://dl.ndl.go.jp/pid/1209876/1/44	箋注	和名類聚抄	見開き	5	42	ウ	5	43	オ
https://dl.ndl.go.jp/pid/1209876/1/45	箋注	和名類聚抄	見開き	5	43	ウ	5	44	オ
https://dl.ndl.go.jp/pid/1209876/1/46	箋注	和名類聚抄	見開き	5	44	ウ	5	45	オ
https://dl.ndl.go.jp/pid/1209876/1/47	箋注	和名類聚抄	見開き	5	45	ウ	5	46	オ
https://dl.ndl.go.jp/pid/1209876/1/48	箋注	和名類聚抄	見開き	5	46	ウ	5	47	オ
https://dl.ndl.go.jp/pid/1209876/1/49	箋注	和名類聚抄	見開き	5	47	ウ	5	48	オ
https://dl.ndl.go.jp/pid/1209876/1/50	箋注	和名類聚抄	見開き	5	48	ウ	5	49	オ
https://dl.ndl.go.jp/pid/1209876/1/51	箋注	和名類聚抄	見開き	5	49	ウ	5	50	オ
https://dl.ndl.go.jp/pid/1209876/1/52	箋注	和名類聚抄	見開き	5	50	ウ	5	51	オ
https://dl.ndl.go.jp/pid/1209876/1/53	箋注	和名類聚抄	見開き	5	51	ウ	5	52	オ
https://dl.ndl.go.jp/pid/1209876/1/54	箋注	和名類聚抄	見開き	5	52	ウ	5	53	オ
https://dl.ndl.go.jp/pid/1209876/1/55	箋注	和名類聚抄	見開き	5	53	ウ	5	54	オ
https://dl.ndl.go.jp/pid/1209876/1/56	箋注	和名類聚抄	見開き	5	54	ウ	5	55	オ
https://dl.ndl.go.jp/pid/1209876/1/57	箋注	和名類聚抄	見開き	5	55	ウ	5	56	オ
https://dl.ndl.go.jp/pid/1209876/1/58	箋注	和名類聚抄	見開き	5	56	ウ	5	57	オ
https://dl.ndl.go.jp/pid/1209876/1/59	箋注	和名類聚抄	見開き	5	57	ウ	5	58	オ
https://dl.ndl.go.jp/pid/1209876/1/60	箋注	和名類聚抄	見開き	5	58	ウ	5	59	オ
https://dl.ndl.go.jp/pid/1209876/1/61	箋注	和名類聚抄	見開き	5	59	ウ	5	60	オ
https://dl.ndl.go.jp/pid/1209876/1/62	箋注	和名類聚抄	見開き	5	60	ウ	5	61	オ
https://dl.ndl.go.jp/pid/1209876/1/63	箋注	和名類聚抄	見開き	5	61	ウ	5	62	オ
https://dl.ndl.go.jp/pid/1209876/1/64	箋注	和名類聚抄	見開き	5	62	ウ	5	63	オ
https://dl.ndl.go.jp/pid/1209876/1/65	箋注	和名類聚抄	見開き	5	63	ウ	5	64	オ
https://dl.ndl.go.jp/pid/1209876/1/66	箋注	和名類聚抄	見開き	5	64	ウ	5	65	オ
https://dl.ndl.go.jp/pid/1209876/1/67	箋注	和名類聚抄	見開き	5	65	ウ	5	66	オ
https://dl.ndl.go.jp/pid/1209876/1/68	箋注	和名類聚抄	見開き	5	66	ウ	5	67	オ
https://dl.ndl.go.jp/pid/1209876/1/69	箋注	和名類聚抄	見開き	5	67	ウ	5	68	オ
https://dl.ndl.go.jp/pid/1209876/1/70	箋注	和名類聚抄	見開き	5	68	ウ	5	69	オ
https://dl.ndl.go.jp/pid/1209876/1/71	箋注	和名類聚抄	見開き	5	69	ウ	5	70	オ
https://dl.ndl.go.jp/pid/1209876/1/72	箋注	和名類聚抄	見開き	5	70	ウ	5	71	オ
https://dl.ndl.go.jp/pid/1209876/1/73	箋注	和名類聚抄	見開き	5	71	ウ	5	72	オ
https://dl.ndl.go.jp/pid/1209876/1/74	箋注	和名類聚抄	見開き	5	72	ウ	5	73	オ
https://dl.ndl.go.jp/pid/1209876/1/75	箋注	和名類聚抄	見開き	5	73	ウ	5	74	オ
https://dl.ndl.go.jp/pid/1209876/1/76	箋注	和名類聚抄	見開き	5	74	ウ	5	75	オ
https://dl.ndl.go.jp/pid/1209876/1/77	箋注	和名類聚抄	見開き	5	75	ウ	5	76	オ
https://dl.ndl.go.jp/pid/1209876/1/78	箋注	和名類聚抄	見開き	5	76	ウ	5	77	オ
https://dl.ndl.go.jp/pid/1209876/1/79	箋注	和名類聚抄	見開き	5	77	ウ	5	78	オ
https://dl.ndl.go.jp/pid/1209876/1/80	箋注	和名類聚抄	見開き	5	78	ウ	5	79	オ
https://dl.ndl.go.jp/pid/1209876/1/81	箋注	和名類聚抄	見開き	5	79	ウ	5	80	オ
https://dl.ndl.go.jp/pid/1209876/1/82	箋注	和名類聚抄	見開き	5	80	ウ	5	81	オ
https://dl.ndl.go.jp/pid/1209876/1/83	箋注	和名類聚抄	見開き	5	81	ウ	5	82	オ
https://dl.ndl.go.jp/pid/1209876/1/84	箋注	和名類聚抄	見開き	5	82	ウ	5	83	オ
https://dl.ndl.go.jp/pid/1209876/1/85	箋注	和名類聚抄	見開き	5	83	ウ	5	84	オ
https://dl.ndl.go.jp/pid/1209876/1/86	箋注	和名類聚抄	見開き	5	84	ウ	5	85	オ
https://dl.ndl.go.jp/pid/1209876/1/87	箋注	和名類聚抄	見開き	5	85	ウ	5	86	オ
https://dl.ndl.go.jp/pid/1209876/1/88	箋注	和名類聚抄	見開き	5	86	ウ	5	87	オ
https://dl.ndl.go.jp/pid/1209876/1/89	箋注	和名類聚抄	見開き	5	87	ウ	5	88	オ
https://dl.ndl.go.jp/pid/1209876/1/90	箋注	和名類聚抄	見開き	5	88	ウ	5	89	オ
https://dl.ndl.go.jp/pid/1209876/1/91	箋注	和名類聚抄	見開き	5	89	ウ	5	90	オ
https://dl.ndl.go.jp/pid/1209876/1/92	箋注	和名類聚抄	見開き	5	90	ウ	5	91	オ
https://dl.ndl.go.jp/pid/1209876/1/93	箋注	和名類聚抄	見開き	5	91	ウ	5	92	オ
https://dl.ndl.go.jp/pid/1209876/1/94	箋注	和名類聚抄	見開き	5	92	ウ	5	93	オ
https://dl.ndl.go.jp/pid/1209876/1/95	箋注	和名類聚抄	見開き	5	93	ウ	5	94	オ
https://dl.ndl.go.jp/pid/1209876/1/96	箋注	和名類聚抄	見開き	5	94	ウ	5	95	オ
https://dl.ndl.go.jp/pid/1209876/1/97	箋注	和名類聚抄	見開き	5	95	ウ	5	96	オ
https://dl.ndl.go.jp/pid/1209876/1/98	箋注	和名類聚抄	見開き	5	96	ウ	5	97	オ
https://dl.ndl.go.jp/pid/1209876/1/99	箋注	和名類聚抄	見開き	5	97	ウ	5	NA	NA
https://dl.ndl.go.jp/pid/1209876/1/100	箋注	和名類聚抄	見開き	5	NA	NA	5	NA	NA
https://dl.ndl.go.jp/pid/1209884/1/1	箋注	和名類聚抄	見開き	6	NA	NA	6	NA	NA
https://dl.ndl.go.jp/pid/1209884/1/2	箋注	和名類聚抄	見開き	6	NA	NA	6	1	オ
https://dl.ndl.go.jp/pid/1209884/1/3	箋注	和名類聚抄	見開き	6	1	ウ	6	2	オ
https://dl.ndl.go.jp/pid/1209884/1/4	箋注	和名類聚抄	見開き	6	2	ウ	6	3	オ
https://dl.ndl.go.jp/pid/1209884/1/5	箋注	和名類聚抄	見開き	6	3	ウ	6	4	オ
https://dl.ndl.go.jp/pid/1209884/1/6	箋注	和名類聚抄	見開き	6	4	ウ	6	5	オ
https://dl.ndl.go.jp/pid/1209884/1/7	箋注	和名類聚抄	見開き	6	5	ウ	6	6	オ
https://dl.ndl.go.jp/pid/1209884/1/8	箋注	和名類聚抄	見開き	6	6	ウ	6	7	オ
https://dl.ndl.go.jp/pid/1209884/1/9	箋注	和名類聚抄	見開き	6	7	ウ	6	8	オ
https://dl.ndl.go.jp/pid/1209884/1/10	箋注	和名類聚抄	見開き	6	8	ウ	6	9	オ
https://dl.ndl.go.jp/pid/1209884/1/11	箋注	和名類聚抄	見開き	6	9	ウ	6	10	オ
https://dl.ndl.go.jp/pid/1209884/1/12	箋注	和名類聚抄	見開き	6	10	ウ	6	11	オ
https://dl.ndl.go.jp/pid/1209884/1/13	箋注	和名類聚抄	見開き	6	11	ウ	6	12	オ
https://dl.ndl.go.jp/pid/1209884/1/14	箋注	和名類聚抄	見開き	6	12	ウ	6	13	オ
https://dl.ndl.go.jp/pid/1209884/1/15	箋注	和名類聚抄	見開き	6	13	ウ	6	14	オ
https://dl.ndl.go.jp/pid/1209884/1/16	箋注	和名類聚抄	見開き	6	14	ウ	6	15	オ
https://dl.ndl.go.jp/pid/1209884/1/17	箋注	和名類聚抄	見開き	6	15	ウ	6	16	オ
https://dl.ndl.go.jp/pid/1209884/1/18	箋注	和名類聚抄	見開き	6	16	ウ	6	17	オ
https://dl.ndl.go.jp/pid/1209884/1/19	箋注	和名類聚抄	見開き	6	17	ウ	6	18	オ
https://dl.ndl.go.jp/pid/1209884/1/20	箋注	和名類聚抄	見開き	6	18	ウ	6	19	オ
https://dl.ndl.go.jp/pid/1209884/1/21	箋注	和名類聚抄	見開き	6	19	ウ	6	20	オ
https://dl.ndl.go.jp/pid/1209884/1/22	箋注	和名類聚抄	見開き	6	20	ウ	6	21	オ
https://dl.ndl.go.jp/pid/1209884/1/23	箋注	和名類聚抄	見開き	6	21	ウ	6	22	オ
https://dl.ndl.go.jp/pid/1209884/1/24	箋注	和名類聚抄	見開き	6	22	ウ	6	23	オ
https://dl.ndl.go.jp/pid/1209884/1/25	箋注	和名類聚抄	見開き	6	23	ウ	6	24	オ
https://dl.ndl.go.jp/pid/1209884/1/26	箋注	和名類聚抄	見開き	6	24	ウ	6	25	オ
https://dl.ndl.go.jp/pid/1209884/1/27	箋注	和名類聚抄	見開き	6	25	ウ	6	26	オ
https://dl.ndl.go.jp/pid/1209884/1/28	箋注	和名類聚抄	見開き	6	26	ウ	6	27	オ
https://dl.ndl.go.jp/pid/1209884/1/29	箋注	和名類聚抄	見開き	6	27	ウ	6	28	オ
https://dl.ndl.go.jp/pid/1209884/1/30	箋注	和名類聚抄	見開き	6	28	ウ	6	29	オ
https://dl.ndl.go.jp/pid/1209884/1/31	箋注	和名類聚抄	見開き	6	29	ウ	6	30	オ
https://dl.ndl.go.jp/pid/1209884/1/32	箋注	和名類聚抄	見開き	6	30	ウ	6	31	オ
https://dl.ndl.go.jp/pid/1209884/1/33	箋注	和名類聚抄	見開き	6	31	ウ	6	32	オ
https://dl.ndl.go.jp/pid/1209884/1/34	箋注	和名類聚抄	見開き	6	32	ウ	6	33	オ
https://dl.ndl.go.jp/pid/1209884/1/35	箋注	和名類聚抄	見開き	6	33	ウ	6	34	オ
https://dl.ndl.go.jp/pid/1209884/1/36	箋注	和名類聚抄	見開き	6	34	ウ	6	35	オ
https://dl.ndl.go.jp/pid/1209884/1/37	箋注	和名類聚抄	見開き	6	35	ウ	6	36	オ
https://dl.ndl.go.jp/pid/1209884/1/38	箋注	和名類聚抄	見開き	6	36	ウ	6	37	オ
https://dl.ndl.go.jp/pid/1209884/1/39	箋注	和名類聚抄	見開き	6	37	ウ	6	38	オ
https://dl.ndl.go.jp/pid/1209884/1/40	箋注	和名類聚抄	見開き	6	38	ウ	6	39	オ
https://dl.ndl.go.jp/pid/1209884/1/41	箋注	和名類聚抄	見開き	6	39	ウ	6	40	オ
https://dl.ndl.go.jp/pid/1209884/1/42	箋注	和名類聚抄	見開き	6	40	ウ	6	41	オ
https://dl.ndl.go.jp/pid/1209884/1/43	箋注	和名類聚抄	見開き	6	41	ウ	6	42	オ
https://dl.ndl.go.jp/pid/1209884/1/44	箋注	和名類聚抄	見開き	6	42	ウ	6	43	オ
https://dl.ndl.go.jp/pid/1209884/1/45	箋注	和名類聚抄	見開き	6	43	ウ	6	44	オ
https://dl.ndl.go.jp/pid/1209884/1/46	箋注	和名類聚抄	見開き	6	44	ウ	6	45	オ
https://dl.ndl.go.jp/pid/1209884/1/47	箋注	和名類聚抄	見開き	6	45	ウ	6	46	オ
https://dl.ndl.go.jp/pid/1209884/1/48	箋注	和名類聚抄	見開き	6	46	ウ	6	47	オ
https://dl.ndl.go.jp/pid/1209884/1/49	箋注	和名類聚抄	見開き	6	47	ウ	6	48	オ
https://dl.ndl.go.jp/pid/1209884/1/50	箋注	和名類聚抄	見開き	6	48	ウ	6	49	オ
https://dl.ndl.go.jp/pid/1209884/1/51	箋注	和名類聚抄	見開き	6	49	ウ	6	50	オ
https://dl.ndl.go.jp/pid/1209884/1/52	箋注	和名類聚抄	見開き	6	50	ウ	6	51	オ
https://dl.ndl.go.jp/pid/1209884/1/53	箋注	和名類聚抄	見開き	6	51	ウ	6	52	オ
https://dl.ndl.go.jp/pid/1209884/1/54	箋注	和名類聚抄	見開き	6	52	ウ	6	53	オ
https://dl.ndl.go.jp/pid/1209884/1/55	箋注	和名類聚抄	見開き	6	53	ウ	6	54	オ
https://dl.ndl.go.jp/pid/1209884/1/56	箋注	和名類聚抄	見開き	6	54	ウ	6	55	オ
https://dl.ndl.go.jp/pid/1209884/1/57	箋注	和名類聚抄	見開き	6	55	ウ	6	56	オ
https://dl.ndl.go.jp/pid/1209884/1/58	箋注	和名類聚抄	見開き	6	56	ウ	6	57	オ
https://dl.ndl.go.jp/pid/1209884/1/59	箋注	和名類聚抄	見開き	6	57	ウ	6	58	オ
https://dl.ndl.go.jp/pid/1209884/1/60	箋注	和名類聚抄	見開き	6	58	ウ	6	59	オ
https://dl.ndl.go.jp/pid/1209884/1/61	箋注	和名類聚抄	見開き	6	59	ウ	6	60	オ
https://dl.ndl.go.jp/pid/1209884/1/62	箋注	和名類聚抄	見開き	6	60	ウ	6	61	オ
https://dl.ndl.go.jp/pid/1209884/1/63	箋注	和名類聚抄	見開き	6	61	ウ	6	62	オ
https://dl.ndl.go.jp/pid/1209884/1/64	箋注	和名類聚抄	見開き	6	62	ウ	6	63	オ
https://dl.ndl.go.jp/pid/1209884/1/65	箋注	和名類聚抄	見開き	6	63	ウ	6	64	オ
https://dl.ndl.go.jp/pid/1209884/1/66	箋注	和名類聚抄	見開き	6	64	ウ	6	65	オ
https://dl.ndl.go.jp/pid/1209884/1/67	箋注	和名類聚抄	見開き	6	65	ウ	6	66	オ
https://dl.ndl.go.jp/pid/1209884/1/68	箋注	和名類聚抄	見開き	6	66	ウ	6	67	オ
https://dl.ndl.go.jp/pid/1209884/1/69	箋注	和名類聚抄	見開き	6	67	ウ	6	68	オ
https://dl.ndl.go.jp/pid/1209884/1/70	箋注	和名類聚抄	見開き	6	68	ウ	6	69	オ
https://dl.ndl.go.jp/pid/1209884/1/71	箋注	和名類聚抄	見開き	6	69	ウ	6	70	オ
https://dl.ndl.go.jp/pid/1209884/1/72	箋注	和名類聚抄	見開き	6	70	ウ	6	71	オ
https://dl.ndl.go.jp/pid/1209884/1/73	箋注	和名類聚抄	見開き	6	71	ウ	6	72	オ
https://dl.ndl.go.jp/pid/1209884/1/74	箋注	和名類聚抄	見開き	6	72	ウ	6	73	オ
https://dl.ndl.go.jp/pid/1209884/1/75	箋注	和名類聚抄	見開き	6	73	ウ	6	74	オ
https://dl.ndl.go.jp/pid/1209884/1/76	箋注	和名類聚抄	見開き	6	74	ウ	6	75	オ
https://dl.ndl.go.jp/pid/1209884/1/77	箋注	和名類聚抄	見開き	6	75	ウ	6	76	オ
https://dl.ndl.go.jp/pid/1209884/1/78	箋注	和名類聚抄	見開き	6	76	ウ	6	77	オ
https://dl.ndl.go.jp/pid/1209884/1/79	箋注	和名類聚抄	見開き	6	77	ウ	6	78	オ
https://dl.ndl.go.jp/pid/1209884/1/80	箋注	和名類聚抄	見開き	6	78	ウ	6	79	オ
https://dl.ndl.go.jp/pid/1209884/1/81	箋注	和名類聚抄	見開き	6	79	ウ	6	80	オ
https://dl.ndl.go.jp/pid/1209884/1/82	箋注	和名類聚抄	見開き	6	80	ウ	6	NA	NA
https://dl.ndl.go.jp/pid/1209884/1/83	箋注	和名類聚抄	見開き	6	NA	NA	6	NA	NA
https://dl.ndl.go.jp/pid/1209888/1/1	箋注	和名類聚抄	見開き	7	NA	NA	7	NA	NA
https://dl.ndl.go.jp/pid/1209888/1/2	箋注	和名類聚抄	見開き	7	NA	NA	7	1	オ
https://dl.ndl.go.jp/pid/1209888/1/3	箋注	和名類聚抄	見開き	7	1	ウ	7	2	オ
https://dl.ndl.go.jp/pid/1209888/1/4	箋注	和名類聚抄	見開き	7	2	ウ	7	3	オ
https://dl.ndl.go.jp/pid/1209888/1/5	箋注	和名類聚抄	見開き	7	3	ウ	7	4	オ
https://dl.ndl.go.jp/pid/1209888/1/6	箋注	和名類聚抄	見開き	7	4	ウ	7	5	オ
https://dl.ndl.go.jp/pid/1209888/1/7	箋注	和名類聚抄	見開き	7	5	ウ	7	6	オ
https://dl.ndl.go.jp/pid/1209888/1/8	箋注	和名類聚抄	見開き	7	6	ウ	7	7	オ
https://dl.ndl.go.jp/pid/1209888/1/9	箋注	和名類聚抄	見開き	7	7	ウ	7	8	オ
https://dl.ndl.go.jp/pid/1209888/1/10	箋注	和名類聚抄	見開き	7	8	ウ	7	9	オ
https://dl.ndl.go.jp/pid/1209888/1/11	箋注	和名類聚抄	見開き	7	9	ウ	7	10	オ
https://dl.ndl.go.jp/pid/1209888/1/12	箋注	和名類聚抄	見開き	7	10	ウ	7	11	オ
https://dl.ndl.go.jp/pid/1209888/1/13	箋注	和名類聚抄	見開き	7	11	ウ	7	12	オ
https://dl.ndl.go.jp/pid/1209888/1/14	箋注	和名類聚抄	見開き	7	12	ウ	7	13	オ
https://dl.ndl.go.jp/pid/1209888/1/15	箋注	和名類聚抄	見開き	7	13	ウ	7	14	オ
https://dl.ndl.go.jp/pid/1209888/1/16	箋注	和名類聚抄	見開き	7	14	ウ	7	15	オ
https://dl.ndl.go.jp/pid/1209888/1/17	箋注	和名類聚抄	見開き	7	15	ウ	7	16	オ
https://dl.ndl.go.jp/pid/1209888/1/18	箋注	和名類聚抄	見開き	7	16	ウ	7	17	オ
https://dl.ndl.go.jp/pid/1209888/1/19	箋注	和名類聚抄	見開き	7	17	ウ	7	18	オ
https://dl.ndl.go.jp/pid/1209888/1/20	箋注	和名類聚抄	見開き	7	18	ウ	7	19	オ
https://dl.ndl.go.jp/pid/1209888/1/21	箋注	和名類聚抄	見開き	7	19	ウ	7	20	オ
https://dl.ndl.go.jp/pid/1209888/1/22	箋注	和名類聚抄	見開き	7	20	ウ	7	21	オ
https://dl.ndl.go.jp/pid/1209888/1/23	箋注	和名類聚抄	見開き	7	21	ウ	7	22	オ
https://dl.ndl.go.jp/pid/1209888/1/24	箋注	和名類聚抄	見開き	7	22	ウ	7	23	オ
https://dl.ndl.go.jp/pid/1209888/1/25	箋注	和名類聚抄	見開き	7	23	ウ	7	24	オ
https://dl.ndl.go.jp/pid/1209888/1/26	箋注	和名類聚抄	見開き	7	24	ウ	7	25	オ
https://dl.ndl.go.jp/pid/1209888/1/27	箋注	和名類聚抄	見開き	7	25	ウ	7	26	オ
https://dl.ndl.go.jp/pid/1209888/1/28	箋注	和名類聚抄	見開き	7	26	ウ	7	27	オ
https://dl.ndl.go.jp/pid/1209888/1/29	箋注	和名類聚抄	見開き	7	27	ウ	7	28	オ
https://dl.ndl.go.jp/pid/1209888/1/30	箋注	和名類聚抄	見開き	7	28	ウ	7	29	オ
https://dl.ndl.go.jp/pid/1209888/1/31	箋注	和名類聚抄	見開き	7	29	ウ	7	30	オ
https://dl.ndl.go.jp/pid/1209888/1/32	箋注	和名類聚抄	見開き	7	30	ウ	7	31	オ
https://dl.ndl.go.jp/pid/1209888/1/33	箋注	和名類聚抄	見開き	7	31	ウ	7	32	オ
https://dl.ndl.go.jp/pid/1209888/1/34	箋注	和名類聚抄	見開き	7	32	ウ	7	33	オ
https://dl.ndl.go.jp/pid/1209888/1/35	箋注	和名類聚抄	見開き	7	33	ウ	7	34	オ
https://dl.ndl.go.jp/pid/1209888/1/36	箋注	和名類聚抄	見開き	7	34	ウ	7	35	オ
https://dl.ndl.go.jp/pid/1209888/1/37	箋注	和名類聚抄	見開き	7	35	ウ	7	36	オ
https://dl.ndl.go.jp/pid/1209888/1/38	箋注	和名類聚抄	見開き	7	36	ウ	7	37	オ
https://dl.ndl.go.jp/pid/1209888/1/39	箋注	和名類聚抄	見開き	7	37	ウ	7	38	オ
https://dl.ndl.go.jp/pid/1209888/1/40	箋注	和名類聚抄	見開き	7	38	ウ	7	39	オ
https://dl.ndl.go.jp/pid/1209888/1/41	箋注	和名類聚抄	見開き	7	39	ウ	7	40	オ
https://dl.ndl.go.jp/pid/1209888/1/42	箋注	和名類聚抄	見開き	7	40	ウ	7	41	オ
https://dl.ndl.go.jp/pid/1209888/1/43	箋注	和名類聚抄	見開き	7	41	ウ	7	42	オ
https://dl.ndl.go.jp/pid/1209888/1/44	箋注	和名類聚抄	見開き	7	42	ウ	7	43	オ
https://dl.ndl.go.jp/pid/1209888/1/45	箋注	和名類聚抄	見開き	7	43	ウ	7	44	オ
https://dl.ndl.go.jp/pid/1209888/1/46	箋注	和名類聚抄	見開き	7	44	ウ	7	45	オ
https://dl.ndl.go.jp/pid/1209888/1/47	箋注	和名類聚抄	見開き	7	45	ウ	7	46	オ
https://dl.ndl.go.jp/pid/1209888/1/48	箋注	和名類聚抄	見開き	7	46	ウ	7	47	オ
https://dl.ndl.go.jp/pid/1209888/1/49	箋注	和名類聚抄	見開き	7	47	ウ	7	48	オ
https://dl.ndl.go.jp/pid/1209888/1/50	箋注	和名類聚抄	見開き	7	48	ウ	7	49	オ
https://dl.ndl.go.jp/pid/1209888/1/51	箋注	和名類聚抄	見開き	7	49	ウ	7	50	オ
https://dl.ndl.go.jp/pid/1209888/1/52	箋注	和名類聚抄	見開き	7	50	ウ	7	51	オ
https://dl.ndl.go.jp/pid/1209888/1/53	箋注	和名類聚抄	見開き	7	51	ウ	7	52	オ
https://dl.ndl.go.jp/pid/1209888/1/54	箋注	和名類聚抄	見開き	7	52	ウ	7	53	オ
https://dl.ndl.go.jp/pid/1209888/1/55	箋注	和名類聚抄	見開き	7	53	ウ	7	54	オ
https://dl.ndl.go.jp/pid/1209888/1/56	箋注	和名類聚抄	見開き	7	54	ウ	7	55	オ
https://dl.ndl.go.jp/pid/1209888/1/57	箋注	和名類聚抄	見開き	7	55	ウ	7	56	オ
https://dl.ndl.go.jp/pid/1209888/1/58	箋注	和名類聚抄	見開き	7	56	ウ	7	57	オ
https://dl.ndl.go.jp/pid/1209888/1/59	箋注	和名類聚抄	見開き	7	57	ウ	7	58	オ
https://dl.ndl.go.jp/pid/1209888/1/60	箋注	和名類聚抄	見開き	7	58	ウ	7	59	オ
https://dl.ndl.go.jp/pid/1209888/1/61	箋注	和名類聚抄	見開き	7	59	ウ	7	60	オ
https://dl.ndl.go.jp/pid/1209888/1/62	箋注	和名類聚抄	見開き	7	60	ウ	7	61	オ
https://dl.ndl.go.jp/pid/1209888/1/63	箋注	和名類聚抄	見開き	7	61	ウ	7	62	オ
https://dl.ndl.go.jp/pid/1209888/1/64	箋注	和名類聚抄	見開き	7	62	ウ	7	63	オ
https://dl.ndl.go.jp/pid/1209888/1/65	箋注	和名類聚抄	見開き	7	63	ウ	7	64	オ
https://dl.ndl.go.jp/pid/1209888/1/66	箋注	和名類聚抄	見開き	7	64	ウ	7	65	オ
https://dl.ndl.go.jp/pid/1209888/1/67	箋注	和名類聚抄	見開き	7	65	ウ	7	66	オ
https://dl.ndl.go.jp/pid/1209888/1/68	箋注	和名類聚抄	見開き	7	66	ウ	7	67	オ
https://dl.ndl.go.jp/pid/1209888/1/69	箋注	和名類聚抄	見開き	7	67	ウ	7	68	オ
https://dl.ndl.go.jp/pid/1209888/1/70	箋注	和名類聚抄	見開き	7	68	ウ	7	69	オ
https://dl.ndl.go.jp/pid/1209888/1/71	箋注	和名類聚抄	見開き	7	69	ウ	7	70	オ
https://dl.ndl.go.jp/pid/1209888/1/72	箋注	和名類聚抄	見開き	7	70	ウ	7	71	オ
https://dl.ndl.go.jp/pid/1209888/1/73	箋注	和名類聚抄	見開き	7	71	ウ	7	72	オ
https://dl.ndl.go.jp/pid/1209888/1/74	箋注	和名類聚抄	見開き	7	72	ウ	7	73	オ
https://dl.ndl.go.jp/pid/1209888/1/75	箋注	和名類聚抄	見開き	7	73	ウ	7	74	オ
https://dl.ndl.go.jp/pid/1209888/1/76	箋注	和名類聚抄	見開き	7	74	ウ	7	75	オ
https://dl.ndl.go.jp/pid/1209888/1/77	箋注	和名類聚抄	見開き	7	75	ウ	7	76	オ
https://dl.ndl.go.jp/pid/1209888/1/78	箋注	和名類聚抄	見開き	7	76	ウ	7	77	オ
https://dl.ndl.go.jp/pid/1209888/1/79	箋注	和名類聚抄	見開き	7	77	ウ	7	78	オ
https://dl.ndl.go.jp/pid/1209888/1/80	箋注	和名類聚抄	見開き	7	78	ウ	7	79	オ
https://dl.ndl.go.jp/pid/1209888/1/81	箋注	和名類聚抄	見開き	7	79	ウ	7	80	オ
https://dl.ndl.go.jp/pid/1209888/1/82	箋注	和名類聚抄	見開き	7	80	ウ	7	81	オ
https://dl.ndl.go.jp/pid/1209888/1/83	箋注	和名類聚抄	見開き	7	81	ウ	7	82	オ
https://dl.ndl.go.jp/pid/1209888/1/84	箋注	和名類聚抄	見開き	7	82	ウ	7	83	オ
https://dl.ndl.go.jp/pid/1209888/1/85	箋注	和名類聚抄	見開き	7	83	ウ	7	84	オ
https://dl.ndl.go.jp/pid/1209888/1/86	箋注	和名類聚抄	見開き	7	84	ウ	7	85	オ
https://dl.ndl.go.jp/pid/1209888/1/87	箋注	和名類聚抄	見開き	7	85	ウ	7	86	オ
https://dl.ndl.go.jp/pid/1209888/1/88	箋注	和名類聚抄	見開き	7	86	ウ	7	87	オ
https://dl.ndl.go.jp/pid/1209888/1/89	箋注	和名類聚抄	見開き	7	87	ウ	7	88	オ
https://dl.ndl.go.jp/pid/1209888/1/90	箋注	和名類聚抄	見開き	7	88	ウ	7	89	オ
https://dl.ndl.go.jp/pid/1209888/1/91	箋注	和名類聚抄	見開き	7	89	ウ	7	90	オ
https://dl.ndl.go.jp/pid/1209888/1/92	箋注	和名類聚抄	見開き	7	90	ウ	7	NA	NA
https://dl.ndl.go.jp/pid/1209888/1/93	箋注	和名類聚抄	見開き	7	NA	NA	7	NA	NA
https://dl.ndl.go.jp/pid/1209895/1/1	箋注	和名類聚抄	見開き	8	NA	NA	8	NA	NA
https://dl.ndl.go.jp/pid/1209895/1/2	箋注	和名類聚抄	見開き	8	NA	NA	8	1	オ
https://dl.ndl.go.jp/pid/1209895/1/3	箋注	和名類聚抄	見開き	8	1	ウ	8	2	オ
https://dl.ndl.go.jp/pid/1209895/1/4	箋注	和名類聚抄	見開き	8	2	ウ	8	3	オ
https://dl.ndl.go.jp/pid/1209895/1/5	箋注	和名類聚抄	見開き	8	3	ウ	8	4	オ
https://dl.ndl.go.jp/pid/1209895/1/6	箋注	和名類聚抄	見開き	8	4	ウ	8	5	オ
https://dl.ndl.go.jp/pid/1209895/1/7	箋注	和名類聚抄	見開き	8	5	ウ	8	6	オ
https://dl.ndl.go.jp/pid/1209895/1/8	箋注	和名類聚抄	見開き	8	6	ウ	8	7	オ
https://dl.ndl.go.jp/pid/1209895/1/9	箋注	和名類聚抄	見開き	8	7	ウ	8	8	オ
https://dl.ndl.go.jp/pid/1209895/1/10	箋注	和名類聚抄	見開き	8	8	ウ	8	9	オ
https://dl.ndl.go.jp/pid/1209895/1/11	箋注	和名類聚抄	見開き	8	9	ウ	8	10	オ
https://dl.ndl.go.jp/pid/1209895/1/12	箋注	和名類聚抄	見開き	8	10	ウ	8	11	オ
https://dl.ndl.go.jp/pid/1209895/1/13	箋注	和名類聚抄	見開き	8	11	ウ	8	12	オ
https://dl.ndl.go.jp/pid/1209895/1/14	箋注	和名類聚抄	見開き	8	12	ウ	8	13	オ
https://dl.ndl.go.jp/pid/1209895/1/15	箋注	和名類聚抄	見開き	8	13	ウ	8	14	オ
https://dl.ndl.go.jp/pid/1209895/1/16	箋注	和名類聚抄	見開き	8	14	ウ	8	15	オ
https://dl.ndl.go.jp/pid/1209895/1/17	箋注	和名類聚抄	見開き	8	15	ウ	8	16	オ
https://dl.ndl.go.jp/pid/1209895/1/18	箋注	和名類聚抄	見開き	8	16	ウ	8	17	オ
https://dl.ndl.go.jp/pid/1209895/1/19	箋注	和名類聚抄	見開き	8	17	ウ	8	18	オ
https://dl.ndl.go.jp/pid/1209895/1/20	箋注	和名類聚抄	見開き	8	18	ウ	8	19	オ
https://dl.ndl.go.jp/pid/1209895/1/21	箋注	和名類聚抄	見開き	8	19	ウ	8	20	オ
https://dl.ndl.go.jp/pid/1209895/1/22	箋注	和名類聚抄	見開き	8	20	ウ	8	21	オ
https://dl.ndl.go.jp/pid/1209895/1/23	箋注	和名類聚抄	見開き	8	21	ウ	8	22	オ
https://dl.ndl.go.jp/pid/1209895/1/24	箋注	和名類聚抄	見開き	8	22	ウ	8	23	オ
https://dl.ndl.go.jp/pid/1209895/1/25	箋注	和名類聚抄	見開き	8	23	ウ	8	24	オ
https://dl.ndl.go.jp/pid/1209895/1/26	箋注	和名類聚抄	見開き	8	24	ウ	8	25	オ
https://dl.ndl.go.jp/pid/1209895/1/27	箋注	和名類聚抄	見開き	8	25	ウ	8	26	オ
https://dl.ndl.go.jp/pid/1209895/1/28	箋注	和名類聚抄	見開き	8	26	ウ	8	27	オ
https://dl.ndl.go.jp/pid/1209895/1/29	箋注	和名類聚抄	見開き	8	27	ウ	8	28	オ
https://dl.ndl.go.jp/pid/1209895/1/30	箋注	和名類聚抄	見開き	8	28	ウ	8	29	オ
https://dl.ndl.go.jp/pid/1209895/1/31	箋注	和名類聚抄	見開き	8	29	ウ	8	30	オ
https://dl.ndl.go.jp/pid/1209895/1/32	箋注	和名類聚抄	見開き	8	30	ウ	8	31	オ
https://dl.ndl.go.jp/pid/1209895/1/33	箋注	和名類聚抄	見開き	8	31	ウ	8	32	オ
https://dl.ndl.go.jp/pid/1209895/1/34	箋注	和名類聚抄	見開き	8	32	ウ	8	33	オ
https://dl.ndl.go.jp/pid/1209895/1/35	箋注	和名類聚抄	見開き	8	33	ウ	8	34	オ
https://dl.ndl.go.jp/pid/1209895/1/36	箋注	和名類聚抄	見開き	8	34	ウ	8	35	オ
https://dl.ndl.go.jp/pid/1209895/1/37	箋注	和名類聚抄	見開き	8	35	ウ	8	36	オ
https://dl.ndl.go.jp/pid/1209895/1/38	箋注	和名類聚抄	見開き	8	36	ウ	8	37	オ
https://dl.ndl.go.jp/pid/1209895/1/39	箋注	和名類聚抄	見開き	8	37	ウ	8	38	オ
https://dl.ndl.go.jp/pid/1209895/1/40	箋注	和名類聚抄	見開き	8	38	ウ	8	39	オ
https://dl.ndl.go.jp/pid/1209895/1/41	箋注	和名類聚抄	見開き	8	39	ウ	8	40	オ
https://dl.ndl.go.jp/pid/1209895/1/42	箋注	和名類聚抄	見開き	8	40	ウ	8	41	オ
https://dl.ndl.go.jp/pid/1209895/1/43	箋注	和名類聚抄	見開き	8	41	ウ	8	42	オ
https://dl.ndl.go.jp/pid/1209895/1/44	箋注	和名類聚抄	見開き	8	42	ウ	8	43	オ
https://dl.ndl.go.jp/pid/1209895/1/45	箋注	和名類聚抄	見開き	8	43	ウ	8	44	オ
https://dl.ndl.go.jp/pid/1209895/1/46	箋注	和名類聚抄	見開き	8	44	ウ	8	45	オ
https://dl.ndl.go.jp/pid/1209895/1/47	箋注	和名類聚抄	見開き	8	45	ウ	8	46	オ
https://dl.ndl.go.jp/pid/1209895/1/48	箋注	和名類聚抄	見開き	8	46	ウ	8	47	オ
https://dl.ndl.go.jp/pid/1209895/1/49	箋注	和名類聚抄	見開き	8	47	ウ	8	48	オ
https://dl.ndl.go.jp/pid/1209895/1/50	箋注	和名類聚抄	見開き	8	48	ウ	8	49	オ
https://dl.ndl.go.jp/pid/1209895/1/51	箋注	和名類聚抄	見開き	8	49	ウ	8	50	オ
https://dl.ndl.go.jp/pid/1209895/1/52	箋注	和名類聚抄	見開き	8	50	ウ	8	51	オ
https://dl.ndl.go.jp/pid/1209895/1/53	箋注	和名類聚抄	見開き	8	51	ウ	8	52	オ
https://dl.ndl.go.jp/pid/1209895/1/54	箋注	和名類聚抄	見開き	8	52	ウ	8	53	オ
https://dl.ndl.go.jp/pid/1209895/1/55	箋注	和名類聚抄	見開き	8	53	ウ	8	54	オ
https://dl.ndl.go.jp/pid/1209895/1/56	箋注	和名類聚抄	見開き	8	54	ウ	8	55	オ
https://dl.ndl.go.jp/pid/1209895/1/57	箋注	和名類聚抄	見開き	8	55	ウ	8	56	オ
https://dl.ndl.go.jp/pid/1209895/1/58	箋注	和名類聚抄	見開き	8	56	ウ	8	57	オ
https://dl.ndl.go.jp/pid/1209895/1/59	箋注	和名類聚抄	見開き	8	57	ウ	8	58	オ
https://dl.ndl.go.jp/pid/1209895/1/60	箋注	和名類聚抄	見開き	8	58	ウ	8	59	オ
https://dl.ndl.go.jp/pid/1209895/1/61	箋注	和名類聚抄	見開き	8	59	ウ	8	60	オ
https://dl.ndl.go.jp/pid/1209895/1/62	箋注	和名類聚抄	見開き	8	60	ウ	8	61	オ
https://dl.ndl.go.jp/pid/1209895/1/63	箋注	和名類聚抄	見開き	8	61	ウ	8	62	オ
https://dl.ndl.go.jp/pid/1209895/1/64	箋注	和名類聚抄	見開き	8	62	ウ	8	63	オ
https://dl.ndl.go.jp/pid/1209895/1/65	箋注	和名類聚抄	見開き	8	63	ウ	8	64	オ
https://dl.ndl.go.jp/pid/1209895/1/66	箋注	和名類聚抄	見開き	8	64	ウ	8	65	オ
https://dl.ndl.go.jp/pid/1209895/1/67	箋注	和名類聚抄	見開き	8	65	ウ	8	66	オ
https://dl.ndl.go.jp/pid/1209895/1/68	箋注	和名類聚抄	見開き	8	66	ウ	8	67	オ
https://dl.ndl.go.jp/pid/1209895/1/69	箋注	和名類聚抄	見開き	8	67	ウ	8	68	オ
https://dl.ndl.go.jp/pid/1209895/1/70	箋注	和名類聚抄	見開き	8	68	ウ	8	69	オ
https://dl.ndl.go.jp/pid/1209895/1/71	箋注	和名類聚抄	見開き	8	69	ウ	8	70	オ
https://dl.ndl.go.jp/pid/1209895/1/72	箋注	和名類聚抄	見開き	8	70	ウ	8	71	オ
https://dl.ndl.go.jp/pid/1209895/1/73	箋注	和名類聚抄	見開き	8	71	ウ	8	72	オ
https://dl.ndl.go.jp/pid/1209895/1/74	箋注	和名類聚抄	見開き	8	72	ウ	8	73	オ
https://dl.ndl.go.jp/pid/1209895/1/75	箋注	和名類聚抄	見開き	8	73	ウ	8	74	オ
https://dl.ndl.go.jp/pid/1209895/1/76	箋注	和名類聚抄	見開き	8	74	ウ	8	75	オ
https://dl.ndl.go.jp/pid/1209895/1/77	箋注	和名類聚抄	見開き	8	75	ウ	8	76	オ
https://dl.ndl.go.jp/pid/1209895/1/78	箋注	和名類聚抄	見開き	8	76	ウ	8	77	オ
https://dl.ndl.go.jp/pid/1209895/1/79	箋注	和名類聚抄	見開き	8	77	ウ	8	78	オ
https://dl.ndl.go.jp/pid/1209895/1/80	箋注	和名類聚抄	見開き	8	78	ウ	8	79	オ
https://dl.ndl.go.jp/pid/1209895/1/81	箋注	和名類聚抄	見開き	8	79	ウ	8	80	オ
https://dl.ndl.go.jp/pid/1209895/1/82	箋注	和名類聚抄	見開き	8	80	ウ	8	81	オ
https://dl.ndl.go.jp/pid/1209895/1/83	箋注	和名類聚抄	見開き	8	81	ウ	8	82	オ
https://dl.ndl.go.jp/pid/1209895/1/84	箋注	和名類聚抄	見開き	8	82	ウ	8	83	オ
https://dl.ndl.go.jp/pid/1209895/1/85	箋注	和名類聚抄	見開き	8	83	ウ	8	84	オ
https://dl.ndl.go.jp/pid/1209895/1/86	箋注	和名類聚抄	見開き	8	84	ウ	8	85	オ
https://dl.ndl.go.jp/pid/1209895/1/87	箋注	和名類聚抄	見開き	8	85	ウ	8	86	オ
https://dl.ndl.go.jp/pid/1209895/1/88	箋注	和名類聚抄	見開き	8	86	ウ	8	87	オ
https://dl.ndl.go.jp/pid/1209895/1/89	箋注	和名類聚抄	見開き	8	87	ウ	8	88	オ
https://dl.ndl.go.jp/pid/1209895/1/90	箋注	和名類聚抄	見開き	8	88	ウ	8	89	オ
https://dl.ndl.go.jp/pid/1209895/1/91	箋注	和名類聚抄	見開き	8	89	ウ	8	90	オ
https://dl.ndl.go.jp/pid/1209895/1/92	箋注	和名類聚抄	見開き	8	90	ウ	8	91	オ
https://dl.ndl.go.jp/pid/1209895/1/93	箋注	和名類聚抄	見開き	8	91	ウ	8	92	オ
https://dl.ndl.go.jp/pid/1209895/1/94	箋注	和名類聚抄	見開き	8	92	ウ	8	93	オ
https://dl.ndl.go.jp/pid/1209895/1/95	箋注	和名類聚抄	見開き	8	93	ウ	8	94	オ
https://dl.ndl.go.jp/pid/1209895/1/96	箋注	和名類聚抄	見開き	8	94	ウ	8	95	オ
https://dl.ndl.go.jp/pid/1209895/1/97	箋注	和名類聚抄	見開き	8	95	ウ	8	96	オ
https://dl.ndl.go.jp/pid/1209895/1/98	箋注	和名類聚抄	見開き	8	96	ウ	8	97	オ
https://dl.ndl.go.jp/pid/1209895/1/99	箋注	和名類聚抄	見開き	8	97	ウ	8	98	オ
https://dl.ndl.go.jp/pid/1209895/1/100	箋注	和名類聚抄	見開き	8	98	ウ	8	99	オ
https://dl.ndl.go.jp/pid/1209895/1/101	箋注	和名類聚抄	見開き	8	99	ウ	8	100	オ
https://dl.ndl.go.jp/pid/1209895/1/102	箋注	和名類聚抄	見開き	8	100	ウ	8	101	オ
https://dl.ndl.go.jp/pid/1209895/1/103	箋注	和名類聚抄	見開き	8	101	ウ	8	102	オ
https://dl.ndl.go.jp/pid/1209895/1/104	箋注	和名類聚抄	見開き	8	102	ウ	8	103	オ
https://dl.ndl.go.jp/pid/1209895/1/105	箋注	和名類聚抄	見開き	8	103	ウ	8	NA	NA
https://dl.ndl.go.jp/pid/1209895/1/106	箋注	和名類聚抄	見開き	8	NA	NA	8	NA	NA
https://dl.ndl.go.jp/pid/1209900/1/1	箋注	和名類聚抄	見開き	9	NA	NA	9	NA	NA
https://dl.ndl.go.jp/pid/1209900/1/2	箋注	和名類聚抄	見開き	9	NA	NA	9	1	オ
https://dl.ndl.go.jp/pid/1209900/1/3	箋注	和名類聚抄	見開き	9	1	ウ	9	2	オ
https://dl.ndl.go.jp/pid/1209900/1/4	箋注	和名類聚抄	見開き	9	2	ウ	9	3	オ
https://dl.ndl.go.jp/pid/1209900/1/5	箋注	和名類聚抄	見開き	9	3	ウ	9	4	オ
https://dl.ndl.go.jp/pid/1209900/1/6	箋注	和名類聚抄	見開き	9	4	ウ	9	5	オ
https://dl.ndl.go.jp/pid/1209900/1/7	箋注	和名類聚抄	見開き	9	5	ウ	9	6	オ
https://dl.ndl.go.jp/pid/1209900/1/8	箋注	和名類聚抄	見開き	9	6	ウ	9	7	オ
https://dl.ndl.go.jp/pid/1209900/1/9	箋注	和名類聚抄	見開き	9	7	ウ	9	8	オ
https://dl.ndl.go.jp/pid/1209900/1/10	箋注	和名類聚抄	見開き	9	8	ウ	9	9	オ
https://dl.ndl.go.jp/pid/1209900/1/11	箋注	和名類聚抄	見開き	9	9	ウ	9	10	オ
https://dl.ndl.go.jp/pid/1209900/1/12	箋注	和名類聚抄	見開き	9	10	ウ	9	11	オ
https://dl.ndl.go.jp/pid/1209900/1/13	箋注	和名類聚抄	見開き	9	11	ウ	9	12	オ
https://dl.ndl.go.jp/pid/1209900/1/14	箋注	和名類聚抄	見開き	9	12	ウ	9	13	オ
https://dl.ndl.go.jp/pid/1209900/1/15	箋注	和名類聚抄	見開き	9	13	ウ	9	14	オ
https://dl.ndl.go.jp/pid/1209900/1/16	箋注	和名類聚抄	見開き	9	14	ウ	9	15	オ
https://dl.ndl.go.jp/pid/1209900/1/17	箋注	和名類聚抄	見開き	9	15	ウ	9	16	オ
https://dl.ndl.go.jp/pid/1209900/1/18	箋注	和名類聚抄	見開き	9	16	ウ	9	17	オ
https://dl.ndl.go.jp/pid/1209900/1/19	箋注	和名類聚抄	見開き	9	17	ウ	9	18	オ
https://dl.ndl.go.jp/pid/1209900/1/20	箋注	和名類聚抄	見開き	9	18	ウ	9	19	オ
https://dl.ndl.go.jp/pid/1209900/1/21	箋注	和名類聚抄	見開き	9	19	ウ	9	20	オ
https://dl.ndl.go.jp/pid/1209900/1/22	箋注	和名類聚抄	見開き	9	20	ウ	9	21	オ
https://dl.ndl.go.jp/pid/1209900/1/23	箋注	和名類聚抄	見開き	9	21	ウ	9	22	オ
https://dl.ndl.go.jp/pid/1209900/1/24	箋注	和名類聚抄	見開き	9	22	ウ	9	23	オ
https://dl.ndl.go.jp/pid/1209900/1/25	箋注	和名類聚抄	見開き	9	23	ウ	9	24	オ
https://dl.ndl.go.jp/pid/1209900/1/26	箋注	和名類聚抄	見開き	9	24	ウ	9	25	オ
https://dl.ndl.go.jp/pid/1209900/1/27	箋注	和名類聚抄	見開き	9	25	ウ	9	26	オ
https://dl.ndl.go.jp/pid/1209900/1/28	箋注	和名類聚抄	見開き	9	26	ウ	9	27	オ
https://dl.ndl.go.jp/pid/1209900/1/29	箋注	和名類聚抄	見開き	9	27	ウ	9	28	オ
https://dl.ndl.go.jp/pid/1209900/1/30	箋注	和名類聚抄	見開き	9	28	ウ	9	29	オ
https://dl.ndl.go.jp/pid/1209900/1/31	箋注	和名類聚抄	見開き	9	29	ウ	9	30	オ
https://dl.ndl.go.jp/pid/1209900/1/32	箋注	和名類聚抄	見開き	9	30	ウ	9	31	オ
https://dl.ndl.go.jp/pid/1209900/1/33	箋注	和名類聚抄	見開き	9	31	ウ	9	32	オ
https://dl.ndl.go.jp/pid/1209900/1/34	箋注	和名類聚抄	見開き	9	32	ウ	9	33	オ
https://dl.ndl.go.jp/pid/1209900/1/35	箋注	和名類聚抄	見開き	9	33	ウ	9	34	オ
https://dl.ndl.go.jp/pid/1209900/1/36	箋注	和名類聚抄	見開き	9	34	ウ	9	35	オ
https://dl.ndl.go.jp/pid/1209900/1/37	箋注	和名類聚抄	見開き	9	35	ウ	9	36	オ
https://dl.ndl.go.jp/pid/1209900/1/38	箋注	和名類聚抄	見開き	9	36	ウ	9	37	オ
https://dl.ndl.go.jp/pid/1209900/1/39	箋注	和名類聚抄	見開き	9	37	ウ	9	38	オ
https://dl.ndl.go.jp/pid/1209900/1/40	箋注	和名類聚抄	見開き	9	38	ウ	9	39	オ
https://dl.ndl.go.jp/pid/1209900/1/41	箋注	和名類聚抄	見開き	9	39	ウ	9	40	オ
https://dl.ndl.go.jp/pid/1209900/1/42	箋注	和名類聚抄	見開き	9	40	ウ	9	41	オ
https://dl.ndl.go.jp/pid/1209900/1/43	箋注	和名類聚抄	見開き	9	41	ウ	9	42	オ
https://dl.ndl.go.jp/pid/1209900/1/44	箋注	和名類聚抄	見開き	9	42	ウ	9	43	オ
https://dl.ndl.go.jp/pid/1209900/1/45	箋注	和名類聚抄	見開き	9	43	ウ	9	44	オ
https://dl.ndl.go.jp/pid/1209900/1/46	箋注	和名類聚抄	見開き	9	44	ウ	9	45	オ
https://dl.ndl.go.jp/pid/1209900/1/47	箋注	和名類聚抄	見開き	9	45	ウ	9	46	オ
https://dl.ndl.go.jp/pid/1209900/1/48	箋注	和名類聚抄	見開き	9	46	ウ	9	47	オ
https://dl.ndl.go.jp/pid/1209900/1/49	箋注	和名類聚抄	見開き	9	47	ウ	9	48	オ
https://dl.ndl.go.jp/pid/1209900/1/50	箋注	和名類聚抄	見開き	9	48	ウ	9	49	オ
https://dl.ndl.go.jp/pid/1209900/1/51	箋注	和名類聚抄	見開き	9	49	ウ	9	50	オ
https://dl.ndl.go.jp/pid/1209900/1/52	箋注	和名類聚抄	見開き	9	50	ウ	9	51	オ
https://dl.ndl.go.jp/pid/1209900/1/53	箋注	和名類聚抄	見開き	9	51	ウ	9	52	オ
https://dl.ndl.go.jp/pid/1209900/1/54	箋注	和名類聚抄	見開き	9	52	ウ	9	53	オ
https://dl.ndl.go.jp/pid/1209900/1/55	箋注	和名類聚抄	見開き	9	53	ウ	9	54	オ
https://dl.ndl.go.jp/pid/1209900/1/56	箋注	和名類聚抄	見開き	9	54	ウ	9	55	オ
https://dl.ndl.go.jp/pid/1209900/1/57	箋注	和名類聚抄	見開き	9	55	ウ	9	56	オ
https://dl.ndl.go.jp/pid/1209900/1/58	箋注	和名類聚抄	見開き	9	56	ウ	9	57	オ
https://dl.ndl.go.jp/pid/1209900/1/59	箋注	和名類聚抄	見開き	9	57	ウ	9	58	オ
https://dl.ndl.go.jp/pid/1209900/1/60	箋注	和名類聚抄	見開き	9	58	ウ	9	59	オ
https://dl.ndl.go.jp/pid/1209900/1/61	箋注	和名類聚抄	見開き	9	59	ウ	9	60	オ
https://dl.ndl.go.jp/pid/1209900/1/62	箋注	和名類聚抄	見開き	9	60	ウ	9	61	オ
https://dl.ndl.go.jp/pid/1209900/1/63	箋注	和名類聚抄	見開き	9	61	ウ	9	62	オ
https://dl.ndl.go.jp/pid/1209900/1/64	箋注	和名類聚抄	見開き	9	62	ウ	9	63	オ
https://dl.ndl.go.jp/pid/1209900/1/65	箋注	和名類聚抄	見開き	9	63	ウ	9	64	オ
https://dl.ndl.go.jp/pid/1209900/1/66	箋注	和名類聚抄	見開き	9	64	ウ	9	65	オ
https://dl.ndl.go.jp/pid/1209900/1/67	箋注	和名類聚抄	見開き	9	65	ウ	9	66	オ
https://dl.ndl.go.jp/pid/1209900/1/68	箋注	和名類聚抄	見開き	9	66	ウ	9	67	オ
https://dl.ndl.go.jp/pid/1209900/1/69	箋注	和名類聚抄	見開き	9	67	ウ	9	68	オ
https://dl.ndl.go.jp/pid/1209900/1/70	箋注	和名類聚抄	見開き	9	68	ウ	9	69	オ
https://dl.ndl.go.jp/pid/1209900/1/71	箋注	和名類聚抄	見開き	9	69	ウ	9	70	オ
https://dl.ndl.go.jp/pid/1209900/1/72	箋注	和名類聚抄	見開き	9	70	ウ	9	71	オ
https://dl.ndl.go.jp/pid/1209900/1/73	箋注	和名類聚抄	見開き	9	71	ウ	9	72	オ
https://dl.ndl.go.jp/pid/1209900/1/74	箋注	和名類聚抄	見開き	9	72	ウ	9	73	オ
https://dl.ndl.go.jp/pid/1209900/1/75	箋注	和名類聚抄	見開き	9	73	ウ	9	74	オ
https://dl.ndl.go.jp/pid/1209900/1/76	箋注	和名類聚抄	見開き	9	74	ウ	9	75	オ
https://dl.ndl.go.jp/pid/1209900/1/77	箋注	和名類聚抄	見開き	9	75	ウ	9	76	オ
https://dl.ndl.go.jp/pid/1209900/1/78	箋注	和名類聚抄	見開き	9	76	ウ	9	77	オ
https://dl.ndl.go.jp/pid/1209900/1/79	箋注	和名類聚抄	見開き	9	77	ウ	9	78	オ
https://dl.ndl.go.jp/pid/1209900/1/80	箋注	和名類聚抄	見開き	9	78	ウ	9	79	オ
https://dl.ndl.go.jp/pid/1209900/1/81	箋注	和名類聚抄	見開き	9	79	ウ	9	80	オ
https://dl.ndl.go.jp/pid/1209900/1/82	箋注	和名類聚抄	見開き	9	80	ウ	9	81	オ
https://dl.ndl.go.jp/pid/1209900/1/83	箋注	和名類聚抄	見開き	9	81	ウ	9	82	オ
https://dl.ndl.go.jp/pid/1209900/1/84	箋注	和名類聚抄	見開き	9	82	ウ	9	83	オ
https://dl.ndl.go.jp/pid/1209900/1/85	箋注	和名類聚抄	見開き	9	83	ウ	9	84	オ
https://dl.ndl.go.jp/pid/1209900/1/86	箋注	和名類聚抄	見開き	9	84	ウ	9	85	オ
https://dl.ndl.go.jp/pid/1209900/1/87	箋注	和名類聚抄	見開き	9	85	ウ	9	86	オ
https://dl.ndl.go.jp/pid/1209900/1/88	箋注	和名類聚抄	見開き	9	86	ウ	9	87	オ
https://dl.ndl.go.jp/pid/1209900/1/89	箋注	和名類聚抄	見開き	9	87	ウ	9	NA	NA
https://dl.ndl.go.jp/pid/1209900/1/90	箋注	和名類聚抄	見開き	9	NA	NA	9	NA	NA
https://dl.ndl.go.jp/pid/1209908/1/1	箋注	和名類聚抄	見開き	10	NA	NA	10	NA	NA
https://dl.ndl.go.jp/pid/1209908/1/2	箋注	和名類聚抄	見開き	10	NA	NA	10	1	オ
https://dl.ndl.go.jp/pid/1209908/1/3	箋注	和名類聚抄	見開き	10	1	ウ	10	2	オ
https://dl.ndl.go.jp/pid/1209908/1/4	箋注	和名類聚抄	見開き	10	2	ウ	10	3	オ
https://dl.ndl.go.jp/pid/1209908/1/5	箋注	和名類聚抄	見開き	10	3	ウ	10	4	オ
https://dl.ndl.go.jp/pid/1209908/1/6	箋注	和名類聚抄	見開き	10	4	ウ	10	5	オ
https://dl.ndl.go.jp/pid/1209908/1/7	箋注	和名類聚抄	見開き	10	5	ウ	10	6	オ
https://dl.ndl.go.jp/pid/1209908/1/8	箋注	和名類聚抄	見開き	10	6	ウ	10	7	オ
https://dl.ndl.go.jp/pid/1209908/1/9	箋注	和名類聚抄	見開き	10	7	ウ	10	8	オ
https://dl.ndl.go.jp/pid/1209908/1/10	箋注	和名類聚抄	見開き	10	8	ウ	10	9	オ
https://dl.ndl.go.jp/pid/1209908/1/11	箋注	和名類聚抄	見開き	10	9	ウ	10	10	オ
https://dl.ndl.go.jp/pid/1209908/1/12	箋注	和名類聚抄	見開き	10	10	ウ	10	11	オ
https://dl.ndl.go.jp/pid/1209908/1/13	箋注	和名類聚抄	見開き	10	11	ウ	10	12	オ
https://dl.ndl.go.jp/pid/1209908/1/14	箋注	和名類聚抄	見開き	10	12	ウ	10	13	オ
https://dl.ndl.go.jp/pid/1209908/1/15	箋注	和名類聚抄	見開き	10	13	ウ	10	14	オ
https://dl.ndl.go.jp/pid/1209908/1/16	箋注	和名類聚抄	見開き	10	14	ウ	10	15	オ
https://dl.ndl.go.jp/pid/1209908/1/17	箋注	和名類聚抄	見開き	10	15	ウ	10	16	オ
https://dl.ndl.go.jp/pid/1209908/1/18	箋注	和名類聚抄	見開き	10	16	ウ	10	17	オ
https://dl.ndl.go.jp/pid/1209908/1/19	箋注	和名類聚抄	見開き	10	17	ウ	10	18	オ
https://dl.ndl.go.jp/pid/1209908/1/20	箋注	和名類聚抄	見開き	10	18	ウ	10	19	オ
https://dl.ndl.go.jp/pid/1209908/1/21	箋注	和名類聚抄	見開き	10	19	ウ	10	20	オ
https://dl.ndl.go.jp/pid/1209908/1/22	箋注	和名類聚抄	見開き	10	20	ウ	10	21	オ
https://dl.ndl.go.jp/pid/1209908/1/23	箋注	和名類聚抄	見開き	10	21	ウ	10	22	オ
https://dl.ndl.go.jp/pid/1209908/1/24	箋注	和名類聚抄	見開き	10	22	ウ	10	23	オ
https://dl.ndl.go.jp/pid/1209908/1/25	箋注	和名類聚抄	見開き	10	23	ウ	10	24	オ
https://dl.ndl.go.jp/pid/1209908/1/26	箋注	和名類聚抄	見開き	10	24	ウ	10	25	オ
https://dl.ndl.go.jp/pid/1209908/1/27	箋注	和名類聚抄	見開き	10	25	ウ	10	26	オ
https://dl.ndl.go.jp/pid/1209908/1/28	箋注	和名類聚抄	見開き	10	26	ウ	10	27	オ
https://dl.ndl.go.jp/pid/1209908/1/29	箋注	和名類聚抄	見開き	10	27	ウ	10	28	オ
https://dl.ndl.go.jp/pid/1209908/1/30	箋注	和名類聚抄	見開き	10	28	ウ	10	29	オ
https://dl.ndl.go.jp/pid/1209908/1/31	箋注	和名類聚抄	見開き	10	29	ウ	10	30	オ
https://dl.ndl.go.jp/pid/1209908/1/32	箋注	和名類聚抄	見開き	10	30	ウ	10	31	オ
https://dl.ndl.go.jp/pid/1209908/1/33	箋注	和名類聚抄	見開き	10	31	ウ	10	32	オ
https://dl.ndl.go.jp/pid/1209908/1/34	箋注	和名類聚抄	見開き	10	32	ウ	10	33	オ
https://dl.ndl.go.jp/pid/1209908/1/35	箋注	和名類聚抄	見開き	10	33	ウ	10	34	オ
https://dl.ndl.go.jp/pid/1209908/1/36	箋注	和名類聚抄	見開き	10	34	ウ	10	35	オ
https://dl.ndl.go.jp/pid/1209908/1/37	箋注	和名類聚抄	見開き	10	35	ウ	10	36	オ
https://dl.ndl.go.jp/pid/1209908/1/38	箋注	和名類聚抄	見開き	10	36	ウ	10	37	オ
https://dl.ndl.go.jp/pid/1209908/1/39	箋注	和名類聚抄	見開き	10	37	ウ	10	38	オ
https://dl.ndl.go.jp/pid/1209908/1/40	箋注	和名類聚抄	見開き	10	38	ウ	10	39	オ
https://dl.ndl.go.jp/pid/1209908/1/41	箋注	和名類聚抄	見開き	10	39	ウ	10	40	オ
https://dl.ndl.go.jp/pid/1209908/1/42	箋注	和名類聚抄	見開き	10	40	ウ	10	41	オ
https://dl.ndl.go.jp/pid/1209908/1/43	箋注	和名類聚抄	見開き	10	41	ウ	10	42	オ
https://dl.ndl.go.jp/pid/1209908/1/44	箋注	和名類聚抄	見開き	10	42	ウ	10	43	オ
https://dl.ndl.go.jp/pid/1209908/1/45	箋注	和名類聚抄	見開き	10	43	ウ	10	44	オ
https://dl.ndl.go.jp/pid/1209908/1/46	箋注	和名類聚抄	見開き	10	44	ウ	10	45	オ
https://dl.ndl.go.jp/pid/1209908/1/47	箋注	和名類聚抄	見開き	10	45	ウ	10	46	オ
https://dl.ndl.go.jp/pid/1209908/1/48	箋注	和名類聚抄	見開き	10	46	ウ	10	47	オ
https://dl.ndl.go.jp/pid/1209908/1/49	箋注	和名類聚抄	見開き	10	47	ウ	10	48	オ
https://dl.ndl.go.jp/pid/1209908/1/50	箋注	和名類聚抄	見開き	10	48	ウ	10	49	オ
https://dl.ndl.go.jp/pid/1209908/1/51	箋注	和名類聚抄	見開き	10	49	ウ	10	50	オ
https://dl.ndl.go.jp/pid/1209908/1/52	箋注	和名類聚抄	見開き	10	50	ウ	10	51	オ
https://dl.ndl.go.jp/pid/1209908/1/53	箋注	和名類聚抄	見開き	10	51	ウ	10	52	オ
https://dl.ndl.go.jp/pid/1209908/1/54	箋注	和名類聚抄	見開き	10	52	ウ	10	53	オ
https://dl.ndl.go.jp/pid/1209908/1/55	箋注	和名類聚抄	見開き	10	53	ウ	10	54	オ
https://dl.ndl.go.jp/pid/1209908/1/56	箋注	和名類聚抄	見開き	10	54	ウ	10	55	オ
https://dl.ndl.go.jp/pid/1209908/1/57	箋注	和名類聚抄	見開き	10	55	ウ	10	56	オ
https://dl.ndl.go.jp/pid/1209908/1/58	箋注	和名類聚抄	見開き	10	56	ウ	10	57	オ
https://dl.ndl.go.jp/pid/1209908/1/59	箋注	和名類聚抄	見開き	10	57	ウ	10	58	オ
https://dl.ndl.go.jp/pid/1209908/1/60	箋注	和名類聚抄	見開き	10	58	ウ	10	59	オ
https://dl.ndl.go.jp/pid/1209908/1/61	箋注	和名類聚抄	見開き	10	59	ウ	10	60	オ
https://dl.ndl.go.jp/pid/1209908/1/62	箋注	和名類聚抄	見開き	10	60	ウ	10	61	オ
https://dl.ndl.go.jp/pid/1209908/1/63	箋注	和名類聚抄	見開き	10	61	ウ	10	62	オ
https://dl.ndl.go.jp/pid/1209908/1/64	箋注	和名類聚抄	見開き	10	62	ウ	10	63	オ
https://dl.ndl.go.jp/pid/1209908/1/65	箋注	和名類聚抄	見開き	10	63	ウ	10	64	オ
https://dl.ndl.go.jp/pid/1209908/1/66	箋注	和名類聚抄	見開き	10	64	ウ	10	65	オ
https://dl.ndl.go.jp/pid/1209908/1/67	箋注	和名類聚抄	見開き	10	65	ウ	10	66	オ
https://dl.ndl.go.jp/pid/1209908/1/68	箋注	和名類聚抄	見開き	10	66	ウ	10	67	オ
https://dl.ndl.go.jp/pid/1209908/1/69	箋注	和名類聚抄	見開き	10	67	ウ	10	68	オ
https://dl.ndl.go.jp/pid/1209908/1/70	箋注	和名類聚抄	見開き	10	68	ウ	10	69	オ
https://dl.ndl.go.jp/pid/1209908/1/71	箋注	和名類聚抄	見開き	10	69	ウ	10	70	オ
https://dl.ndl.go.jp/pid/1209908/1/72	箋注	和名類聚抄	見開き	10	70	ウ	10	71	オ
https://dl.ndl.go.jp/pid/1209908/1/73	箋注	和名類聚抄	見開き	10	71	ウ	10	72	オ
https://dl.ndl.go.jp/pid/1209908/1/74	箋注	和名類聚抄	見開き	10	72	ウ	10	73	オ
https://dl.ndl.go.jp/pid/1209908/1/75	箋注	和名類聚抄	見開き	10	73	ウ	10	74	オ
https://dl.ndl.go.jp/pid/1209908/1/76	箋注	和名類聚抄	見開き	10	74	ウ	10	75	オ
https://dl.ndl.go.jp/pid/1209908/1/77	箋注	和名類聚抄	見開き	10	75	ウ	10	76	オ
https://dl.ndl.go.jp/pid/1209908/1/78	箋注	和名類聚抄	見開き	10	76	ウ	10	77	オ
https://dl.ndl.go.jp/pid/1209908/1/79	箋注	和名類聚抄	見開き	10	77	ウ	10	78	オ
https://dl.ndl.go.jp/pid/1209908/1/80	箋注	和名類聚抄	見開き	10	78	ウ	10	79	オ
https://dl.ndl.go.jp/pid/1209908/1/81	箋注	和名類聚抄	見開き	10	79	ウ	10	80	オ
https://dl.ndl.go.jp/pid/1209908/1/82	箋注	和名類聚抄	見開き	10	80	ウ	10	81	オ
https://dl.ndl.go.jp/pid/1209908/1/83	箋注	和名類聚抄	見開き	10	81	ウ	10	82	オ
https://dl.ndl.go.jp/pid/1209908/1/84	箋注	和名類聚抄	見開き	10	82	ウ	10	83	オ
https://dl.ndl.go.jp/pid/1209908/1/85	箋注	和名類聚抄	見開き	10	83	ウ	10	84	オ
https://dl.ndl.go.jp/pid/1209908/1/86	箋注	和名類聚抄	見開き	10	84	ウ	10	85	オ
https://dl.ndl.go.jp/pid/1209908/1/87	箋注	和名類聚抄	見開き	10	85	ウ	10	86	オ
https://dl.ndl.go.jp/pid/1209908/1/88	箋注	和名類聚抄	見開き	10	86	ウ	10	87	オ
https://dl.ndl.go.jp/pid/1209908/1/89	箋注	和名類聚抄	見開き	10	87	ウ	10	88	オ
https://dl.ndl.go.jp/pid/1209908/1/90	箋注	和名類聚抄	見開き	10	88	ウ	10	89	オ
https://dl.ndl.go.jp/pid/1209908/1/91	箋注	和名類聚抄	見開き	10	89	ウ	10	90	オ
https://dl.ndl.go.jp/pid/1209908/1/92	箋注	和名類聚抄	見開き	10	90	ウ	10	91	オ
https://dl.ndl.go.jp/pid/1209908/1/93	箋注	和名類聚抄	見開き	10	91	ウ	10	92	オ
https://dl.ndl.go.jp/pid/1209908/1/94	箋注	和名類聚抄	見開き	10	92	ウ	10	93	オ
https://dl.ndl.go.jp/pid/1209908/1/95	箋注	和名類聚抄	見開き	10	93	ウ	10	94	オ
https://dl.ndl.go.jp/pid/1209908/1/96	箋注	和名類聚抄	見開き	10	94	ウ	10	95	オ
https://dl.ndl.go.jp/pid/1209908/1/97	箋注	和名類聚抄	見開き	10	95	ウ	10	96	オ
https://dl.ndl.go.jp/pid/1209908/1/98	箋注	和名類聚抄	見開き	10	96	ウ	10	97	オ
https://dl.ndl.go.jp/pid/1209908/1/99	箋注	和名類聚抄	見開き	10	97	ウ	10	98	オ
https://dl.ndl.go.jp/pid/1209908/1/100	箋注	和名類聚抄	見開き	10	98	ウ	10	99	オ
https://dl.ndl.go.jp/pid/1209908/1/101	箋注	和名類聚抄	見開き	10	99	ウ	10	100	オ
https://dl.ndl.go.jp/pid/1209908/1/102	箋注	和名類聚抄	見開き	10	100	ウ	10	101	オ
https://dl.ndl.go.jp/pid/1209908/1/103	箋注	和名類聚抄	見開き	10	101	ウ	10	102	オ
https://dl.ndl.go.jp/pid/1209908/1/104	箋注	和名類聚抄	見開き	10	102	ウ	10	103	オ
https://dl.ndl.go.jp/pid/1209908/1/105	箋注	和名類聚抄	見開き	10	103	ウ	10	104	オ
https://dl.ndl.go.jp/pid/1209908/1/106	箋注	和名類聚抄	見開き	10	104	ウ	10	105	オ
https://dl.ndl.go.jp/pid/1209908/1/107	箋注	和名類聚抄	見開き	10	105	ウ	10	106	オ
https://dl.ndl.go.jp/pid/1209908/1/108	箋注	和名類聚抄	見開き	10	106	ウ	10	107	オ
https://dl.ndl.go.jp/pid/1209908/1/109	箋注	和名類聚抄	見開き	10	107	ウ	10	108	オ
https://dl.ndl.go.jp/pid/1209908/1/110	箋注	和名類聚抄	見開き	10	108	ウ	10	109	オ
https://dl.ndl.go.jp/pid/1209908/1/111	箋注	和名類聚抄	見開き	10	109	ウ	10	110	オ
https://dl.ndl.go.jp/pid/1209908/1/112	箋注	和名類聚抄	見開き	10	110	ウ	10	111	オ
https://dl.ndl.go.jp/pid/1209908/1/113	箋注	和名類聚抄	見開き	10	111	ウ	10	112	オ
https://dl.ndl.go.jp/pid/1209908/1/114	箋注	和名類聚抄	見開き	10	112	ウ	10	113	オ
https://dl.ndl.go.jp/pid/1209908/1/115	箋注	和名類聚抄	見開き	10	113	ウ	10	114	オ
https://dl.ndl.go.jp/pid/1209908/1/116	箋注	和名類聚抄	見開き	10	114	ウ	10	115	オ
https://dl.ndl.go.jp/pid/1209908/1/117	箋注	和名類聚抄	見開き	10	115	ウ	10	116	オ
https://dl.ndl.go.jp/pid/1209908/1/118	箋注	和名類聚抄	見開き	10	116	ウ	10	117	オ
https://dl.ndl.go.jp/pid/1209908/1/119	箋注	和名類聚抄	見開き	10	117	ウ	10	118	オ
https://dl.ndl.go.jp/pid/1209908/1/120	箋注	和名類聚抄	見開き	10	118	ウ	10	119	オ
https://dl.ndl.go.jp/pid/1209908/1/121	箋注	和名類聚抄	見開き	10	119	ウ	10	120	オ
https://dl.ndl.go.jp/pid/1209908/1/122	箋注	和名類聚抄	見開き	10	120	ウ	10	121	オ
https://dl.ndl.go.jp/pid/1209908/1/123	箋注	和名類聚抄	見開き	10	121	ウ	10	NA	NA
https://dl.ndl.go.jp/pid/1209908/1/124	箋注	和名類聚抄	見開き	10	NA	NA	10	NA	NA
https://dl.ndl.go.jp/pid/1209908/1/125	箋注	和名類聚抄	見開き	10	NA	NA	10	NA	NA
https://dl.ndl.go.jp/pid/1209908/1/126	箋注	和名類聚抄	見開き	10	NA	NA	10	NA	NA
https://dl.ndl.go.jp/pid/1209908/1/127	箋注	和名類聚抄	見開き	10	NA	NA	10	NA	NA
https://dl.ndl.go.jp/pid/1209908/1/128	箋注	和名類聚抄	見開き	10	NA	NA	10	NA	NA
https://dl.ndl.go.jp/pid/1209908/1/129	箋注	和名類聚抄	見開き	10	NA	NA	10	NA	NA
https://dl.ndl.go.jp/pid/2458012/1/1	図書寮本	類聚名義抄	見開き	NA	NA	NA	NA	NA	NA
https://dl.ndl.go.jp/pid/2458012/1/2	図書寮本	類聚名義抄	見開き	NA	NA	NA	NA	NA	NA
https://dl.ndl.go.jp/pid/2458012/1/3	図書寮本	類聚名義抄	見開き	NA	NA	NA	NA	NA	NA
https://dl.ndl.go.jp/pid/2458012/1/4	図書寮本	類聚名義抄	見開き	NA	NA	NA	NA	1	NA
https://dl.ndl.go.jp/pid/2458012/1/5	図書寮本	類聚名義抄	見開き	NA	2	NA	NA	3	NA
https://dl.ndl.go.jp/pid/2458012/1/6	図書寮本	類聚名義抄	見開き	NA	4	NA	NA	5	NA
https://dl.ndl.go.jp/pid/2458012/1/7	図書寮本	類聚名義抄	見開き	NA	6	NA	NA	7	NA
https://dl.ndl.go.jp/pid/2458012/1/8	図書寮本	類聚名義抄	見開き	NA	8	NA	NA	9	NA
https://dl.ndl.go.jp/pid/2458012/1/9	図書寮本	類聚名義抄	見開き	NA	10	NA	NA	11	NA
https://dl.ndl.go.jp/pid/2458012/1/10	図書寮本	類聚名義抄	見開き	NA	12	NA	NA	13	NA
https://dl.ndl.go.jp/pid/2458012/1/11	図書寮本	類聚名義抄	見開き	NA	14	NA	NA	15	NA
https://dl.ndl.go.jp/pid/2458012/1/12	図書寮本	類聚名義抄	見開き	NA	16	NA	NA	17	NA
https://dl.ndl.go.jp/pid/2458012/1/13	図書寮本	類聚名義抄	見開き	NA	18	NA	NA	19	NA
https://dl.ndl.go.jp/pid/2458012/1/14	図書寮本	類聚名義抄	見開き	NA	20	NA	NA	21	NA
https://dl.ndl.go.jp/pid/2458012/1/15	図書寮本	類聚名義抄	見開き	NA	22	NA	NA	23	NA
https://dl.ndl.go.jp/pid/2458012/1/16	図書寮本	類聚名義抄	見開き	NA	24	NA	NA	25	NA
https://dl.ndl.go.jp/pid/2458012/1/17	図書寮本	類聚名義抄	見開き	NA	26	NA	NA	27	NA
https://dl.ndl.go.jp/pid/2458012/1/18	図書寮本	類聚名義抄	見開き	NA	28	NA	NA	29	NA
https://dl.ndl.go.jp/pid/2458012/1/19	図書寮本	類聚名義抄	見開き	NA	30	NA	NA	31	NA
https://dl.ndl.go.jp/pid/2458012/1/20	図書寮本	類聚名義抄	見開き	NA	32	NA	NA	33	NA
https://dl.ndl.go.jp/pid/2458012/1/21	図書寮本	類聚名義抄	見開き	NA	34	NA	NA	35	NA
https://dl.ndl.go.jp/pid/2458012/1/22	図書寮本	類聚名義抄	見開き	NA	36	NA	NA	37	NA
https://dl.ndl.go.jp/pid/2458012/1/23	図書寮本	類聚名義抄	見開き	NA	38	NA	NA	39	NA
https://dl.ndl.go.jp/pid/2458012/1/24	図書寮本	類聚名義抄	見開き	NA	40	NA	NA	41	NA
https://dl.ndl.go.jp/pid/2458012/1/25	図書寮本	類聚名義抄	見開き	NA	42	NA	NA	43	NA
https://dl.ndl.go.jp/pid/2458012/1/26	図書寮本	類聚名義抄	見開き	NA	44	NA	NA	45	NA
https://dl.ndl.go.jp/pid/2458012/1/27	図書寮本	類聚名義抄	見開き	NA	46	NA	NA	47	NA
https://dl.ndl.go.jp/pid/2458012/1/28	図書寮本	類聚名義抄	見開き	NA	48	NA	NA	49	NA
https://dl.ndl.go.jp/pid/2458012/1/29	図書寮本	類聚名義抄	見開き	NA	50	NA	NA	51	NA
https://dl.ndl.go.jp/pid/2458012/1/30	図書寮本	類聚名義抄	見開き	NA	52	NA	NA	53	NA
https://dl.ndl.go.jp/pid/2458012/1/31	図書寮本	類聚名義抄	見開き	NA	54	NA	NA	55	NA
https://dl.ndl.go.jp/pid/2458012/1/32	図書寮本	類聚名義抄	見開き	NA	56	NA	NA	57	NA
https://dl.ndl.go.jp/pid/2458012/1/33	図書寮本	類聚名義抄	見開き	NA	58	NA	NA	59	NA
https://dl.ndl.go.jp/pid/2458012/1/34	図書寮本	類聚名義抄	見開き	NA	60	NA	NA	61	NA
https://dl.ndl.go.jp/pid/2458012/1/35	図書寮本	類聚名義抄	見開き	NA	62	NA	NA	63	NA
https://dl.ndl.go.jp/pid/2458012/1/36	図書寮本	類聚名義抄	見開き	NA	64	NA	NA	65	NA
https://dl.ndl.go.jp/pid/2458012/1/37	図書寮本	類聚名義抄	見開き	NA	66	NA	NA	67	NA
https://dl.ndl.go.jp/pid/2458012/1/38	図書寮本	類聚名義抄	見開き	NA	68	NA	NA	69	NA
https://dl.ndl.go.jp/pid/2458012/1/39	図書寮本	類聚名義抄	見開き	NA	70	NA	NA	71	NA
https://dl.ndl.go.jp/pid/2458012/1/40	図書寮本	類聚名義抄	見開き	NA	72	NA	NA	73	NA
https://dl.ndl.go.jp/pid/2458012/1/41	図書寮本	類聚名義抄	見開き	NA	74	NA	NA	75	NA
https://dl.ndl.go.jp/pid/2458012/1/42	図書寮本	類聚名義抄	見開き	NA	76	NA	NA	77	NA
https://dl.ndl.go.jp/pid/2458012/1/43	図書寮本	類聚名義抄	見開き	NA	78	NA	NA	79	NA
https://dl.ndl.go.jp/pid/2458012/1/44	図書寮本	類聚名義抄	見開き	NA	80	NA	NA	81	NA
https://dl.ndl.go.jp/pid/2458012/1/45	図書寮本	類聚名義抄	見開き	NA	82	NA	NA	83	NA
https://dl.ndl.go.jp/pid/2458012/1/46	図書寮本	類聚名義抄	見開き	NA	84	NA	NA	85	NA
https://dl.ndl.go.jp/pid/2458012/1/47	図書寮本	類聚名義抄	見開き	NA	86	NA	NA	87	NA
https://dl.ndl.go.jp/pid/2458012/1/48	図書寮本	類聚名義抄	見開き	NA	88	NA	NA	89	NA
https://dl.ndl.go.jp/pid/2458012/1/49	図書寮本	類聚名義抄	見開き	NA	90	NA	NA	91	NA
https://dl.ndl.go.jp/pid/2458012/1/50	図書寮本	類聚名義抄	見開き	NA	92	NA	NA	93	NA
https://dl.ndl.go.jp/pid/2458012/1/51	図書寮本	類聚名義抄	見開き	NA	94	NA	NA	95	NA
https://dl.ndl.go.jp/pid/2458012/1/52	図書寮本	類聚名義抄	見開き	NA	96	NA	NA	97	NA
https://dl.ndl.go.jp/pid/2458012/1/53	図書寮本	類聚名義抄	見開き	NA	98	NA	NA	99	NA
https://dl.ndl.go.jp/pid/2458012/1/54	図書寮本	類聚名義抄	見開き	NA	100	NA	NA	101	NA
https://dl.ndl.go.jp/pid/2458012/1/55	図書寮本	類聚名義抄	見開き	NA	102	NA	NA	103	NA
https://dl.ndl.go.jp/pid/2458012/1/56	図書寮本	類聚名義抄	見開き	NA	104	NA	NA	105	NA
https://dl.ndl.go.jp/pid/2458012/1/57	図書寮本	類聚名義抄	見開き	NA	106	NA	NA	107	NA
https://dl.ndl.go.jp/pid/2458012/1/58	図書寮本	類聚名義抄	見開き	NA	108	NA	NA	109	NA
https://dl.ndl.go.jp/pid/2458012/1/59	図書寮本	類聚名義抄	見開き	NA	110	NA	NA	111	NA
https://dl.ndl.go.jp/pid/2458012/1/60	図書寮本	類聚名義抄	見開き	NA	112	NA	NA	113	NA
https://dl.ndl.go.jp/pid/2458012/1/61	図書寮本	類聚名義抄	見開き	NA	114	NA	NA	115	NA
https://dl.ndl.go.jp/pid/2458012/1/62	図書寮本	類聚名義抄	見開き	NA	116	NA	NA	117	NA
https://dl.ndl.go.jp/pid/2458012/1/63	図書寮本	類聚名義抄	見開き	NA	118	NA	NA	119	NA
https://dl.ndl.go.jp/pid/2458012/1/64	図書寮本	類聚名義抄	見開き	NA	120	NA	NA	121	NA
https://dl.ndl.go.jp/pid/2458012/1/65	図書寮本	類聚名義抄	見開き	NA	122	NA	NA	123	NA
https://dl.ndl.go.jp/pid/2458012/1/66	図書寮本	類聚名義抄	見開き	NA	124	NA	NA	125	NA
https://dl.ndl.go.jp/pid/2458012/1/67	図書寮本	類聚名義抄	見開き	NA	126	NA	NA	127	NA
https://dl.ndl.go.jp/pid/2458012/1/68	図書寮本	類聚名義抄	見開き	NA	128	NA	NA	129	NA
https://dl.ndl.go.jp/pid/2458012/1/69	図書寮本	類聚名義抄	見開き	NA	130	NA	NA	131	NA
https://dl.ndl.go.jp/pid/2458012/1/70	図書寮本	類聚名義抄	見開き	NA	132	NA	NA	133	NA
https://dl.ndl.go.jp/pid/2458012/1/71	図書寮本	類聚名義抄	見開き	NA	134	NA	NA	135	NA
https://dl.ndl.go.jp/pid/2458012/1/72	図書寮本	類聚名義抄	見開き	NA	136	NA	NA	137	NA
https://dl.ndl.go.jp/pid/2458012/1/73	図書寮本	類聚名義抄	見開き	NA	138	NA	NA	139	NA
https://dl.ndl.go.jp/pid/2458012/1/74	図書寮本	類聚名義抄	見開き	NA	140	NA	NA	141	NA
https://dl.ndl.go.jp/pid/2458012/1/75	図書寮本	類聚名義抄	見開き	NA	142	NA	NA	143	NA
https://dl.ndl.go.jp/pid/2458012/1/76	図書寮本	類聚名義抄	見開き	NA	144	NA	NA	145	NA
https://dl.ndl.go.jp/pid/2458012/1/77	図書寮本	類聚名義抄	見開き	NA	146	NA	NA	147	NA
https://dl.ndl.go.jp/pid/2458012/1/78	図書寮本	類聚名義抄	見開き	NA	148	NA	NA	149	NA
https://dl.ndl.go.jp/pid/2458012/1/79	図書寮本	類聚名義抄	見開き	NA	150	NA	NA	151	NA
https://dl.ndl.go.jp/pid/2458012/1/80	図書寮本	類聚名義抄	見開き	NA	152	NA	NA	153	NA
https://dl.ndl.go.jp/pid/2458012/1/81	図書寮本	類聚名義抄	見開き	NA	154	NA	NA	155	NA
https://dl.ndl.go.jp/pid/2458012/1/82	図書寮本	類聚名義抄	見開き	NA	156	NA	NA	157	NA
https://dl.ndl.go.jp/pid/2458012/1/83	図書寮本	類聚名義抄	見開き	NA	158	NA	NA	159	NA
https://dl.ndl.go.jp/pid/2458012/1/84	図書寮本	類聚名義抄	見開き	NA	160	NA	NA	161	NA
https://dl.ndl.go.jp/pid/2458012/1/85	図書寮本	類聚名義抄	見開き	NA	162	NA	NA	163	NA
https://dl.ndl.go.jp/pid/2458012/1/86	図書寮本	類聚名義抄	見開き	NA	164	NA	NA	165	NA
https://dl.ndl.go.jp/pid/2458012/1/87	図書寮本	類聚名義抄	見開き	NA	166	NA	NA	167	NA
https://dl.ndl.go.jp/pid/2458012/1/88	図書寮本	類聚名義抄	見開き	NA	168	NA	NA	169	NA
https://dl.ndl.go.jp/pid/2458012/1/89	図書寮本	類聚名義抄	見開き	NA	170	NA	NA	171	NA
https://dl.ndl.go.jp/pid/2458012/1/90	図書寮本	類聚名義抄	見開き	NA	172	NA	NA	173	NA
https://dl.ndl.go.jp/pid/2458012/1/91	図書寮本	類聚名義抄	見開き	NA	174	NA	NA	175	NA
https://dl.ndl.go.jp/pid/2458012/1/92	図書寮本	類聚名義抄	見開き	NA	176	NA	NA	177	NA
https://dl.ndl.go.jp/pid/2458012/1/93	図書寮本	類聚名義抄	見開き	NA	178	NA	NA	179	NA
https://dl.ndl.go.jp/pid/2458012/1/94	図書寮本	類聚名義抄	見開き	NA	180	NA	NA	181	NA
https://dl.ndl.go.jp/pid/2458012/1/95	図書寮本	類聚名義抄	見開き	NA	182	NA	NA	183	NA
https://dl.ndl.go.jp/pid/2458012/1/96	図書寮本	類聚名義抄	見開き	NA	184	NA	NA	185	NA
https://dl.ndl.go.jp/pid/2458012/1/97	図書寮本	類聚名義抄	見開き	NA	186	NA	NA	187	NA
https://dl.ndl.go.jp/pid/2458012/1/98	図書寮本	類聚名義抄	見開き	NA	188	NA	NA	189	NA
https://dl.ndl.go.jp/pid/2458012/1/99	図書寮本	類聚名義抄	見開き	NA	190	NA	NA	191	NA
https://dl.ndl.go.jp/pid/2458012/1/100	図書寮本	類聚名義抄	見開き	NA	192	NA	NA	193	NA
https://dl.ndl.go.jp/pid/2458012/1/101	図書寮本	類聚名義抄	見開き	NA	194	NA	NA	195	NA
https://dl.ndl.go.jp/pid/2458012/1/102	図書寮本	類聚名義抄	見開き	NA	196	NA	NA	197	NA
https://dl.ndl.go.jp/pid/2458012/1/103	図書寮本	類聚名義抄	見開き	NA	198	NA	NA	199	NA
https://dl.ndl.go.jp/pid/2458012/1/104	図書寮本	類聚名義抄	見開き	NA	200	NA	NA	201	NA
https://dl.ndl.go.jp/pid/2458012/1/105	図書寮本	類聚名義抄	見開き	NA	202	NA	NA	203	NA
https://dl.ndl.go.jp/pid/2458012/1/106	図書寮本	類聚名義抄	見開き	NA	204	NA	NA	205	NA
https://dl.ndl.go.jp/pid/2458012/1/107	図書寮本	類聚名義抄	見開き	NA	206	NA	NA	207	NA
https://dl.ndl.go.jp/pid/2458012/1/108	図書寮本	類聚名義抄	見開き	NA	208	NA	NA	209	NA
https://dl.ndl.go.jp/pid/2458012/1/109	図書寮本	類聚名義抄	見開き	NA	210	NA	NA	211	NA
https://dl.ndl.go.jp/pid/2458012/1/110	図書寮本	類聚名義抄	見開き	NA	212	NA	NA	213	NA
https://dl.ndl.go.jp/pid/2458012/1/111	図書寮本	類聚名義抄	見開き	NA	214	NA	NA	215	NA
https://dl.ndl.go.jp/pid/2458012/1/112	図書寮本	類聚名義抄	見開き	NA	216	NA	NA	217	NA
https://dl.ndl.go.jp/pid/2458012/1/113	図書寮本	類聚名義抄	見開き	NA	218	NA	NA	219	NA
https://dl.ndl.go.jp/pid/2458012/1/114	図書寮本	類聚名義抄	見開き	NA	220	NA	NA	221	NA
https://dl.ndl.go.jp/pid/2458012/1/115	図書寮本	類聚名義抄	見開き	NA	222	NA	NA	223	NA
https://dl.ndl.go.jp/pid/2458012/1/116	図書寮本	類聚名義抄	見開き	NA	224	NA	NA	225	NA
https://dl.ndl.go.jp/pid/2458012/1/117	図書寮本	類聚名義抄	見開き	NA	226	NA	NA	227	NA
https://dl.ndl.go.jp/pid/2458012/1/118	図書寮本	類聚名義抄	見開き	NA	228	NA	NA	229	NA
https://dl.ndl.go.jp/pid/2458012/1/119	図書寮本	類聚名義抄	見開き	NA	230	NA	NA	231	NA
https://dl.ndl.go.jp/pid/2458012/1/120	図書寮本	類聚名義抄	見開き	NA	232	NA	NA	233	NA
https://dl.ndl.go.jp/pid/2458012/1/121	図書寮本	類聚名義抄	見開き	NA	234	NA	NA	235	NA
https://dl.ndl.go.jp/pid/2458012/1/122	図書寮本	類聚名義抄	見開き	NA	236	NA	NA	237	NA
https://dl.ndl.go.jp/pid/2458012/1/123	図書寮本	類聚名義抄	見開き	NA	238	NA	NA	239	NA
https://dl.ndl.go.jp/pid/2458012/1/124	図書寮本	類聚名義抄	見開き	NA	240	NA	NA	241	NA
https://dl.ndl.go.jp/pid/2458012/1/125	図書寮本	類聚名義抄	見開き	NA	242	NA	NA	243	NA
https://dl.ndl.go.jp/pid/2458012/1/126	図書寮本	類聚名義抄	見開き	NA	244	NA	NA	245	NA
https://dl.ndl.go.jp/pid/2458012/1/127	図書寮本	類聚名義抄	見開き	NA	246	NA	NA	247	NA
https://dl.ndl.go.jp/pid/2458012/1/128	図書寮本	類聚名義抄	見開き	NA	248	NA	NA	249	NA
https://dl.ndl.go.jp/pid/2458012/1/129	図書寮本	類聚名義抄	見開き	NA	250	NA	NA	251	NA
https://dl.ndl.go.jp/pid/2458012/1/130	図書寮本	類聚名義抄	見開き	NA	252	NA	NA	253	NA
https://dl.ndl.go.jp/pid/2458012/1/131	図書寮本	類聚名義抄	見開き	NA	254	NA	NA	255	NA
https://dl.ndl.go.jp/pid/2458012/1/132	図書寮本	類聚名義抄	見開き	NA	256	NA	NA	257	NA
https://dl.ndl.go.jp/pid/2458012/1/133	図書寮本	類聚名義抄	見開き	NA	258	NA	NA	259	NA
https://dl.ndl.go.jp/pid/2458012/1/134	図書寮本	類聚名義抄	見開き	NA	260	NA	NA	261	NA
https://dl.ndl.go.jp/pid/2458012/1/135	図書寮本	類聚名義抄	見開き	NA	262	NA	NA	263	NA
https://dl.ndl.go.jp/pid/2458012/1/136	図書寮本	類聚名義抄	見開き	NA	264	NA	NA	265	NA
https://dl.ndl.go.jp/pid/2458012/1/137	図書寮本	類聚名義抄	見開き	NA	266	NA	NA	267	NA
https://dl.ndl.go.jp/pid/2458012/1/138	図書寮本	類聚名義抄	見開き	NA	268	NA	NA	269	NA
https://dl.ndl.go.jp/pid/2458012/1/139	図書寮本	類聚名義抄	見開き	NA	270	NA	NA	271	NA
https://dl.ndl.go.jp/pid/2458012/1/140	図書寮本	類聚名義抄	見開き	NA	272	NA	NA	273	NA
https://dl.ndl.go.jp/pid/2458012/1/141	図書寮本	類聚名義抄	見開き	NA	274	NA	NA	275	NA
https://dl.ndl.go.jp/pid/2458012/1/142	図書寮本	類聚名義抄	見開き	NA	276	NA	NA	277	NA
https://dl.ndl.go.jp/pid/2458012/1/143	図書寮本	類聚名義抄	見開き	NA	278	NA	NA	279	NA
https://dl.ndl.go.jp/pid/2458012/1/144	図書寮本	類聚名義抄	見開き	NA	280	NA	NA	281	NA
https://dl.ndl.go.jp/pid/2458012/1/145	図書寮本	類聚名義抄	見開き	NA	282	NA	NA	283	NA
https://dl.ndl.go.jp/pid/2458012/1/146	図書寮本	類聚名義抄	見開き	NA	284	NA	NA	285	NA
https://dl.ndl.go.jp/pid/2458012/1/147	図書寮本	類聚名義抄	見開き	NA	286	NA	NA	287	NA
https://dl.ndl.go.jp/pid/2458012/1/148	図書寮本	類聚名義抄	見開き	NA	288	NA	NA	289	NA
https://dl.ndl.go.jp/pid/2458012/1/149	図書寮本	類聚名義抄	見開き	NA	290	NA	NA	291	NA
https://dl.ndl.go.jp/pid/2458012/1/150	図書寮本	類聚名義抄	見開き	NA	292	NA	NA	293	NA
https://dl.ndl.go.jp/pid/2458012/1/151	図書寮本	類聚名義抄	見開き	NA	294	NA	NA	295	NA
https://dl.ndl.go.jp/pid/2458012/1/152	図書寮本	類聚名義抄	見開き	NA	296	NA	NA	297	NA
https://dl.ndl.go.jp/pid/2458012/1/153	図書寮本	類聚名義抄	見開き	NA	298	NA	NA	299	NA
https://dl.ndl.go.jp/pid/2458012/1/154	図書寮本	類聚名義抄	見開き	NA	300	NA	NA	301	NA
https://dl.ndl.go.jp/pid/2458012/1/155	図書寮本	類聚名義抄	見開き	NA	302	NA	NA	303	NA
https://dl.ndl.go.jp/pid/2458012/1/156	図書寮本	類聚名義抄	見開き	NA	304	NA	NA	305	NA
https://dl.ndl.go.jp/pid/2458012/1/157	図書寮本	類聚名義抄	見開き	NA	306	NA	NA	307	NA
https://dl.ndl.go.jp/pid/2458012/1/158	図書寮本	類聚名義抄	見開き	NA	308	NA	NA	309	NA
https://dl.ndl.go.jp/pid/2458012/1/159	図書寮本	類聚名義抄	見開き	NA	310	NA	NA	311	NA
https://dl.ndl.go.jp/pid/2458012/1/160	図書寮本	類聚名義抄	見開き	NA	312	NA	NA	313	NA
https://dl.ndl.go.jp/pid/2458012/1/161	図書寮本	類聚名義抄	見開き	NA	314	NA	NA	315	NA
https://dl.ndl.go.jp/pid/2458012/1/162	図書寮本	類聚名義抄	見開き	NA	316	NA	NA	317	NA
https://dl.ndl.go.jp/pid/2458012/1/163	図書寮本	類聚名義抄	見開き	NA	318	NA	NA	319	NA
https://dl.ndl.go.jp/pid/2458012/1/164	図書寮本	類聚名義抄	見開き	NA	320	NA	NA	321	NA
https://dl.ndl.go.jp/pid/2458012/1/165	図書寮本	類聚名義抄	見開き	NA	322	NA	NA	323	NA
https://dl.ndl.go.jp/pid/2458012/1/166	図書寮本	類聚名義抄	見開き	NA	324	NA	NA	325	NA
https://dl.ndl.go.jp/pid/2458012/1/167	図書寮本	類聚名義抄	見開き	NA	326	NA	NA	327	NA
https://dl.ndl.go.jp/pid/2458012/1/168	図書寮本	類聚名義抄	見開き	NA	328	NA	NA	329	NA
https://dl.ndl.go.jp/pid/2458012/1/169	図書寮本	類聚名義抄	見開き	NA	330	NA	NA	331	NA
https://dl.ndl.go.jp/pid/2458012/1/170	図書寮本	類聚名義抄	見開き	NA	332	NA	NA	333	NA
https://dl.ndl.go.jp/pid/2458012/1/171	図書寮本	類聚名義抄	見開き	NA	334	NA	NA	335	NA
https://dl.ndl.go.jp/pid/2458012/1/172	図書寮本	類聚名義抄	見開き	NA	336	NA	NA	337	NA
https://dl.ndl.go.jp/pid/2458012/1/173	図書寮本	類聚名義抄	見開き	NA	338	NA	NA	339	NA
https://dl.ndl.go.jp/pid/2458012/1/174	図書寮本	類聚名義抄	見開き	NA	340	NA	NA	341	NA
https://dl.ndl.go.jp/pid/2458012/1/175	図書寮本	類聚名義抄	見開き	NA	342	NA	NA	343	NA
https://dl.ndl.go.jp/pid/2458012/1/176	図書寮本	類聚名義抄	見開き	NA	344	NA	NA	345	NA
https://dl.ndl.go.jp/pid/2458012/1/177	図書寮本	類聚名義抄	見開き	NA	346	NA	NA	NA	NA
https://dl.ndl.go.jp/pid/2458012/1/178	図書寮本	類聚名義抄	見開き	NA	NA	NA	NA	NA	NA
https://dl.ndl.go.jp/pid/2458012/1/179	図書寮本	類聚名義抄	見開き	NA	NA	NA	NA	NA	NA
https://dl.ndl.go.jp/pid/2458012/1/180	図書寮本	類聚名義抄	見開き	NA	NA	NA	NA	NA	NA
https://dl.ndl.go.jp/pid/2458012/1/181	図書寮本	類聚名義抄	見開き	NA	NA	NA	NA	NA	NA
https://dl.ndl.go.jp/pid/2458012/1/182	図書寮本	類聚名義抄	見開き	NA	NA	NA	NA	NA	NA
https://dl.ndl.go.jp/pid/2458012/1/183	図書寮本	類聚名義抄	見開き	NA	NA	NA	NA	NA	NA
https://dl.ndl.go.jp/pid/2458012/1/184	図書寮本	類聚名義抄	見開き	NA	NA	NA	NA	NA	NA
https://dl.ndl.go.jp/pid/2458012/1/185	図書寮本	類聚名義抄	見開き	NA	NA	NA	NA	NA	NA
https://dl.ndl.go.jp/pid/2458012/1/186	図書寮本	類聚名義抄	見開き	NA	NA	NA	NA	NA	NA
https://dl.ndl.go.jp/pid/2458012/1/187	図書寮本	類聚名義抄	見開き	NA	NA	NA	NA	NA	NA
https://dl.ndl.go.jp/pid/2458012/1/188	図書寮本	類聚名義抄	見開き	NA	NA	NA	NA	NA	NA
https://dl.ndl.go.jp/pid/2458012/1/189	図書寮本	類聚名義抄	見開き	NA	NA	NA	NA	NA	NA
https://dl.ndl.go.jp/pid/2458012/1/190	図書寮本	類聚名義抄	見開き	NA	NA	NA	NA	NA	NA
https://dl.ndl.go.jp/pid/2458012/1/191	図書寮本	類聚名義抄	見開き	NA	NA	NA	NA	NA	NA
https://dl.ndl.go.jp/pid/2458012/1/192	図書寮本	類聚名義抄	見開き	NA	NA	NA	NA	NA	NA
https://dl.ndl.go.jp/pid/2458012/1/193	図書寮本	類聚名義抄	見開き	NA	NA	NA	NA	NA	NA
https://dl.ndl.go.jp/pid/2544216/1/1	元和版	和名類聚抄	見開き	NA	NA	NA	NA	NA	NA
https://dl.ndl.go.jp/pid/2544216/1/2	元和版	和名類聚抄	見開き	NA	NA	NA	NA	NA	NA
https://dl.ndl.go.jp/pid/2544216/1/3	元和版	和名類聚抄	見開き	NA	NA	NA	NA	NA	NA
https://dl.ndl.go.jp/pid/2544216/1/4	元和版	和名類聚抄	見開き	NA	NA	NA	NA	NA	NA
https://dl.ndl.go.jp/pid/2544216/1/5	元和版	和名類聚抄	見開き	NA	NA	NA	NA	NA	NA
https://dl.ndl.go.jp/pid/2544216/1/6	元和版	和名類聚抄	見開き	NA	NA	NA	NA	NA	NA
https://dl.ndl.go.jp/pid/2544216/1/7	元和版	和名類聚抄	見開き	NA	NA	NA	NA	NA	NA
https://dl.ndl.go.jp/pid/2544216/1/8	元和版	和名類聚抄	見開き	NA	NA	NA	NA	NA	NA
https://dl.ndl.go.jp/pid/2544216/1/9	元和版	和名類聚抄	見開き	NA	NA	NA	1	1	オ
https://dl.ndl.go.jp/pid/2544216/1/10	元和版	和名類聚抄	見開き	1	1	ウ	1	2	オ
https://dl.ndl.go.jp/pid/2544216/1/11	元和版	和名類聚抄	見開き	1	2	ウ	1	3	オ
https://dl.ndl.go.jp/pid/2544216/1/12	元和版	和名類聚抄	見開き	1	3	ウ	1	4	オ
https://dl.ndl.go.jp/pid/2544216/1/13	元和版	和名類聚抄	見開き	1	4	ウ	1	5	オ
https://dl.ndl.go.jp/pid/2544216/1/14	元和版	和名類聚抄	見開き	1	5	ウ	1	6	オ
https://dl.ndl.go.jp/pid/2544216/1/15	元和版	和名類聚抄	見開き	1	6	ウ	1	7	オ
https://dl.ndl.go.jp/pid/2544216/1/16	元和版	和名類聚抄	見開き	1	7	ウ	1	8	オ
https://dl.ndl.go.jp/pid/2544216/1/17	元和版	和名類聚抄	見開き	1	8	ウ	1	9	オ
https://dl.ndl.go.jp/pid/2544216/1/18	元和版	和名類聚抄	見開き	1	9	ウ	1	10	オ
https://dl.ndl.go.jp/pid/2544216/1/19	元和版	和名類聚抄	見開き	1	10	ウ	1	11	オ
https://dl.ndl.go.jp/pid/2544216/1/20	元和版	和名類聚抄	見開き	1	11	ウ	1	12	オ
https://dl.ndl.go.jp/pid/2544216/1/21	元和版	和名類聚抄	見開き	1	12	ウ	1	13	オ
https://dl.ndl.go.jp/pid/2544216/1/22	元和版	和名類聚抄	見開き	1	13	ウ	1	14	オ
https://dl.ndl.go.jp/pid/2544216/1/23	元和版	和名類聚抄	見開き	1	14	ウ	1	15	オ
https://dl.ndl.go.jp/pid/2544216/1/24	元和版	和名類聚抄	見開き	1	15	ウ	1	16	オ
https://dl.ndl.go.jp/pid/2544216/1/25	元和版	和名類聚抄	見開き	1	16	ウ	1	17	オ
https://dl.ndl.go.jp/pid/2544216/1/26	元和版	和名類聚抄	見開き	1	17	ウ	1	18	オ
https://dl.ndl.go.jp/pid/2544216/1/27	元和版	和名類聚抄	見開き	1	18	ウ	1	19	オ
https://dl.ndl.go.jp/pid/2544216/1/28	元和版	和名類聚抄	見開き	1	19	ウ	2	1	オ
https://dl.ndl.go.jp/pid/2544216/1/29	元和版	和名類聚抄	見開き	2	1	ウ	2	2	オ
https://dl.ndl.go.jp/pid/2544216/1/30	元和版	和名類聚抄	見開き	2	2	ウ	2	3	オ
https://dl.ndl.go.jp/pid/2544216/1/31	元和版	和名類聚抄	見開き	2	3	ウ	2	4	オ
https://dl.ndl.go.jp/pid/2544216/1/32	元和版	和名類聚抄	見開き	2	4	ウ	2	5	オ
https://dl.ndl.go.jp/pid/2544216/1/33	元和版	和名類聚抄	見開き	2	5	ウ	2	6	オ
https://dl.ndl.go.jp/pid/2544216/1/34	元和版	和名類聚抄	見開き	2	6	ウ	2	7	オ
https://dl.ndl.go.jp/pid/2544216/1/35	元和版	和名類聚抄	見開き	2	7	ウ	2	8	オ
https://dl.ndl.go.jp/pid/2544216/1/36	元和版	和名類聚抄	見開き	2	8	ウ	2	9	オ
https://dl.ndl.go.jp/pid/2544216/1/37	元和版	和名類聚抄	見開き	2	9	ウ	2	10	オ
https://dl.ndl.go.jp/pid/2544216/1/38	元和版	和名類聚抄	見開き	2	10	ウ	2	11	オ
https://dl.ndl.go.jp/pid/2544216/1/39	元和版	和名類聚抄	見開き	2	11	ウ	2	12	オ
https://dl.ndl.go.jp/pid/2544216/1/40	元和版	和名類聚抄	見開き	2	12	ウ	2	13	オ
https://dl.ndl.go.jp/pid/2544216/1/41	元和版	和名類聚抄	見開き	2	13	ウ	2	14	オ
https://dl.ndl.go.jp/pid/2544216/1/42	元和版	和名類聚抄	見開き	2	14	ウ	2	15	オ
https://dl.ndl.go.jp/pid/2544216/1/43	元和版	和名類聚抄	見開き	2	15	ウ	2	16	オ
https://dl.ndl.go.jp/pid/2544216/1/44	元和版	和名類聚抄	見開き	2	16	ウ	2	17	オ
https://dl.ndl.go.jp/pid/2544216/1/45	元和版	和名類聚抄	見開き	2	17	ウ	2	18	オ
https://dl.ndl.go.jp/pid/2544216/1/46	元和版	和名類聚抄	見開き	2	18	ウ	2	19	オ
https://dl.ndl.go.jp/pid/2544216/1/47	元和版	和名類聚抄	見開き	2	19	ウ	2	20	オ
https://dl.ndl.go.jp/pid/2544216/1/48	元和版	和名類聚抄	見開き	2	20	ウ	2	21	オ
https://dl.ndl.go.jp/pid/2544216/1/49	元和版	和名類聚抄	見開き	2	21	ウ	NA	NA	NA
https://dl.ndl.go.jp/pid/2544216/1/50	元和版	和名類聚抄	見開き	NA	NA	NA	NA	NA	NA
https://dl.ndl.go.jp/pid/2544217/1/1	元和版	和名類聚抄	見開き	NA	NA	NA	NA	NA	NA
https://dl.ndl.go.jp/pid/2544217/1/2	元和版	和名類聚抄	見開き	NA	NA	NA	3	1	オ
https://dl.ndl.go.jp/pid/2544217/1/3	元和版	和名類聚抄	見開き	3	1	ウ	3	2	オ
https://dl.ndl.go.jp/pid/2544217/1/4	元和版	和名類聚抄	見開き	3	2	ウ	3	3	オ
https://dl.ndl.go.jp/pid/2544217/1/5	元和版	和名類聚抄	見開き	3	3	ウ	3	4	オ
https://dl.ndl.go.jp/pid/2544217/1/6	元和版	和名類聚抄	見開き	3	4	ウ	3	5	オ
https://dl.ndl.go.jp/pid/2544217/1/7	元和版	和名類聚抄	見開き	3	5	ウ	3	6	オ
https://dl.ndl.go.jp/pid/2544217/1/8	元和版	和名類聚抄	見開き	3	6	ウ	3	7	オ
https://dl.ndl.go.jp/pid/2544217/1/9	元和版	和名類聚抄	見開き	3	7	ウ	3	8	オ
https://dl.ndl.go.jp/pid/2544217/1/10	元和版	和名類聚抄	見開き	3	8	ウ	3	9	オ
https://dl.ndl.go.jp/pid/2544217/1/11	元和版	和名類聚抄	見開き	3	9	ウ	3	10	オ
https://dl.ndl.go.jp/pid/2544217/1/12	元和版	和名類聚抄	見開き	3	10	ウ	3	11	オ
https://dl.ndl.go.jp/pid/2544217/1/13	元和版	和名類聚抄	見開き	3	11	ウ	3	12	オ
https://dl.ndl.go.jp/pid/2544217/1/14	元和版	和名類聚抄	見開き	3	12	ウ	3	13	オ
https://dl.ndl.go.jp/pid/2544217/1/15	元和版	和名類聚抄	見開き	3	13	ウ	3	14	オ
https://dl.ndl.go.jp/pid/2544217/1/16	元和版	和名類聚抄	見開き	3	14	ウ	3	15	オ
https://dl.ndl.go.jp/pid/2544217/1/17	元和版	和名類聚抄	見開き	3	15	ウ	3	16	オ
https://dl.ndl.go.jp/pid/2544217/1/18	元和版	和名類聚抄	見開き	3	16	ウ	3	17	オ
https://dl.ndl.go.jp/pid/2544217/1/19	元和版	和名類聚抄	見開き	3	17	ウ	3	18	オ
https://dl.ndl.go.jp/pid/2544217/1/20	元和版	和名類聚抄	見開き	3	18	ウ	3	19	オ
https://dl.ndl.go.jp/pid/2544217/1/21	元和版	和名類聚抄	見開き	3	19	ウ	3	20	オ
https://dl.ndl.go.jp/pid/2544217/1/22	元和版	和名類聚抄	見開き	3	20	ウ	3	21	オ
https://dl.ndl.go.jp/pid/2544217/1/23	元和版	和名類聚抄	見開き	3	21	ウ	3	22	オ
https://dl.ndl.go.jp/pid/2544217/1/24	元和版	和名類聚抄	見開き	3	22	ウ	3	23	オ
https://dl.ndl.go.jp/pid/2544217/1/25	元和版	和名類聚抄	見開き	3	23	ウ	3	24	オ
https://dl.ndl.go.jp/pid/2544217/1/26	元和版	和名類聚抄	見開き	3	24	ウ	3	25	オ
https://dl.ndl.go.jp/pid/2544217/1/27	元和版	和名類聚抄	見開き	3	25	ウ	3	26	オ
https://dl.ndl.go.jp/pid/2544217/1/28	元和版	和名類聚抄	見開き	3	26	ウ	3	27	オ
https://dl.ndl.go.jp/pid/2544217/1/29	元和版	和名類聚抄	見開き	3	27	ウ	3	28	オ
https://dl.ndl.go.jp/pid/2544217/1/30	元和版	和名類聚抄	見開き	3	28	ウ	3	29	オ
https://dl.ndl.go.jp/pid/2544217/1/31	元和版	和名類聚抄	見開き	3	29	ウ	4	1	オ
https://dl.ndl.go.jp/pid/2544217/1/32	元和版	和名類聚抄	見開き	4	1	ウ	4	2	オ
https://dl.ndl.go.jp/pid/2544217/1/33	元和版	和名類聚抄	見開き	4	2	ウ	4	3	オ
https://dl.ndl.go.jp/pid/2544217/1/34	元和版	和名類聚抄	見開き	4	3	ウ	4	4	オ
https://dl.ndl.go.jp/pid/2544217/1/35	元和版	和名類聚抄	見開き	4	4	ウ	4	5	オ
https://dl.ndl.go.jp/pid/2544217/1/36	元和版	和名類聚抄	見開き	4	5	ウ	4	6	オ
https://dl.ndl.go.jp/pid/2544217/1/37	元和版	和名類聚抄	見開き	4	6	ウ	4	7	オ
https://dl.ndl.go.jp/pid/2544217/1/38	元和版	和名類聚抄	見開き	4	7	ウ	4	8	オ
https://dl.ndl.go.jp/pid/2544217/1/39	元和版	和名類聚抄	見開き	4	8	ウ	4	9	オ
https://dl.ndl.go.jp/pid/2544217/1/40	元和版	和名類聚抄	見開き	4	9	ウ	4	10	オ
https://dl.ndl.go.jp/pid/2544217/1/41	元和版	和名類聚抄	見開き	4	10	ウ	4	11	オ
https://dl.ndl.go.jp/pid/2544217/1/42	元和版	和名類聚抄	見開き	4	11	ウ	4	12	オ
https://dl.ndl.go.jp/pid/2544217/1/43	元和版	和名類聚抄	見開き	4	12	ウ	4	13	オ
https://dl.ndl.go.jp/pid/2544217/1/44	元和版	和名類聚抄	見開き	4	13	ウ	4	14	オ
https://dl.ndl.go.jp/pid/2544217/1/45	元和版	和名類聚抄	見開き	4	14	ウ	4	15	オ
https://dl.ndl.go.jp/pid/2544217/1/46	元和版	和名類聚抄	見開き	4	15	ウ	4	16	オ
https://dl.ndl.go.jp/pid/2544217/1/47	元和版	和名類聚抄	見開き	4	16	ウ	4	17	オ
https://dl.ndl.go.jp/pid/2544217/1/48	元和版	和名類聚抄	見開き	4	17	ウ	4	18	オ
https://dl.ndl.go.jp/pid/2544217/1/49	元和版	和名類聚抄	見開き	4	18	ウ	NA	NA	NA
https://dl.ndl.go.jp/pid/2544217/1/50	元和版	和名類聚抄	見開き	NA	NA	NA	NA	NA	NA
https://dl.ndl.go.jp/pid/2544218/1/1	元和版	和名類聚抄	見開き	NA	NA	NA	NA	NA	NA
https://dl.ndl.go.jp/pid/2544218/1/2	元和版	和名類聚抄	見開き	NA	NA	NA	5	1	オ
https://dl.ndl.go.jp/pid/2544218/1/3	元和版	和名類聚抄	見開き	5	1	ウ	5	2	オ
https://dl.ndl.go.jp/pid/2544218/1/4	元和版	和名類聚抄	見開き	5	2	ウ	5	3	オ
https://dl.ndl.go.jp/pid/2544218/1/5	元和版	和名類聚抄	見開き	5	3	ウ	5	4	オ
https://dl.ndl.go.jp/pid/2544218/1/6	元和版	和名類聚抄	見開き	5	4	ウ	5	5	オ
https://dl.ndl.go.jp/pid/2544218/1/7	元和版	和名類聚抄	見開き	5	5	ウ	5	6	オ
https://dl.ndl.go.jp/pid/2544218/1/8	元和版	和名類聚抄	見開き	5	6	ウ	5	7	オ
https://dl.ndl.go.jp/pid/2544218/1/9	元和版	和名類聚抄	見開き	5	7	ウ	5	8	オ
https://dl.ndl.go.jp/pid/2544218/1/10	元和版	和名類聚抄	見開き	5	8	ウ	5	9	オ
https://dl.ndl.go.jp/pid/2544218/1/11	元和版	和名類聚抄	見開き	5	9	ウ	5	10	オ
https://dl.ndl.go.jp/pid/2544218/1/12	元和版	和名類聚抄	見開き	5	10	ウ	5	11	オ
https://dl.ndl.go.jp/pid/2544218/1/13	元和版	和名類聚抄	見開き	5	11	ウ	5	12	オ
https://dl.ndl.go.jp/pid/2544218/1/14	元和版	和名類聚抄	見開き	5	12	ウ	5	13	オ
https://dl.ndl.go.jp/pid/2544218/1/15	元和版	和名類聚抄	見開き	5	13	ウ	5	14	オ
https://dl.ndl.go.jp/pid/2544218/1/16	元和版	和名類聚抄	見開き	5	14	ウ	5	15	オ
https://dl.ndl.go.jp/pid/2544218/1/17	元和版	和名類聚抄	見開き	5	15	ウ	5	16	オ
https://dl.ndl.go.jp/pid/2544218/1/18	元和版	和名類聚抄	見開き	5	16	ウ	5	17	オ
https://dl.ndl.go.jp/pid/2544218/1/19	元和版	和名類聚抄	見開き	5	17	ウ	5	18	オ
https://dl.ndl.go.jp/pid/2544218/1/20	元和版	和名類聚抄	見開き	5	18	ウ	5	19	オ
https://dl.ndl.go.jp/pid/2544218/1/21	元和版	和名類聚抄	見開き	5	19	ウ	5	20	オ
https://dl.ndl.go.jp/pid/2544218/1/22	元和版	和名類聚抄	見開き	5	20	ウ	5	21	オ
https://dl.ndl.go.jp/pid/2544218/1/23	元和版	和名類聚抄	見開き	5	21	ウ	5	22	オ
https://dl.ndl.go.jp/pid/2544218/1/24	元和版	和名類聚抄	見開き	5	22	ウ	5	23	オ
https://dl.ndl.go.jp/pid/2544218/1/25	元和版	和名類聚抄	見開き	5	23	ウ	5	24	オ
https://dl.ndl.go.jp/pid/2544218/1/26	元和版	和名類聚抄	見開き	5	24	ウ	5	25	オ
https://dl.ndl.go.jp/pid/2544218/1/27	元和版	和名類聚抄	見開き	5	25	ウ	5	26	オ
https://dl.ndl.go.jp/pid/2544218/1/28	元和版	和名類聚抄	見開き	5	26	ウ	5	27	オ
https://dl.ndl.go.jp/pid/2544218/1/29	元和版	和名類聚抄	見開き	5	27	ウ	5	28	オ
https://dl.ndl.go.jp/pid/2544218/1/30	元和版	和名類聚抄	見開き	5	28	ウ	6	1	オ
https://dl.ndl.go.jp/pid/2544218/1/31	元和版	和名類聚抄	見開き	6	1	ウ	6	2	オ
https://dl.ndl.go.jp/pid/2544218/1/32	元和版	和名類聚抄	見開き	6	2	ウ	6	3	オ
https://dl.ndl.go.jp/pid/2544218/1/33	元和版	和名類聚抄	見開き	6	3	ウ	6	4	オ
https://dl.ndl.go.jp/pid/2544218/1/34	元和版	和名類聚抄	見開き	6	4	ウ	6	5	オ
https://dl.ndl.go.jp/pid/2544218/1/35	元和版	和名類聚抄	見開き	6	5	ウ	6	6	オ
https://dl.ndl.go.jp/pid/2544218/1/36	元和版	和名類聚抄	見開き	6	6	ウ	6	7	オ
https://dl.ndl.go.jp/pid/2544218/1/37	元和版	和名類聚抄	見開き	6	7	ウ	6	8	オ
https://dl.ndl.go.jp/pid/2544218/1/38	元和版	和名類聚抄	見開き	6	8	ウ	6	9	オ
https://dl.ndl.go.jp/pid/2544218/1/39	元和版	和名類聚抄	見開き	6	9	ウ	6	10	オ
https://dl.ndl.go.jp/pid/2544218/1/40	元和版	和名類聚抄	見開き	6	10	ウ	6	11	オ
https://dl.ndl.go.jp/pid/2544218/1/41	元和版	和名類聚抄	見開き	6	11	ウ	6	12	オ
https://dl.ndl.go.jp/pid/2544218/1/42	元和版	和名類聚抄	見開き	6	12	ウ	6	13	オ
https://dl.ndl.go.jp/pid/2544218/1/43	元和版	和名類聚抄	見開き	6	13	ウ	6	14	オ
https://dl.ndl.go.jp/pid/2544218/1/44	元和版	和名類聚抄	見開き	6	14	ウ	6	15	オ
https://dl.ndl.go.jp/pid/2544218/1/45	元和版	和名類聚抄	見開き	6	15	ウ	6	16	オ
https://dl.ndl.go.jp/pid/2544218/1/46	元和版	和名類聚抄	見開き	6	16	ウ	6	17	オ
https://dl.ndl.go.jp/pid/2544218/1/47	元和版	和名類聚抄	見開き	6	17	ウ	6	18	オ
https://dl.ndl.go.jp/pid/2544218/1/48	元和版	和名類聚抄	見開き	6	18	ウ	6	19	オ
https://dl.ndl.go.jp/pid/2544218/1/49	元和版	和名類聚抄	見開き	6	19	ウ	6	20	オ
https://dl.ndl.go.jp/pid/2544218/1/50	元和版	和名類聚抄	見開き	6	20	ウ	6	21	オ
https://dl.ndl.go.jp/pid/2544218/1/51	元和版	和名類聚抄	見開き	6	21	ウ	6	22	オ
https://dl.ndl.go.jp/pid/2544218/1/52	元和版	和名類聚抄	見開き	6	22	ウ	6	23	オ
https://dl.ndl.go.jp/pid/2544218/1/53	元和版	和名類聚抄	見開き	6	23	ウ	6	24	オ
https://dl.ndl.go.jp/pid/2544218/1/54	元和版	和名類聚抄	見開き	6	24	ウ	6	25	オ
https://dl.ndl.go.jp/pid/2544218/1/55	元和版	和名類聚抄	見開き	6	25	ウ	6	26	オ
https://dl.ndl.go.jp/pid/2544218/1/56	元和版	和名類聚抄	見開き	6	26	ウ	6	27	オ
https://dl.ndl.go.jp/pid/2544218/1/57	元和版	和名類聚抄	見開き	6	27	ウ	6	28	オ
https://dl.ndl.go.jp/pid/2544218/1/58	元和版	和名類聚抄	見開き	6	28	ウ	6	29	オ
https://dl.ndl.go.jp/pid/2544218/1/59	元和版	和名類聚抄	見開き	6	29	ウ	6	30	オ
https://dl.ndl.go.jp/pid/2544218/1/60	元和版	和名類聚抄	見開き	6	30	ウ	6	31	オ
https://dl.ndl.go.jp/pid/2544218/1/61	元和版	和名類聚抄	見開き	6	31	ウ	6	32	オ
https://dl.ndl.go.jp/pid/2544218/1/62	元和版	和名類聚抄	見開き	6	32	ウ	6	33	オ
https://dl.ndl.go.jp/pid/2544218/1/63	元和版	和名類聚抄	見開き	6	33	ウ	NA	NA	NA
https://dl.ndl.go.jp/pid/2544218/1/64	元和版	和名類聚抄	見開き	NA	NA	NA	NA	NA	NA
https://dl.ndl.go.jp/pid/2544219/1/1	元和版	和名類聚抄	見開き	NA	NA	NA	NA	NA	NA
https://dl.ndl.go.jp/pid/2544219/1/2	元和版	和名類聚抄	見開き	NA	NA	NA	7	1	オ
https://dl.ndl.go.jp/pid/2544219/1/3	元和版	和名類聚抄	見開き	7	1	ウ	7	2	オ
https://dl.ndl.go.jp/pid/2544219/1/4	元和版	和名類聚抄	見開き	7	2	ウ	7	3	オ
https://dl.ndl.go.jp/pid/2544219/1/5	元和版	和名類聚抄	見開き	7	3	ウ	7	4	オ
https://dl.ndl.go.jp/pid/2544219/1/6	元和版	和名類聚抄	見開き	7	4	ウ	7	5	オ
https://dl.ndl.go.jp/pid/2544219/1/7	元和版	和名類聚抄	見開き	7	5	ウ	7	6	オ
https://dl.ndl.go.jp/pid/2544219/1/8	元和版	和名類聚抄	見開き	7	6	ウ	7	7	オ
https://dl.ndl.go.jp/pid/2544219/1/9	元和版	和名類聚抄	見開き	7	7	ウ	7	8	オ
https://dl.ndl.go.jp/pid/2544219/1/10	元和版	和名類聚抄	見開き	7	8	ウ	7	9	オ
https://dl.ndl.go.jp/pid/2544219/1/11	元和版	和名類聚抄	見開き	7	9	ウ	7	10	オ
https://dl.ndl.go.jp/pid/2544219/1/12	元和版	和名類聚抄	見開き	7	10	ウ	7	11	オ
https://dl.ndl.go.jp/pid/2544219/1/13	元和版	和名類聚抄	見開き	7	11	ウ	7	12	オ
https://dl.ndl.go.jp/pid/2544219/1/14	元和版	和名類聚抄	見開き	7	12	ウ	7	13	オ
https://dl.ndl.go.jp/pid/2544219/1/15	元和版	和名類聚抄	見開き	7	13	ウ	7	14	オ
https://dl.ndl.go.jp/pid/2544219/1/16	元和版	和名類聚抄	見開き	7	14	ウ	7	15	オ
https://dl.ndl.go.jp/pid/2544219/1/17	元和版	和名類聚抄	見開き	7	15	ウ	7	16	オ
https://dl.ndl.go.jp/pid/2544219/1/18	元和版	和名類聚抄	見開き	7	16	ウ	7	17	オ
https://dl.ndl.go.jp/pid/2544219/1/19	元和版	和名類聚抄	見開き	7	17	ウ	7	18	オ
https://dl.ndl.go.jp/pid/2544219/1/20	元和版	和名類聚抄	見開き	7	18	ウ	7	19	オ
https://dl.ndl.go.jp/pid/2544219/1/21	元和版	和名類聚抄	見開き	7	19	ウ	7	20	オ
https://dl.ndl.go.jp/pid/2544219/1/22	元和版	和名類聚抄	見開き	7	20	ウ	7	21	オ
https://dl.ndl.go.jp/pid/2544219/1/23	元和版	和名類聚抄	見開き	7	21	ウ	7	22	オ
https://dl.ndl.go.jp/pid/2544219/1/24	元和版	和名類聚抄	見開き	7	22	ウ	7	23	オ
https://dl.ndl.go.jp/pid/2544219/1/25	元和版	和名類聚抄	見開き	7	23	ウ	7	24	オ
https://dl.ndl.go.jp/pid/2544219/1/26	元和版	和名類聚抄	見開き	7	24	ウ	7	25	オ
https://dl.ndl.go.jp/pid/2544219/1/27	元和版	和名類聚抄	見開き	7	25	ウ	8	1	オ
https://dl.ndl.go.jp/pid/2544219/1/28	元和版	和名類聚抄	見開き	8	1	ウ	8	2	オ
https://dl.ndl.go.jp/pid/2544219/1/29	元和版	和名類聚抄	見開き	8	2	ウ	8	3	オ
https://dl.ndl.go.jp/pid/2544219/1/30	元和版	和名類聚抄	見開き	8	3	ウ	8	4	オ
https://dl.ndl.go.jp/pid/2544219/1/31	元和版	和名類聚抄	見開き	8	4	ウ	8	5	オ
https://dl.ndl.go.jp/pid/2544219/1/32	元和版	和名類聚抄	見開き	8	5	ウ	8	6	オ
https://dl.ndl.go.jp/pid/2544219/1/33	元和版	和名類聚抄	見開き	8	6	ウ	8	7	オ
https://dl.ndl.go.jp/pid/2544219/1/34	元和版	和名類聚抄	見開き	8	7	ウ	8	8	オ
https://dl.ndl.go.jp/pid/2544219/1/35	元和版	和名類聚抄	見開き	8	8	ウ	8	9	オ
https://dl.ndl.go.jp/pid/2544219/1/36	元和版	和名類聚抄	見開き	8	9	ウ	8	10	オ
https://dl.ndl.go.jp/pid/2544219/1/37	元和版	和名類聚抄	見開き	8	10	ウ	8	11	オ
https://dl.ndl.go.jp/pid/2544219/1/38	元和版	和名類聚抄	見開き	8	11	ウ	8	12	オ
https://dl.ndl.go.jp/pid/2544219/1/39	元和版	和名類聚抄	見開き	8	12	ウ	8	13	オ
https://dl.ndl.go.jp/pid/2544219/1/40	元和版	和名類聚抄	見開き	8	13	ウ	8	14	オ
https://dl.ndl.go.jp/pid/2544219/1/41	元和版	和名類聚抄	見開き	8	14	ウ	8	15	オ
https://dl.ndl.go.jp/pid/2544219/1/42	元和版	和名類聚抄	見開き	8	15	ウ	8	16	オ
https://dl.ndl.go.jp/pid/2544219/1/43	元和版	和名類聚抄	見開き	8	16	ウ	8	17	オ
https://dl.ndl.go.jp/pid/2544219/1/44	元和版	和名類聚抄	見開き	8	17	ウ	8	18	オ
https://dl.ndl.go.jp/pid/2544219/1/45	元和版	和名類聚抄	見開き	8	18	ウ	8	19	オ
https://dl.ndl.go.jp/pid/2544219/1/46	元和版	和名類聚抄	見開き	8	19	ウ	8	20	オ
https://dl.ndl.go.jp/pid/2544219/1/47	元和版	和名類聚抄	見開き	8	20	ウ	8	21	オ
https://dl.ndl.go.jp/pid/2544219/1/48	元和版	和名類聚抄	見開き	8	21	ウ	8	22	オ
https://dl.ndl.go.jp/pid/2544219/1/49	元和版	和名類聚抄	見開き	8	22	ウ	NA	NA	NA
https://dl.ndl.go.jp/pid/2544219/1/50	元和版	和名類聚抄	見開き	NA	NA	NA	NA	NA	NA
https://dl.ndl.go.jp/pid/2544220/1/1	元和版	和名類聚抄	見開き	NA	NA	NA	NA	NA	NA
https://dl.ndl.go.jp/pid/2544220/1/2	元和版	和名類聚抄	見開き	NA	NA	NA	9	1	オ
https://dl.ndl.go.jp/pid/2544220/1/3	元和版	和名類聚抄	見開き	9	1	ウ	9	2	オ
https://dl.ndl.go.jp/pid/2544220/1/4	元和版	和名類聚抄	見開き	9	2	ウ	9	3	オ
https://dl.ndl.go.jp/pid/2544220/1/5	元和版	和名類聚抄	見開き	9	3	ウ	9	4	オ
https://dl.ndl.go.jp/pid/2544220/1/6	元和版	和名類聚抄	見開き	9	4	ウ	9	5	オ
https://dl.ndl.go.jp/pid/2544220/1/7	元和版	和名類聚抄	見開き	9	5	ウ	9	6	オ
https://dl.ndl.go.jp/pid/2544220/1/8	元和版	和名類聚抄	見開き	9	6	ウ	9	7	オ
https://dl.ndl.go.jp/pid/2544220/1/9	元和版	和名類聚抄	見開き	9	7	ウ	9	8	オ
https://dl.ndl.go.jp/pid/2544220/1/10	元和版	和名類聚抄	見開き	9	8	ウ	9	9	オ
https://dl.ndl.go.jp/pid/2544220/1/11	元和版	和名類聚抄	見開き	9	9	ウ	9	10	オ
https://dl.ndl.go.jp/pid/2544220/1/12	元和版	和名類聚抄	見開き	9	10	ウ	9	11	オ
https://dl.ndl.go.jp/pid/2544220/1/13	元和版	和名類聚抄	見開き	9	11	ウ	9	12	オ
https://dl.ndl.go.jp/pid/2544220/1/14	元和版	和名類聚抄	見開き	9	12	ウ	9	13	オ
https://dl.ndl.go.jp/pid/2544220/1/15	元和版	和名類聚抄	見開き	9	13	ウ	9	14	オ
https://dl.ndl.go.jp/pid/2544220/1/16	元和版	和名類聚抄	見開き	9	14	ウ	9	15	オ
https://dl.ndl.go.jp/pid/2544220/1/17	元和版	和名類聚抄	見開き	9	15	ウ	9	16	オ
https://dl.ndl.go.jp/pid/2544220/1/18	元和版	和名類聚抄	見開き	9	16	ウ	9	17	オ
https://dl.ndl.go.jp/pid/2544220/1/19	元和版	和名類聚抄	見開き	9	17	ウ	9	18	オ
https://dl.ndl.go.jp/pid/2544220/1/20	元和版	和名類聚抄	見開き	9	18	ウ	9	19	オ
https://dl.ndl.go.jp/pid/2544220/1/21	元和版	和名類聚抄	見開き	9	19	ウ	9	20	オ
https://dl.ndl.go.jp/pid/2544220/1/22	元和版	和名類聚抄	見開き	9	20	ウ	9	21	オ
https://dl.ndl.go.jp/pid/2544220/1/23	元和版	和名類聚抄	見開き	9	21	ウ	9	22	オ
https://dl.ndl.go.jp/pid/2544220/1/24	元和版	和名類聚抄	見開き	9	22	ウ	9	23	オ
https://dl.ndl.go.jp/pid/2544220/1/25	元和版	和名類聚抄	見開き	9	23	ウ	9	24	オ
https://dl.ndl.go.jp/pid/2544220/1/26	元和版	和名類聚抄	見開き	9	24	ウ	10	1	オ
https://dl.ndl.go.jp/pid/2544220/1/27	元和版	和名類聚抄	見開き	10	1	ウ	10	2	オ
https://dl.ndl.go.jp/pid/2544220/1/28	元和版	和名類聚抄	見開き	10	2	ウ	10	3	オ
https://dl.ndl.go.jp/pid/2544220/1/29	元和版	和名類聚抄	見開き	10	3	ウ	10	4	オ
https://dl.ndl.go.jp/pid/2544220/1/30	元和版	和名類聚抄	見開き	10	4	ウ	10	5	オ
https://dl.ndl.go.jp/pid/2544220/1/31	元和版	和名類聚抄	見開き	10	5	ウ	10	6	オ
https://dl.ndl.go.jp/pid/2544220/1/32	元和版	和名類聚抄	見開き	10	6	ウ	10	7	オ
https://dl.ndl.go.jp/pid/2544220/1/33	元和版	和名類聚抄	見開き	10	7	ウ	10	8	オ
https://dl.ndl.go.jp/pid/2544220/1/34	元和版	和名類聚抄	見開き	10	8	ウ	10	9	オ
https://dl.ndl.go.jp/pid/2544220/1/35	元和版	和名類聚抄	見開き	10	9	ウ	10	10	オ
https://dl.ndl.go.jp/pid/2544220/1/36	元和版	和名類聚抄	見開き	10	10	ウ	10	11	オ
https://dl.ndl.go.jp/pid/2544220/1/37	元和版	和名類聚抄	見開き	10	11	ウ	10	12	オ
https://dl.ndl.go.jp/pid/2544220/1/38	元和版	和名類聚抄	見開き	10	12	ウ	10	13	オ
https://dl.ndl.go.jp/pid/2544220/1/39	元和版	和名類聚抄	見開き	10	13	ウ	10	14	オ
https://dl.ndl.go.jp/pid/2544220/1/40	元和版	和名類聚抄	見開き	10	14	ウ	10	15	オ
https://dl.ndl.go.jp/pid/2544220/1/41	元和版	和名類聚抄	見開き	10	15	ウ	10	16	オ
https://dl.ndl.go.jp/pid/2544220/1/42	元和版	和名類聚抄	見開き	10	16	ウ	10	17	オ
https://dl.ndl.go.jp/pid/2544220/1/43	元和版	和名類聚抄	見開き	10	17	ウ	10	18	オ
https://dl.ndl.go.jp/pid/2544220/1/44	元和版	和名類聚抄	見開き	10	18	ウ	10	19	オ
https://dl.ndl.go.jp/pid/2544220/1/45	元和版	和名類聚抄	見開き	10	19	ウ	NA	NA	NA
https://dl.ndl.go.jp/pid/2544220/1/46	元和版	和名類聚抄	見開き	NA	NA	NA	NA	NA	NA
https://dl.ndl.go.jp/pid/2544221/1/1	元和版	和名類聚抄	見開き	NA	NA	NA	NA	NA	NA
https://dl.ndl.go.jp/pid/2544221/1/2	元和版	和名類聚抄	見開き	NA	NA	NA	11	1	オ
https://dl.ndl.go.jp/pid/2544221/1/3	元和版	和名類聚抄	見開き	11	1	ウ	11	2	オ
https://dl.ndl.go.jp/pid/2544221/1/4	元和版	和名類聚抄	見開き	11	2	ウ	11	3	オ
https://dl.ndl.go.jp/pid/2544221/1/5	元和版	和名類聚抄	見開き	11	3	ウ	11	4	オ
https://dl.ndl.go.jp/pid/2544221/1/6	元和版	和名類聚抄	見開き	11	4	ウ	11	5	オ
https://dl.ndl.go.jp/pid/2544221/1/7	元和版	和名類聚抄	見開き	11	5	ウ	11	6	オ
https://dl.ndl.go.jp/pid/2544221/1/8	元和版	和名類聚抄	見開き	11	6	ウ	11	7	オ
https://dl.ndl.go.jp/pid/2544221/1/9	元和版	和名類聚抄	見開き	11	7	ウ	11	8	オ
https://dl.ndl.go.jp/pid/2544221/1/10	元和版	和名類聚抄	見開き	11	8	ウ	11	9	オ
https://dl.ndl.go.jp/pid/2544221/1/11	元和版	和名類聚抄	見開き	11	9	ウ	11	10	オ
https://dl.ndl.go.jp/pid/2544221/1/12	元和版	和名類聚抄	見開き	11	10	ウ	11	11	オ
https://dl.ndl.go.jp/pid/2544221/1/13	元和版	和名類聚抄	見開き	11	11	ウ	11	12	オ
https://dl.ndl.go.jp/pid/2544221/1/14	元和版	和名類聚抄	見開き	11	12	ウ	11	13	オ
https://dl.ndl.go.jp/pid/2544221/1/15	元和版	和名類聚抄	見開き	11	13	ウ	11	14	オ
https://dl.ndl.go.jp/pid/2544221/1/16	元和版	和名類聚抄	見開き	11	14	ウ	11	15	オ
https://dl.ndl.go.jp/pid/2544221/1/17	元和版	和名類聚抄	見開き	11	15	ウ	11	16	オ
https://dl.ndl.go.jp/pid/2544221/1/18	元和版	和名類聚抄	見開き	11	16	ウ	11	17	オ
https://dl.ndl.go.jp/pid/2544221/1/19	元和版	和名類聚抄	見開き	11	17	ウ	11	18	オ
https://dl.ndl.go.jp/pid/2544221/1/20	元和版	和名類聚抄	見開き	11	18	ウ	11	19	オ
https://dl.ndl.go.jp/pid/2544221/1/21	元和版	和名類聚抄	見開き	11	19	ウ	12	1	オ
https://dl.ndl.go.jp/pid/2544221/1/22	元和版	和名類聚抄	見開き	12	1	ウ	12	2	オ
https://dl.ndl.go.jp/pid/2544221/1/23	元和版	和名類聚抄	見開き	12	2	ウ	12	3	オ
https://dl.ndl.go.jp/pid/2544221/1/24	元和版	和名類聚抄	見開き	12	3	ウ	12	4	オ
https://dl.ndl.go.jp/pid/2544221/1/25	元和版	和名類聚抄	見開き	12	4	ウ	12	5	オ
https://dl.ndl.go.jp/pid/2544221/1/26	元和版	和名類聚抄	見開き	12	5	ウ	12	6	オ
https://dl.ndl.go.jp/pid/2544221/1/27	元和版	和名類聚抄	見開き	12	6	ウ	12	7	オ
https://dl.ndl.go.jp/pid/2544221/1/28	元和版	和名類聚抄	見開き	12	7	ウ	12	8	オ
https://dl.ndl.go.jp/pid/2544221/1/29	元和版	和名類聚抄	見開き	12	8	ウ	12	9	オ
https://dl.ndl.go.jp/pid/2544221/1/30	元和版	和名類聚抄	見開き	12	9	ウ	12	10	オ
https://dl.ndl.go.jp/pid/2544221/1/31	元和版	和名類聚抄	見開き	12	10	ウ	12	11	オ
https://dl.ndl.go.jp/pid/2544221/1/32	元和版	和名類聚抄	見開き	12	11	ウ	12	12	オ
https://dl.ndl.go.jp/pid/2544221/1/33	元和版	和名類聚抄	見開き	12	12	ウ	12	13	オ
https://dl.ndl.go.jp/pid/2544221/1/34	元和版	和名類聚抄	見開き	12	13	ウ	12	14	オ
https://dl.ndl.go.jp/pid/2544221/1/35	元和版	和名類聚抄	見開き	12	14	ウ	12	15	オ
https://dl.ndl.go.jp/pid/2544221/1/36	元和版	和名類聚抄	見開き	12	15	ウ	12	16	オ
https://dl.ndl.go.jp/pid/2544221/1/37	元和版	和名類聚抄	見開き	12	16	ウ	12	17	オ
https://dl.ndl.go.jp/pid/2544221/1/38	元和版	和名類聚抄	見開き	12	17	ウ	12	18	オ
https://dl.ndl.go.jp/pid/2544221/1/39	元和版	和名類聚抄	見開き	12	18	ウ	12	19	オ
https://dl.ndl.go.jp/pid/2544221/1/40	元和版	和名類聚抄	見開き	12	19	ウ	12	20	オ
https://dl.ndl.go.jp/pid/2544221/1/41	元和版	和名類聚抄	見開き	12	20	ウ	12	21	オ
https://dl.ndl.go.jp/pid/2544221/1/42	元和版	和名類聚抄	見開き	12	21	ウ	12	22	オ
https://dl.ndl.go.jp/pid/2544221/1/43	元和版	和名類聚抄	見開き	12	22	ウ	12	23	オ
https://dl.ndl.go.jp/pid/2544221/1/44	元和版	和名類聚抄	見開き	12	23	ウ	12	24	オ
https://dl.ndl.go.jp/pid/2544221/1/45	元和版	和名類聚抄	見開き	12	24	ウ	12	25	オ
https://dl.ndl.go.jp/pid/2544221/1/46	元和版	和名類聚抄	見開き	12	25	ウ	12	26	オ
https://dl.ndl.go.jp/pid/2544221/1/47	元和版	和名類聚抄	見開き	12	26	ウ	12	27	オ
https://dl.ndl.go.jp/pid/2544221/1/48	元和版	和名類聚抄	見開き	12	27	ウ	12	28	オ
https://dl.ndl.go.jp/pid/2544221/1/49	元和版	和名類聚抄	見開き	12	28	ウ	NA	NA	NA
https://dl.ndl.go.jp/pid/2544221/1/50	元和版	和名類聚抄	見開き	NA	NA	NA	NA	NA	NA
https://dl.ndl.go.jp/pid/2544222/1/1	元和版	和名類聚抄	見開き	NA	NA	NA	NA	NA	NA
https://dl.ndl.go.jp/pid/2544222/1/2	元和版	和名類聚抄	見開き	NA	NA	NA	13	1	オ
https://dl.ndl.go.jp/pid/2544222/1/3	元和版	和名類聚抄	見開き	13	1	ウ	13	2	オ
https://dl.ndl.go.jp/pid/2544222/1/4	元和版	和名類聚抄	見開き	13	2	ウ	13	3	オ
https://dl.ndl.go.jp/pid/2544222/1/5	元和版	和名類聚抄	見開き	13	3	ウ	13	4	オ
https://dl.ndl.go.jp/pid/2544222/1/6	元和版	和名類聚抄	見開き	13	4	ウ	13	5	オ
https://dl.ndl.go.jp/pid/2544222/1/7	元和版	和名類聚抄	見開き	13	5	ウ	13	6	オ
https://dl.ndl.go.jp/pid/2544222/1/8	元和版	和名類聚抄	見開き	13	6	ウ	13	7	オ
https://dl.ndl.go.jp/pid/2544222/1/9	元和版	和名類聚抄	見開き	13	7	ウ	13	8	オ
https://dl.ndl.go.jp/pid/2544222/1/10	元和版	和名類聚抄	見開き	13	8	ウ	13	9	オ
https://dl.ndl.go.jp/pid/2544222/1/11	元和版	和名類聚抄	見開き	13	9	ウ	13	10	オ
https://dl.ndl.go.jp/pid/2544222/1/12	元和版	和名類聚抄	見開き	13	10	ウ	13	11	オ
https://dl.ndl.go.jp/pid/2544222/1/13	元和版	和名類聚抄	見開き	13	11	ウ	13	12	オ
https://dl.ndl.go.jp/pid/2544222/1/14	元和版	和名類聚抄	見開き	13	12	ウ	13	13	オ
https://dl.ndl.go.jp/pid/2544222/1/15	元和版	和名類聚抄	見開き	13	13	ウ	13	14	オ
https://dl.ndl.go.jp/pid/2544222/1/16	元和版	和名類聚抄	見開き	13	14	ウ	13	15	オ
https://dl.ndl.go.jp/pid/2544222/1/17	元和版	和名類聚抄	見開き	13	15	ウ	13	16	オ
https://dl.ndl.go.jp/pid/2544222/1/18	元和版	和名類聚抄	見開き	13	16	ウ	13	17	オ
https://dl.ndl.go.jp/pid/2544222/1/19	元和版	和名類聚抄	見開き	13	17	ウ	13	18	オ
https://dl.ndl.go.jp/pid/2544222/1/20	元和版	和名類聚抄	見開き	13	18	ウ	14	1	オ
https://dl.ndl.go.jp/pid/2544222/1/21	元和版	和名類聚抄	見開き	14	1	ウ	14	2	オ
https://dl.ndl.go.jp/pid/2544222/1/22	元和版	和名類聚抄	見開き	14	2	ウ	14	3	オ
https://dl.ndl.go.jp/pid/2544222/1/23	元和版	和名類聚抄	見開き	14	3	ウ	14	4	オ
https://dl.ndl.go.jp/pid/2544222/1/24	元和版	和名類聚抄	見開き	14	4	ウ	14	5	オ
https://dl.ndl.go.jp/pid/2544222/1/25	元和版	和名類聚抄	見開き	14	5	ウ	14	6	オ
https://dl.ndl.go.jp/pid/2544222/1/26	元和版	和名類聚抄	見開き	14	6	ウ	14	7	オ
https://dl.ndl.go.jp/pid/2544222/1/27	元和版	和名類聚抄	見開き	14	7	ウ	14	8	オ
https://dl.ndl.go.jp/pid/2544222/1/28	元和版	和名類聚抄	見開き	14	8	ウ	14	9	オ
https://dl.ndl.go.jp/pid/2544222/1/29	元和版	和名類聚抄	見開き	14	9	ウ	14	10	オ
https://dl.ndl.go.jp/pid/2544222/1/30	元和版	和名類聚抄	見開き	14	10	ウ	14	11	オ
https://dl.ndl.go.jp/pid/2544222/1/31	元和版	和名類聚抄	見開き	14	11	ウ	14	12	オ
https://dl.ndl.go.jp/pid/2544222/1/32	元和版	和名類聚抄	見開き	14	12	ウ	14	13	オ
https://dl.ndl.go.jp/pid/2544222/1/33	元和版	和名類聚抄	見開き	14	13	ウ	14	14	オ
https://dl.ndl.go.jp/pid/2544222/1/34	元和版	和名類聚抄	見開き	14	14	ウ	14	15	オ
https://dl.ndl.go.jp/pid/2544222/1/35	元和版	和名類聚抄	見開き	14	15	ウ	14	16	オ
https://dl.ndl.go.jp/pid/2544222/1/36	元和版	和名類聚抄	見開き	14	16	ウ	14	17	オ
https://dl.ndl.go.jp/pid/2544222/1/37	元和版	和名類聚抄	見開き	14	17	ウ	14	18	オ
https://dl.ndl.go.jp/pid/2544222/1/38	元和版	和名類聚抄	見開き	14	18	ウ	14	19	オ
https://dl.ndl.go.jp/pid/2544222/1/39	元和版	和名類聚抄	見開き	14	19	ウ	14	20	オ
https://dl.ndl.go.jp/pid/2544222/1/40	元和版	和名類聚抄	見開き	14	20	ウ	14	21	オ
https://dl.ndl.go.jp/pid/2544222/1/41	元和版	和名類聚抄	見開き	14	21	ウ	NA	NA	NA
https://dl.ndl.go.jp/pid/2544222/1/42	元和版	和名類聚抄	見開き	NA	NA	NA	NA	NA	NA
https://dl.ndl.go.jp/pid/2544223/1/1	元和版	和名類聚抄	見開き	NA	NA	NA	NA	NA	NA
https://dl.ndl.go.jp/pid/2544223/1/2	元和版	和名類聚抄	見開き	NA	NA	NA	15	1	オ
https://dl.ndl.go.jp/pid/2544223/1/3	元和版	和名類聚抄	見開き	15	1	ウ	15	2	オ
https://dl.ndl.go.jp/pid/2544223/1/4	元和版	和名類聚抄	見開き	15	2	ウ	15	3	オ
https://dl.ndl.go.jp/pid/2544223/1/5	元和版	和名類聚抄	見開き	15	3	ウ	15	4	オ
https://dl.ndl.go.jp/pid/2544223/1/6	元和版	和名類聚抄	見開き	15	4	ウ	15	5	オ
https://dl.ndl.go.jp/pid/2544223/1/7	元和版	和名類聚抄	見開き	15	5	ウ	15	6	オ
https://dl.ndl.go.jp/pid/2544223/1/8	元和版	和名類聚抄	見開き	15	6	ウ	15	7	オ
https://dl.ndl.go.jp/pid/2544223/1/9	元和版	和名類聚抄	見開き	15	7	ウ	15	8	オ
https://dl.ndl.go.jp/pid/2544223/1/10	元和版	和名類聚抄	見開き	15	8	ウ	15	9	オ
https://dl.ndl.go.jp/pid/2544223/1/11	元和版	和名類聚抄	見開き	15	9	ウ	15	10	オ
https://dl.ndl.go.jp/pid/2544223/1/12	元和版	和名類聚抄	見開き	15	10	ウ	15	11	オ
https://dl.ndl.go.jp/pid/2544223/1/13	元和版	和名類聚抄	見開き	15	11	ウ	15	12	オ
https://dl.ndl.go.jp/pid/2544223/1/14	元和版	和名類聚抄	見開き	15	12	ウ	15	13	オ
https://dl.ndl.go.jp/pid/2544223/1/15	元和版	和名類聚抄	見開き	15	13	ウ	15	14	オ
https://dl.ndl.go.jp/pid/2544223/1/16	元和版	和名類聚抄	見開き	15	14	ウ	15	15	オ
https://dl.ndl.go.jp/pid/2544223/1/17	元和版	和名類聚抄	見開き	15	15	ウ	15	16	オ
https://dl.ndl.go.jp/pid/2544223/1/18	元和版	和名類聚抄	見開き	15	16	ウ	15	17	オ
https://dl.ndl.go.jp/pid/2544223/1/19	元和版	和名類聚抄	見開き	15	17	ウ	16	1	オ
https://dl.ndl.go.jp/pid/2544223/1/20	元和版	和名類聚抄	見開き	16	1	ウ	16	2	オ
https://dl.ndl.go.jp/pid/2544223/1/21	元和版	和名類聚抄	見開き	16	2	ウ	16	3	オ
https://dl.ndl.go.jp/pid/2544223/1/22	元和版	和名類聚抄	見開き	16	3	ウ	16	4	オ
https://dl.ndl.go.jp/pid/2544223/1/23	元和版	和名類聚抄	見開き	16	4	ウ	16	5	オ
https://dl.ndl.go.jp/pid/2544223/1/24	元和版	和名類聚抄	見開き	16	5	ウ	16	6	オ
https://dl.ndl.go.jp/pid/2544223/1/25	元和版	和名類聚抄	見開き	16	6	ウ	16	7	オ
https://dl.ndl.go.jp/pid/2544223/1/26	元和版	和名類聚抄	見開き	16	7	ウ	16	8	オ
https://dl.ndl.go.jp/pid/2544223/1/27	元和版	和名類聚抄	見開き	16	8	ウ	16	9	オ
https://dl.ndl.go.jp/pid/2544223/1/28	元和版	和名類聚抄	見開き	16	9	ウ	16	10	オ
https://dl.ndl.go.jp/pid/2544223/1/29	元和版	和名類聚抄	見開き	16	10	ウ	16	11	オ
https://dl.ndl.go.jp/pid/2544223/1/30	元和版	和名類聚抄	見開き	16	11	ウ	16	12	オ
https://dl.ndl.go.jp/pid/2544223/1/31	元和版	和名類聚抄	見開き	16	12	ウ	16	13	オ
https://dl.ndl.go.jp/pid/2544223/1/32	元和版	和名類聚抄	見開き	16	13	ウ	16	14	オ
https://dl.ndl.go.jp/pid/2544223/1/33	元和版	和名類聚抄	見開き	16	14	ウ	16	15	オ
https://dl.ndl.go.jp/pid/2544223/1/34	元和版	和名類聚抄	見開き	16	15	ウ	16	16	オ
https://dl.ndl.go.jp/pid/2544223/1/35	元和版	和名類聚抄	見開き	16	16	ウ	16	17	オ
https://dl.ndl.go.jp/pid/2544223/1/36	元和版	和名類聚抄	見開き	16	17	ウ	16	18	オ
https://dl.ndl.go.jp/pid/2544223/1/37	元和版	和名類聚抄	見開き	16	18	ウ	16	19	オ
https://dl.ndl.go.jp/pid/2544223/1/38	元和版	和名類聚抄	見開き	16	19	ウ	16	20	オ
https://dl.ndl.go.jp/pid/2544223/1/39	元和版	和名類聚抄	見開き	16	20	ウ	16	21	オ
https://dl.ndl.go.jp/pid/2544223/1/40	元和版	和名類聚抄	見開き	16	21	ウ	16	22	オ
https://dl.ndl.go.jp/pid/2544223/1/41	元和版	和名類聚抄	見開き	16	22	ウ	16	23	オ
https://dl.ndl.go.jp/pid/2544223/1/42	元和版	和名類聚抄	見開き	16	23	ウ	NA	NA	NA
https://dl.ndl.go.jp/pid/2544223/1/43	元和版	和名類聚抄	見開き	NA	NA	NA	NA	NA	NA
https://dl.ndl.go.jp/pid/2544224/1/1	元和版	和名類聚抄	見開き	NA	NA	NA	NA	NA	NA
https://dl.ndl.go.jp/pid/2544224/1/2	元和版	和名類聚抄	見開き	NA	NA	NA	17	1	オ
https://dl.ndl.go.jp/pid/2544224/1/3	元和版	和名類聚抄	見開き	17	1	ウ	17	2	オ
https://dl.ndl.go.jp/pid/2544224/1/4	元和版	和名類聚抄	見開き	17	2	ウ	17	3	オ
https://dl.ndl.go.jp/pid/2544224/1/5	元和版	和名類聚抄	見開き	17	3	ウ	17	4	オ
https://dl.ndl.go.jp/pid/2544224/1/6	元和版	和名類聚抄	見開き	17	4	ウ	17	5	オ
https://dl.ndl.go.jp/pid/2544224/1/7	元和版	和名類聚抄	見開き	17	5	ウ	17	6	オ
https://dl.ndl.go.jp/pid/2544224/1/8	元和版	和名類聚抄	見開き	17	6	ウ	17	7	オ
https://dl.ndl.go.jp/pid/2544224/1/9	元和版	和名類聚抄	見開き	17	7	ウ	17	8	オ
https://dl.ndl.go.jp/pid/2544224/1/10	元和版	和名類聚抄	見開き	17	8	ウ	17	9	オ
https://dl.ndl.go.jp/pid/2544224/1/11	元和版	和名類聚抄	見開き	17	9	ウ	17	10	オ
https://dl.ndl.go.jp/pid/2544224/1/12	元和版	和名類聚抄	見開き	17	10	ウ	17	11	オ
https://dl.ndl.go.jp/pid/2544224/1/13	元和版	和名類聚抄	見開き	17	11	ウ	17	12	オ
https://dl.ndl.go.jp/pid/2544224/1/14	元和版	和名類聚抄	見開き	17	12	ウ	17	13	オ
https://dl.ndl.go.jp/pid/2544224/1/15	元和版	和名類聚抄	見開き	17	13	ウ	17	14	オ
https://dl.ndl.go.jp/pid/2544224/1/16	元和版	和名類聚抄	見開き	17	14	ウ	17	15	オ
https://dl.ndl.go.jp/pid/2544224/1/17	元和版	和名類聚抄	見開き	17	15	ウ	17	16	オ
https://dl.ndl.go.jp/pid/2544224/1/18	元和版	和名類聚抄	見開き	17	16	ウ	17	17	オ
https://dl.ndl.go.jp/pid/2544224/1/19	元和版	和名類聚抄	見開き	17	17	ウ	17	18	オ
https://dl.ndl.go.jp/pid/2544224/1/20	元和版	和名類聚抄	見開き	17	18	ウ	17	19	オ
https://dl.ndl.go.jp/pid/2544224/1/21	元和版	和名類聚抄	見開き	17	19	ウ	17	20	オ
https://dl.ndl.go.jp/pid/2544224/1/22	元和版	和名類聚抄	見開き	17	20	ウ	17	21	オ
https://dl.ndl.go.jp/pid/2544224/1/23	元和版	和名類聚抄	見開き	17	21	ウ	17	22	オ
https://dl.ndl.go.jp/pid/2544224/1/24	元和版	和名類聚抄	見開き	17	22	ウ	17	23	オ
https://dl.ndl.go.jp/pid/2544224/1/25	元和版	和名類聚抄	見開き	17	23	ウ	17	24	オ
https://dl.ndl.go.jp/pid/2544224/1/26	元和版	和名類聚抄	見開き	17	24	ウ	17	25	オ
https://dl.ndl.go.jp/pid/2544224/1/27	元和版	和名類聚抄	見開き	17	25	ウ	18	1	オ
https://dl.ndl.go.jp/pid/2544224/1/28	元和版	和名類聚抄	見開き	18	1	ウ	18	2	オ
https://dl.ndl.go.jp/pid/2544224/1/29	元和版	和名類聚抄	見開き	18	2	ウ	18	3	オ
https://dl.ndl.go.jp/pid/2544224/1/30	元和版	和名類聚抄	見開き	18	3	ウ	18	4	オ
https://dl.ndl.go.jp/pid/2544224/1/31	元和版	和名類聚抄	見開き	18	4	ウ	18	5	オ
https://dl.ndl.go.jp/pid/2544224/1/32	元和版	和名類聚抄	見開き	18	5	ウ	18	6	オ
https://dl.ndl.go.jp/pid/2544224/1/33	元和版	和名類聚抄	見開き	18	6	ウ	18	7	オ
https://dl.ndl.go.jp/pid/2544224/1/34	元和版	和名類聚抄	見開き	18	7	ウ	18	8	オ
https://dl.ndl.go.jp/pid/2544224/1/35	元和版	和名類聚抄	見開き	18	8	ウ	18	9	オ
https://dl.ndl.go.jp/pid/2544224/1/36	元和版	和名類聚抄	見開き	18	9	ウ	18	10	オ
https://dl.ndl.go.jp/pid/2544224/1/37	元和版	和名類聚抄	見開き	18	10	ウ	18	11	オ
https://dl.ndl.go.jp/pid/2544224/1/38	元和版	和名類聚抄	見開き	18	11	ウ	18	12	オ
https://dl.ndl.go.jp/pid/2544224/1/39	元和版	和名類聚抄	見開き	18	12	ウ	18	13	オ
https://dl.ndl.go.jp/pid/2544224/1/40	元和版	和名類聚抄	見開き	18	13	ウ	18	14	オ
https://dl.ndl.go.jp/pid/2544224/1/41	元和版	和名類聚抄	見開き	18	14	ウ	18	15	オ
https://dl.ndl.go.jp/pid/2544224/1/42	元和版	和名類聚抄	見開き	18	15	ウ	18	16	オ
https://dl.ndl.go.jp/pid/2544224/1/43	元和版	和名類聚抄	見開き	18	16	ウ	18	17	オ
https://dl.ndl.go.jp/pid/2544224/1/44	元和版	和名類聚抄	見開き	18	17	ウ	18	18	オ
https://dl.ndl.go.jp/pid/2544224/1/45	元和版	和名類聚抄	見開き	18	18	ウ	18	19	オ
https://dl.ndl.go.jp/pid/2544224/1/46	元和版	和名類聚抄	見開き	18	19	ウ	18	20	オ
https://dl.ndl.go.jp/pid/2544224/1/47	元和版	和名類聚抄	見開き	18	20	ウ	18	21	オ
https://dl.ndl.go.jp/pid/2544224/1/48	元和版	和名類聚抄	見開き	18	21	ウ	18	22	オ
https://dl.ndl.go.jp/pid/2544224/1/49	元和版	和名類聚抄	見開き	18	22	ウ	18	23	オ
https://dl.ndl.go.jp/pid/2544224/1/50	元和版	和名類聚抄	見開き	18	23	ウ	NA	NA	NA
https://dl.ndl.go.jp/pid/2544224/1/51	元和版	和名類聚抄	見開き	NA	NA	NA	NA	NA	NA
https://dl.ndl.go.jp/pid/2544225/1/1	元和版	和名類聚抄	見開き	NA	NA	NA	NA	NA	NA
https://dl.ndl.go.jp/pid/2544225/1/2	元和版	和名類聚抄	見開き	NA	NA	NA	19	1	オ
https://dl.ndl.go.jp/pid/2544225/1/3	元和版	和名類聚抄	見開き	19	1	ウ	19	2	オ
https://dl.ndl.go.jp/pid/2544225/1/4	元和版	和名類聚抄	見開き	19	2	ウ	19	3	オ
https://dl.ndl.go.jp/pid/2544225/1/5	元和版	和名類聚抄	見開き	19	3	ウ	19	4	オ
https://dl.ndl.go.jp/pid/2544225/1/6	元和版	和名類聚抄	見開き	19	4	ウ	19	5	オ
https://dl.ndl.go.jp/pid/2544225/1/7	元和版	和名類聚抄	見開き	19	5	ウ	19	6	オ
https://dl.ndl.go.jp/pid/2544225/1/8	元和版	和名類聚抄	見開き	19	6	ウ	19	7	オ
https://dl.ndl.go.jp/pid/2544225/1/9	元和版	和名類聚抄	見開き	19	7	ウ	19	8	オ
https://dl.ndl.go.jp/pid/2544225/1/10	元和版	和名類聚抄	見開き	19	8	ウ	19	9	オ
https://dl.ndl.go.jp/pid/2544225/1/11	元和版	和名類聚抄	見開き	19	9	ウ	19	10	オ
https://dl.ndl.go.jp/pid/2544225/1/12	元和版	和名類聚抄	見開き	19	10	ウ	19	11	オ
https://dl.ndl.go.jp/pid/2544225/1/13	元和版	和名類聚抄	見開き	19	11	ウ	19	12	オ
https://dl.ndl.go.jp/pid/2544225/1/14	元和版	和名類聚抄	見開き	19	12	ウ	19	13	オ
https://dl.ndl.go.jp/pid/2544225/1/15	元和版	和名類聚抄	見開き	19	13	ウ	19	14	オ
https://dl.ndl.go.jp/pid/2544225/1/16	元和版	和名類聚抄	見開き	19	14	ウ	19	15	オ
https://dl.ndl.go.jp/pid/2544225/1/17	元和版	和名類聚抄	見開き	19	15	ウ	19	16	オ
https://dl.ndl.go.jp/pid/2544225/1/18	元和版	和名類聚抄	見開き	19	16	ウ	19	17	オ
https://dl.ndl.go.jp/pid/2544225/1/19	元和版	和名類聚抄	見開き	19	17	ウ	19	18	オ
https://dl.ndl.go.jp/pid/2544225/1/20	元和版	和名類聚抄	見開き	19	18	ウ	19	19	オ
https://dl.ndl.go.jp/pid/2544225/1/21	元和版	和名類聚抄	見開き	19	19	ウ	19	20	オ
https://dl.ndl.go.jp/pid/2544225/1/22	元和版	和名類聚抄	見開き	19	20	ウ	19	21	オ
https://dl.ndl.go.jp/pid/2544225/1/23	元和版	和名類聚抄	見開き	19	21	ウ	19	22	オ
https://dl.ndl.go.jp/pid/2544225/1/24	元和版	和名類聚抄	見開き	19	22	ウ	19	23	オ
https://dl.ndl.go.jp/pid/2544225/1/25	元和版	和名類聚抄	見開き	19	23	ウ	19	24	オ
https://dl.ndl.go.jp/pid/2544225/1/26	元和版	和名類聚抄	見開き	19	24	ウ	19	25	オ
https://dl.ndl.go.jp/pid/2544225/1/27	元和版	和名類聚抄	見開き	19	25	ウ	19	26	オ
https://dl.ndl.go.jp/pid/2544225/1/28	元和版	和名類聚抄	見開き	19	26	ウ	19	27	オ
https://dl.ndl.go.jp/pid/2544225/1/29	元和版	和名類聚抄	見開き	19	27	ウ	19	28	オ
https://dl.ndl.go.jp/pid/2544225/1/30	元和版	和名類聚抄	見開き	19	28	ウ	19	29	オ
https://dl.ndl.go.jp/pid/2544225/1/31	元和版	和名類聚抄	見開き	19	29	ウ	20	1	オ
https://dl.ndl.go.jp/pid/2544225/1/32	元和版	和名類聚抄	見開き	20	1	ウ	20	2	オ
https://dl.ndl.go.jp/pid/2544225/1/33	元和版	和名類聚抄	見開き	20	2	ウ	20	3	オ
https://dl.ndl.go.jp/pid/2544225/1/34	元和版	和名類聚抄	見開き	20	3	ウ	20	4	オ
https://dl.ndl.go.jp/pid/2544225/1/35	元和版	和名類聚抄	見開き	20	4	ウ	20	5	オ
https://dl.ndl.go.jp/pid/2544225/1/36	元和版	和名類聚抄	見開き	20	5	ウ	20	6	オ
https://dl.ndl.go.jp/pid/2544225/1/37	元和版	和名類聚抄	見開き	20	6	ウ	20	7	オ
https://dl.ndl.go.jp/pid/2544225/1/38	元和版	和名類聚抄	見開き	20	7	ウ	20	8	オ
https://dl.ndl.go.jp/pid/2544225/1/39	元和版	和名類聚抄	見開き	20	8	ウ	20	9	オ
https://dl.ndl.go.jp/pid/2544225/1/40	元和版	和名類聚抄	見開き	20	9	ウ	20	10	オ
https://dl.ndl.go.jp/pid/2544225/1/41	元和版	和名類聚抄	見開き	20	10	ウ	20	11	オ
https://dl.ndl.go.jp/pid/2544225/1/42	元和版	和名類聚抄	見開き	20	11	ウ	20	12	オ
https://dl.ndl.go.jp/pid/2544225/1/43	元和版	和名類聚抄	見開き	20	12	ウ	20	13	オ
https://dl.ndl.go.jp/pid/2544225/1/44	元和版	和名類聚抄	見開き	20	13	ウ	20	14	オ
https://dl.ndl.go.jp/pid/2544225/1/45	元和版	和名類聚抄	見開き	20	14	ウ	20	15	オ
https://dl.ndl.go.jp/pid/2544225/1/46	元和版	和名類聚抄	見開き	20	15	ウ	20	16	オ
https://dl.ndl.go.jp/pid/2544225/1/47	元和版	和名類聚抄	見開き	20	16	ウ	20	17	オ
https://dl.ndl.go.jp/pid/2544225/1/48	元和版	和名類聚抄	見開き	20	17	ウ	20	18	オ
https://dl.ndl.go.jp/pid/2544225/1/49	元和版	和名類聚抄	見開き	20	18	ウ	20	19	オ
https://dl.ndl.go.jp/pid/2544225/1/50	元和版	和名類聚抄	見開き	20	19	ウ	20	20	オ
https://dl.ndl.go.jp/pid/2544225/1/51	元和版	和名類聚抄	見開き	20	20	ウ	20	21	オ
https://dl.ndl.go.jp/pid/2544225/1/52	元和版	和名類聚抄	見開き	20	21	ウ	20	22	オ
https://dl.ndl.go.jp/pid/2544225/1/53	元和版	和名類聚抄	見開き	20	22	ウ	20	23	オ
https://dl.ndl.go.jp/pid/2544225/1/54	元和版	和名類聚抄	見開き	20	23	ウ	20	24	オ
https://dl.ndl.go.jp/pid/2544225/1/55	元和版	和名類聚抄	見開き	20	24	ウ	20	25	オ
https://dl.ndl.go.jp/pid/2544225/1/56	元和版	和名類聚抄	見開き	20	25	ウ	20	26	オ
https://dl.ndl.go.jp/pid/2544225/1/57	元和版	和名類聚抄	見開き	20	26	ウ	20	27	オ
https://dl.ndl.go.jp/pid/2544225/1/58	元和版	和名類聚抄	見開き	20	27	ウ	20	28	オ
https://dl.ndl.go.jp/pid/2544225/1/59	元和版	和名類聚抄	見開き	20	28	ウ	20	29	オ
https://dl.ndl.go.jp/pid/2544225/1/60	元和版	和名類聚抄	見開き	20	29	ウ	20	30	オ
https://dl.ndl.go.jp/pid/2544225/1/61	元和版	和名類聚抄	見開き	20	30	ウ	20	31	オ
https://dl.ndl.go.jp/pid/2544225/1/62	元和版	和名類聚抄	見開き	20	31	ウ	20	32	オ
https://dl.ndl.go.jp/pid/2544225/1/63	元和版	和名類聚抄	見開き	20	32	ウ	20	33	オ
https://dl.ndl.go.jp/pid/2544225/1/64	元和版	和名類聚抄	見開き	20	33	ウ	NA	NA	NA
https://dl.ndl.go.jp/pid/2544225/1/65	元和版	和名類聚抄	見開き	NA	NA	NA	NA	NA	NA
https://dl.ndl.go.jp/pid/2555536/1/1	寛政版	本草和名	見開き	上	NA	NA	上	NA	NA
https://dl.ndl.go.jp/pid/2555536/1/2	寛政版	本草和名	見開き	上	NA	NA	上	NA	NA
https://dl.ndl.go.jp/pid/2555536/1/3	寛政版	本草和名	見開き	上	NA	NA	上	NA	NA
https://dl.ndl.go.jp/pid/2555536/1/4	寛政版	本草和名	見開き	上	NA	NA	上	NA	NA
https://dl.ndl.go.jp/pid/2555536/1/5	寛政版	本草和名	見開き	上	NA	NA	上	NA	NA
https://dl.ndl.go.jp/pid/2555536/1/6	寛政版	本草和名	見開き	上	NA	NA	上	1	オ
https://dl.ndl.go.jp/pid/2555536/1/7	寛政版	本草和名	見開き	上	1	ウ	上	2	オ
https://dl.ndl.go.jp/pid/2555536/1/8	寛政版	本草和名	見開き	上	2	ウ	上	3	オ
https://dl.ndl.go.jp/pid/2555536/1/9	寛政版	本草和名	見開き	上	3	ウ	上	4	オ
https://dl.ndl.go.jp/pid/2555536/1/10	寛政版	本草和名	見開き	上	4	ウ	上	5	オ
https://dl.ndl.go.jp/pid/2555536/1/11	寛政版	本草和名	見開き	上	5	ウ	上	6	オ
https://dl.ndl.go.jp/pid/2555536/1/12	寛政版	本草和名	見開き	上	6	ウ	上	7	オ
https://dl.ndl.go.jp/pid/2555536/1/13	寛政版	本草和名	見開き	上	7	ウ	上	8	オ
https://dl.ndl.go.jp/pid/2555536/1/14	寛政版	本草和名	見開き	上	8	ウ	上	9	オ
https://dl.ndl.go.jp/pid/2555536/1/15	寛政版	本草和名	見開き	上	9	ウ	上	10	オ
https://dl.ndl.go.jp/pid/2555536/1/16	寛政版	本草和名	見開き	上	10	ウ	上	11	オ
https://dl.ndl.go.jp/pid/2555536/1/17	寛政版	本草和名	見開き	上	11	ウ	上	12	オ
https://dl.ndl.go.jp/pid/2555536/1/18	寛政版	本草和名	見開き	上	12	ウ	上	13	オ
https://dl.ndl.go.jp/pid/2555536/1/19	寛政版	本草和名	見開き	上	13	ウ	上	14	オ
https://dl.ndl.go.jp/pid/2555536/1/20	寛政版	本草和名	見開き	上	14	ウ	上	15	オ
https://dl.ndl.go.jp/pid/2555536/1/21	寛政版	本草和名	見開き	上	15	ウ	上	16	オ
https://dl.ndl.go.jp/pid/2555536/1/22	寛政版	本草和名	見開き	上	16	ウ	上	17	オ
https://dl.ndl.go.jp/pid/2555536/1/23	寛政版	本草和名	見開き	上	17	ウ	上	18	オ
https://dl.ndl.go.jp/pid/2555536/1/24	寛政版	本草和名	見開き	上	18	ウ	上	19	オ
https://dl.ndl.go.jp/pid/2555536/1/25	寛政版	本草和名	見開き	上	19	ウ	上	20	オ
https://dl.ndl.go.jp/pid/2555536/1/26	寛政版	本草和名	見開き	上	20	ウ	上	21	オ
https://dl.ndl.go.jp/pid/2555536/1/27	寛政版	本草和名	見開き	上	21	ウ	上	22	オ
https://dl.ndl.go.jp/pid/2555536/1/28	寛政版	本草和名	見開き	上	22	ウ	上	23	オ
https://dl.ndl.go.jp/pid/2555536/1/29	寛政版	本草和名	見開き	上	23	ウ	上	24	オ
https://dl.ndl.go.jp/pid/2555536/1/30	寛政版	本草和名	見開き	上	24	ウ	上	25	オ
https://dl.ndl.go.jp/pid/2555536/1/31	寛政版	本草和名	見開き	上	25	ウ	上	26	オ
https://dl.ndl.go.jp/pid/2555536/1/32	寛政版	本草和名	見開き	上	26	ウ	上	27	オ
https://dl.ndl.go.jp/pid/2555536/1/33	寛政版	本草和名	見開き	上	27	ウ	上	28	オ
https://dl.ndl.go.jp/pid/2555536/1/34	寛政版	本草和名	見開き	上	28	ウ	上	29	オ
https://dl.ndl.go.jp/pid/2555536/1/35	寛政版	本草和名	見開き	上	29	ウ	上	30	オ
https://dl.ndl.go.jp/pid/2555536/1/36	寛政版	本草和名	見開き	上	30	ウ	上	31	オ
https://dl.ndl.go.jp/pid/2555536/1/37	寛政版	本草和名	見開き	上	31	ウ	上	32	オ
https://dl.ndl.go.jp/pid/2555536/1/38	寛政版	本草和名	見開き	上	32	ウ	上	33	オ
https://dl.ndl.go.jp/pid/2555536/1/39	寛政版	本草和名	見開き	上	33	ウ	上	34	オ
https://dl.ndl.go.jp/pid/2555536/1/40	寛政版	本草和名	見開き	上	34	ウ	上	35	オ
https://dl.ndl.go.jp/pid/2555536/1/41	寛政版	本草和名	見開き	上	35	ウ	上	36	オ
https://dl.ndl.go.jp/pid/2555536/1/42	寛政版	本草和名	見開き	上	36	ウ	上	37	オ
https://dl.ndl.go.jp/pid/2555536/1/43	寛政版	本草和名	見開き	上	37	ウ	上	38	オ
https://dl.ndl.go.jp/pid/2555536/1/44	寛政版	本草和名	見開き	上	38	ウ	上	39	オ
https://dl.ndl.go.jp/pid/2555536/1/45	寛政版	本草和名	見開き	上	39	ウ	上	40	オ
https://dl.ndl.go.jp/pid/2555536/1/46	寛政版	本草和名	見開き	上	40	ウ	上	41	オ
https://dl.ndl.go.jp/pid/2555536/1/47	寛政版	本草和名	見開き	上	41	ウ	上	42	オ
https://dl.ndl.go.jp/pid/2555536/1/48	寛政版	本草和名	見開き	上	42	ウ	上	43	オ
https://dl.ndl.go.jp/pid/2555536/1/49	寛政版	本草和名	見開き	上	43	ウ	上	44	オ
https://dl.ndl.go.jp/pid/2555536/1/50	寛政版	本草和名	見開き	上	44	ウ	上	45	オ
https://dl.ndl.go.jp/pid/2555536/1/51	寛政版	本草和名	見開き	上	45	ウ	上	46	オ
https://dl.ndl.go.jp/pid/2555536/1/52	寛政版	本草和名	見開き	上	46	ウ	上	47	オ
https://dl.ndl.go.jp/pid/2555536/1/53	寛政版	本草和名	見開き	上	47	ウ	上	48	オ
https://dl.ndl.go.jp/pid/2555536/1/54	寛政版	本草和名	見開き	上	48	ウ	上	49	オ
https://dl.ndl.go.jp/pid/2555536/1/55	寛政版	本草和名	見開き	上	49	ウ	上	50	オ
https://dl.ndl.go.jp/pid/2555536/1/56	寛政版	本草和名	見開き	上	50	ウ	上	51	オ
https://dl.ndl.go.jp/pid/2555536/1/57	寛政版	本草和名	見開き	上	51	ウ	上	52	オ
https://dl.ndl.go.jp/pid/2555536/1/58	寛政版	本草和名	見開き	上	52	ウ	上	53	オ
https://dl.ndl.go.jp/pid/2555536/1/59	寛政版	本草和名	見開き	上	53	ウ	上	54	オ
https://dl.ndl.go.jp/pid/2555536/1/60	寛政版	本草和名	見開き	上	54	ウ	上	55	オ
https://dl.ndl.go.jp/pid/2555536/1/61	寛政版	本草和名	見開き	上	55	ウ	上	56	オ
https://dl.ndl.go.jp/pid/2555536/1/62	寛政版	本草和名	見開き	上	56	ウ	上	57	オ
https://dl.ndl.go.jp/pid/2555536/1/63	寛政版	本草和名	見開き	上	57	ウ	上	58	オ
https://dl.ndl.go.jp/pid/2555536/1/64	寛政版	本草和名	見開き	上	58	ウ	上	59	オ
https://dl.ndl.go.jp/pid/2555536/1/65	寛政版	本草和名	見開き	上	59	ウ	上	60	オ
https://dl.ndl.go.jp/pid/2555536/1/66	寛政版	本草和名	見開き	上	60	ウ	上	NA	NA
https://dl.ndl.go.jp/pid/2555536/1/67	寛政版	本草和名	見開き	上	NA	NA	上	NA	NA
https://dl.ndl.go.jp/pid/2555537/1/1	寛政版	本草和名	見開き	下	NA	NA	下	NA	NA
https://dl.ndl.go.jp/pid/2555537/1/2	寛政版	本草和名	見開き	下	NA	NA	下	1	オ
https://dl.ndl.go.jp/pid/2555537/1/3	寛政版	本草和名	見開き	下	1	ウ	下	2	オ
https://dl.ndl.go.jp/pid/2555537/1/4	寛政版	本草和名	見開き	下	2	ウ	下	3	オ
https://dl.ndl.go.jp/pid/2555537/1/5	寛政版	本草和名	見開き	下	3	ウ	下	4	オ
https://dl.ndl.go.jp/pid/2555537/1/6	寛政版	本草和名	見開き	下	4	ウ	下	5	オ
https://dl.ndl.go.jp/pid/2555537/1/7	寛政版	本草和名	見開き	下	5	ウ	下	6	オ
https://dl.ndl.go.jp/pid/2555537/1/8	寛政版	本草和名	見開き	下	6	ウ	下	7	オ
https://dl.ndl.go.jp/pid/2555537/1/9	寛政版	本草和名	見開き	下	7	ウ	下	8	オ
https://dl.ndl.go.jp/pid/2555537/1/10	寛政版	本草和名	見開き	下	8	ウ	下	9	オ
https://dl.ndl.go.jp/pid/2555537/1/11	寛政版	本草和名	見開き	下	9	ウ	下	10	オ
https://dl.ndl.go.jp/pid/2555537/1/12	寛政版	本草和名	見開き	下	10	ウ	下	11	オ
https://dl.ndl.go.jp/pid/2555537/1/13	寛政版	本草和名	見開き	下	11	ウ	下	12	オ
https://dl.ndl.go.jp/pid/2555537/1/14	寛政版	本草和名	見開き	下	12	ウ	下	13	オ
https://dl.ndl.go.jp/pid/2555537/1/15	寛政版	本草和名	見開き	下	13	ウ	下	14	オ
https://dl.ndl.go.jp/pid/2555537/1/16	寛政版	本草和名	見開き	下	14	ウ	下	15	オ
https://dl.ndl.go.jp/pid/2555537/1/17	寛政版	本草和名	見開き	下	15	ウ	下	16	オ
https://dl.ndl.go.jp/pid/2555537/1/18	寛政版	本草和名	見開き	下	16	ウ	下	17	オ
https://dl.ndl.go.jp/pid/2555537/1/19	寛政版	本草和名	見開き	下	17	ウ	下	18	オ
https://dl.ndl.go.jp/pid/2555537/1/20	寛政版	本草和名	見開き	下	18	ウ	下	19	オ
https://dl.ndl.go.jp/pid/2555537/1/21	寛政版	本草和名	見開き	下	19	ウ	下	20	オ
https://dl.ndl.go.jp/pid/2555537/1/22	寛政版	本草和名	見開き	下	20	ウ	下	21	オ
https://dl.ndl.go.jp/pid/2555537/1/23	寛政版	本草和名	見開き	下	21	ウ	下	22	オ
https://dl.ndl.go.jp/pid/2555537/1/24	寛政版	本草和名	見開き	下	22	ウ	下	23	オ
https://dl.ndl.go.jp/pid/2555537/1/25	寛政版	本草和名	見開き	下	23	ウ	下	24	オ
https://dl.ndl.go.jp/pid/2555537/1/26	寛政版	本草和名	見開き	下	24	ウ	下	25	オ
https://dl.ndl.go.jp/pid/2555537/1/27	寛政版	本草和名	見開き	下	25	ウ	下	26	オ
https://dl.ndl.go.jp/pid/2555537/1/28	寛政版	本草和名	見開き	下	26	ウ	下	27	オ
https://dl.ndl.go.jp/pid/2555537/1/29	寛政版	本草和名	見開き	下	27	ウ	下	28	オ
https://dl.ndl.go.jp/pid/2555537/1/30	寛政版	本草和名	見開き	下	28	ウ	下	29	オ
https://dl.ndl.go.jp/pid/2555537/1/31	寛政版	本草和名	見開き	下	29	ウ	下	30	オ
https://dl.ndl.go.jp/pid/2555537/1/32	寛政版	本草和名	見開き	下	30	ウ	下	31	オ
https://dl.ndl.go.jp/pid/2555537/1/33	寛政版	本草和名	見開き	下	31	ウ	下	32	オ
https://dl.ndl.go.jp/pid/2555537/1/34	寛政版	本草和名	見開き	下	32	ウ	下	33	オ
https://dl.ndl.go.jp/pid/2555537/1/35	寛政版	本草和名	見開き	下	33	ウ	下	34	オ
https://dl.ndl.go.jp/pid/2555537/1/36	寛政版	本草和名	見開き	下	34	ウ	下	35	オ
https://dl.ndl.go.jp/pid/2555537/1/37	寛政版	本草和名	見開き	下	35	ウ	下	36	オ
https://dl.ndl.go.jp/pid/2555537/1/38	寛政版	本草和名	見開き	下	36	ウ	下	37	オ
https://dl.ndl.go.jp/pid/2555537/1/39	寛政版	本草和名	見開き	下	37	ウ	下	38	オ
https://dl.ndl.go.jp/pid/2555537/1/40	寛政版	本草和名	見開き	下	38	ウ	下	39	オ
https://dl.ndl.go.jp/pid/2555537/1/41	寛政版	本草和名	見開き	下	39	ウ	下	40	オ
https://dl.ndl.go.jp/pid/2555537/1/42	寛政版	本草和名	見開き	下	40	ウ	下	41	オ
https://dl.ndl.go.jp/pid/2555537/1/43	寛政版	本草和名	見開き	下	41	ウ	下	42	オ
https://dl.ndl.go.jp/pid/2555537/1/44	寛政版	本草和名	見開き	下	42	ウ	下	43	オ
https://dl.ndl.go.jp/pid/2555537/1/45	寛政版	本草和名	見開き	下	43	ウ	下	44	オ
https://dl.ndl.go.jp/pid/2555537/1/46	寛政版	本草和名	見開き	下	44	ウ	下	45	オ
https://dl.ndl.go.jp/pid/2555537/1/47	寛政版	本草和名	見開き	下	45	ウ	下	46	オ
https://dl.ndl.go.jp/pid/2555537/1/48	寛政版	本草和名	見開き	下	46	ウ	下	47	オ
https://dl.ndl.go.jp/pid/2555537/1/49	寛政版	本草和名	見開き	下	47	ウ	下	48	オ
https://dl.ndl.go.jp/pid/2555537/1/50	寛政版	本草和名	見開き	下	48	ウ	下	49	オ
https://dl.ndl.go.jp/pid/2555537/1/51	寛政版	本草和名	見開き	下	49	ウ	下	50	オ
https://dl.ndl.go.jp/pid/2555537/1/52	寛政版	本草和名	見開き	下	50	ウ	下	51	オ
https://dl.ndl.go.jp/pid/2555537/1/53	寛政版	本草和名	見開き	下	51	ウ	下	52	オ
https://dl.ndl.go.jp/pid/2555537/1/54	寛政版	本草和名	見開き	下	52	ウ	下	53	オ
https://dl.ndl.go.jp/pid/2555537/1/55	寛政版	本草和名	見開き	下	53	ウ	下	54	オ
https://dl.ndl.go.jp/pid/2555537/1/56	寛政版	本草和名	見開き	下	54	ウ	下	55	オ
https://dl.ndl.go.jp/pid/2555537/1/57	寛政版	本草和名	見開き	下	55	ウ	下	56	オ
https://dl.ndl.go.jp/pid/2555537/1/58	寛政版	本草和名	見開き	下	56	ウ	下	NA	NA
https://dl.ndl.go.jp/pid/2555537/1/59	寛政版	本草和名	見開き	下	NA	NA	下	NA	NA
https://dl.ndl.go.jp/pid/2555537/1/60	寛政版	本草和名	見開き	下	NA	NA	下	NA	NA
https://dl.ndl.go.jp/pid/2555537/1/61	寛政版	本草和名	見開き	下	NA	NA	下	NA	NA
https://dl.ndl.go.jp/pid/2555537/1/62	寛政版	本草和名	見開き	下	NA	NA	下	NA	NA
https://dl.ndl.go.jp/pid/2555537/1/63	寛政版	本草和名	見開き	下	NA	NA	下	NA	NA
https://dl.ndl.go.jp/pid/2586891/1/1	観智院本	類聚名義抄	見開き	仏上	NA	NA	仏上	NA	NA
https://dl.ndl.go.jp/pid/2586891/1/2	観智院本	類聚名義抄	見開き	仏上	NA	NA	仏上	NA	NA
https://dl.ndl.go.jp/pid/2586891/1/3	観智院本	類聚名義抄	見開き	仏上	NA	NA	仏上	NA	NA
https://dl.ndl.go.jp/pid/2586891/1/4	観智院本	類聚名義抄	見開き	仏上	NA	NA	仏上	NA	NA
https://dl.ndl.go.jp/pid/2586891/1/5	観智院本	類聚名義抄	見開き	仏上	NA	NA	仏上	NA	NA
https://dl.ndl.go.jp/pid/2586891/1/6	観智院本	類聚名義抄	見開き	仏上	NA	NA	仏上	1	NA
https://dl.ndl.go.jp/pid/2586891/1/7	観智院本	類聚名義抄	見開き	仏上	2	NA	仏上	3	NA
https://dl.ndl.go.jp/pid/2586891/1/8	観智院本	類聚名義抄	見開き	仏上	4	NA	仏上	5	NA
https://dl.ndl.go.jp/pid/2586891/1/9	観智院本	類聚名義抄	見開き	仏上	6	NA	仏上	7	NA
https://dl.ndl.go.jp/pid/2586891/1/10	観智院本	類聚名義抄	見開き	仏上	8	NA	仏上	9	NA
https://dl.ndl.go.jp/pid/2586891/1/11	観智院本	類聚名義抄	見開き	仏上	10	NA	仏上	11	NA
https://dl.ndl.go.jp/pid/2586891/1/12	観智院本	類聚名義抄	見開き	仏上	12	NA	仏上	13	NA
https://dl.ndl.go.jp/pid/2586891/1/13	観智院本	類聚名義抄	見開き	仏上	14	NA	仏上	15	NA
https://dl.ndl.go.jp/pid/2586891/1/14	観智院本	類聚名義抄	見開き	仏上	16	NA	仏上	17	NA
https://dl.ndl.go.jp/pid/2586891/1/15	観智院本	類聚名義抄	見開き	仏上	18	NA	仏上	19	NA
https://dl.ndl.go.jp/pid/2586891/1/16	観智院本	類聚名義抄	見開き	仏上	20	NA	仏上	21	NA
https://dl.ndl.go.jp/pid/2586891/1/17	観智院本	類聚名義抄	見開き	仏上	22	NA	仏上	23	NA
https://dl.ndl.go.jp/pid/2586891/1/18	観智院本	類聚名義抄	見開き	仏上	24	NA	仏上	25	NA
https://dl.ndl.go.jp/pid/2586891/1/19	観智院本	類聚名義抄	見開き	仏上	26	NA	仏上	27	NA
https://dl.ndl.go.jp/pid/2586891/1/20	観智院本	類聚名義抄	見開き	仏上	28	NA	仏上	29	NA
https://dl.ndl.go.jp/pid/2586891/1/21	観智院本	類聚名義抄	見開き	仏上	30	NA	仏上	31	NA
https://dl.ndl.go.jp/pid/2586891/1/22	観智院本	類聚名義抄	見開き	仏上	32	NA	仏上	33	NA
https://dl.ndl.go.jp/pid/2586891/1/23	観智院本	類聚名義抄	見開き	仏上	34	NA	仏上	35	NA
https://dl.ndl.go.jp/pid/2586891/1/24	観智院本	類聚名義抄	見開き	仏上	36	NA	仏上	37	NA
https://dl.ndl.go.jp/pid/2586891/1/25	観智院本	類聚名義抄	見開き	仏上	38	NA	仏上	39	NA
https://dl.ndl.go.jp/pid/2586891/1/26	観智院本	類聚名義抄	見開き	仏上	40	NA	仏上	41	NA
https://dl.ndl.go.jp/pid/2586891/1/27	観智院本	類聚名義抄	見開き	仏上	42	NA	仏上	43	NA
https://dl.ndl.go.jp/pid/2586891/1/28	観智院本	類聚名義抄	見開き	仏上	44	NA	仏上	45	NA
https://dl.ndl.go.jp/pid/2586891/1/29	観智院本	類聚名義抄	見開き	仏上	46	NA	仏上	47	NA
https://dl.ndl.go.jp/pid/2586891/1/30	観智院本	類聚名義抄	見開き	仏上	48	NA	仏上	49	NA
https://dl.ndl.go.jp/pid/2586891/1/31	観智院本	類聚名義抄	見開き	仏上	50	NA	仏上	51	NA
https://dl.ndl.go.jp/pid/2586891/1/32	観智院本	類聚名義抄	見開き	仏上	52	NA	仏上	53	NA
https://dl.ndl.go.jp/pid/2586891/1/33	観智院本	類聚名義抄	見開き	仏上	54	NA	仏上	55	NA
https://dl.ndl.go.jp/pid/2586891/1/34	観智院本	類聚名義抄	見開き	仏上	56	NA	仏上	57	NA
https://dl.ndl.go.jp/pid/2586891/1/35	観智院本	類聚名義抄	見開き	仏上	58	NA	仏上	59	NA
https://dl.ndl.go.jp/pid/2586891/1/36	観智院本	類聚名義抄	見開き	仏上	60	NA	仏上	61	NA
https://dl.ndl.go.jp/pid/2586891/1/37	観智院本	類聚名義抄	見開き	仏上	62	NA	仏上	63	NA
https://dl.ndl.go.jp/pid/2586891/1/38	観智院本	類聚名義抄	見開き	仏上	64	NA	仏上	65	NA
https://dl.ndl.go.jp/pid/2586891/1/39	観智院本	類聚名義抄	見開き	仏上	66	NA	仏上	67	NA
https://dl.ndl.go.jp/pid/2586891/1/40	観智院本	類聚名義抄	見開き	仏上	68	NA	仏上	69	NA
https://dl.ndl.go.jp/pid/2586891/1/41	観智院本	類聚名義抄	見開き	仏上	70	NA	仏上	71	NA
https://dl.ndl.go.jp/pid/2586891/1/42	観智院本	類聚名義抄	見開き	仏上	72	NA	仏上	73	NA
https://dl.ndl.go.jp/pid/2586891/1/43	観智院本	類聚名義抄	見開き	仏上	74	NA	仏上	75	NA
https://dl.ndl.go.jp/pid/2586891/1/44	観智院本	類聚名義抄	見開き	仏上	76	NA	仏上	77	NA
https://dl.ndl.go.jp/pid/2586891/1/45	観智院本	類聚名義抄	見開き	仏上	78	NA	仏上	79	NA
https://dl.ndl.go.jp/pid/2586891/1/46	観智院本	類聚名義抄	見開き	仏上	80	NA	仏上	81	NA
https://dl.ndl.go.jp/pid/2586891/1/47	観智院本	類聚名義抄	見開き	仏上	82	NA	仏上	83	NA
https://dl.ndl.go.jp/pid/2586891/1/48	観智院本	類聚名義抄	見開き	仏上	84	NA	仏上	85	NA
https://dl.ndl.go.jp/pid/2586891/1/49	観智院本	類聚名義抄	見開き	仏上	86	NA	仏上	87	NA
https://dl.ndl.go.jp/pid/2586891/1/50	観智院本	類聚名義抄	見開き	仏上	88	NA	仏上	NA	NA
https://dl.ndl.go.jp/pid/2586891/1/51	観智院本	類聚名義抄	見開き	仏上	NA	NA	仏上	NA	NA
https://dl.ndl.go.jp/pid/2586891/1/52	観智院本	類聚名義抄	見開き	仏上	NA	NA	仏上	NA	NA
https://dl.ndl.go.jp/pid/2586891/1/53	観智院本	類聚名義抄	見開き	仏上	NA	NA	仏上	NA	NA
https://dl.ndl.go.jp/pid/2586892/1/1	観智院本	類聚名義抄	見開き	仏中	NA	NA	仏中	NA	NA
https://dl.ndl.go.jp/pid/2586892/1/2	観智院本	類聚名義抄	見開き	仏中	NA	NA	仏中	NA	NA
https://dl.ndl.go.jp/pid/2586892/1/3	観智院本	類聚名義抄	見開き	仏中	NA	NA	仏中	NA	NA
https://dl.ndl.go.jp/pid/2586892/1/4	観智院本	類聚名義抄	見開き	仏中	NA	NA	仏中	1	NA
https://dl.ndl.go.jp/pid/2586892/1/5	観智院本	類聚名義抄	見開き	仏中	2	NA	仏中	3	NA
https://dl.ndl.go.jp/pid/2586892/1/6	観智院本	類聚名義抄	見開き	仏中	4	NA	仏中	5	NA
https://dl.ndl.go.jp/pid/2586892/1/7	観智院本	類聚名義抄	見開き	仏中	6	NA	仏中	7	NA
https://dl.ndl.go.jp/pid/2586892/1/8	観智院本	類聚名義抄	見開き	仏中	8	NA	仏中	9	NA
https://dl.ndl.go.jp/pid/2586892/1/9	観智院本	類聚名義抄	見開き	仏中	10	NA	仏中	11	NA
https://dl.ndl.go.jp/pid/2586892/1/10	観智院本	類聚名義抄	見開き	仏中	12	NA	仏中	13	NA
https://dl.ndl.go.jp/pid/2586892/1/11	観智院本	類聚名義抄	見開き	仏中	14	NA	仏中	15	NA
https://dl.ndl.go.jp/pid/2586892/1/12	観智院本	類聚名義抄	見開き	仏中	16	NA	仏中	17	NA
https://dl.ndl.go.jp/pid/2586892/1/13	観智院本	類聚名義抄	見開き	仏中	18	NA	仏中	19	NA
https://dl.ndl.go.jp/pid/2586892/1/14	観智院本	類聚名義抄	見開き	仏中	20	NA	仏中	21	NA
https://dl.ndl.go.jp/pid/2586892/1/15	観智院本	類聚名義抄	見開き	仏中	22	NA	仏中	23	NA
https://dl.ndl.go.jp/pid/2586892/1/16	観智院本	類聚名義抄	見開き	仏中	24	NA	仏中	25	NA
https://dl.ndl.go.jp/pid/2586892/1/17	観智院本	類聚名義抄	見開き	仏中	26	NA	仏中	27	NA
https://dl.ndl.go.jp/pid/2586892/1/18	観智院本	類聚名義抄	見開き	仏中	28	NA	仏中	29	NA
https://dl.ndl.go.jp/pid/2586892/1/19	観智院本	類聚名義抄	見開き	仏中	30	NA	仏中	31	NA
https://dl.ndl.go.jp/pid/2586892/1/20	観智院本	類聚名義抄	見開き	仏中	32	NA	仏中	33	NA
https://dl.ndl.go.jp/pid/2586892/1/21	観智院本	類聚名義抄	見開き	仏中	34	NA	仏中	35	NA
https://dl.ndl.go.jp/pid/2586892/1/22	観智院本	類聚名義抄	見開き	仏中	36	NA	仏中	37	NA
https://dl.ndl.go.jp/pid/2586892/1/23	観智院本	類聚名義抄	見開き	仏中	38	NA	仏中	39	NA
https://dl.ndl.go.jp/pid/2586892/1/24	観智院本	類聚名義抄	見開き	仏中	40	NA	仏中	41	NA
https://dl.ndl.go.jp/pid/2586892/1/25	観智院本	類聚名義抄	見開き	仏中	42	NA	仏中	43	NA
https://dl.ndl.go.jp/pid/2586892/1/26	観智院本	類聚名義抄	見開き	仏中	44	NA	仏中	45	NA
https://dl.ndl.go.jp/pid/2586892/1/27	観智院本	類聚名義抄	見開き	仏中	46	NA	仏中	47	NA
https://dl.ndl.go.jp/pid/2586892/1/28	観智院本	類聚名義抄	見開き	仏中	48	NA	仏中	49	NA
https://dl.ndl.go.jp/pid/2586892/1/29	観智院本	類聚名義抄	見開き	仏中	50	NA	仏中	51	NA
https://dl.ndl.go.jp/pid/2586892/1/30	観智院本	類聚名義抄	見開き	仏中	52	NA	仏中	53	NA
https://dl.ndl.go.jp/pid/2586892/1/31	観智院本	類聚名義抄	見開き	仏中	54	NA	仏中	55	NA
https://dl.ndl.go.jp/pid/2586892/1/32	観智院本	類聚名義抄	見開き	仏中	56	NA	仏中	57	NA
https://dl.ndl.go.jp/pid/2586892/1/33	観智院本	類聚名義抄	見開き	仏中	58	NA	仏中	59	NA
https://dl.ndl.go.jp/pid/2586892/1/34	観智院本	類聚名義抄	見開き	仏中	60	NA	仏中	61	NA
https://dl.ndl.go.jp/pid/2586892/1/35	観智院本	類聚名義抄	見開き	仏中	62	NA	仏中	63	NA
https://dl.ndl.go.jp/pid/2586892/1/36	観智院本	類聚名義抄	見開き	仏中	64	NA	仏中	65	NA
https://dl.ndl.go.jp/pid/2586892/1/37	観智院本	類聚名義抄	見開き	仏中	66	NA	仏中	67	NA
https://dl.ndl.go.jp/pid/2586892/1/38	観智院本	類聚名義抄	見開き	仏中	68	NA	仏中	69	NA
https://dl.ndl.go.jp/pid/2586892/1/39	観智院本	類聚名義抄	見開き	仏中	70	NA	仏中	71	NA
https://dl.ndl.go.jp/pid/2586892/1/40	観智院本	類聚名義抄	見開き	仏中	72	NA	仏中	73	NA
https://dl.ndl.go.jp/pid/2586892/1/41	観智院本	類聚名義抄	見開き	仏中	74	NA	仏中	75	NA
https://dl.ndl.go.jp/pid/2586892/1/42	観智院本	類聚名義抄	見開き	仏中	76	NA	仏中	77	NA
https://dl.ndl.go.jp/pid/2586892/1/43	観智院本	類聚名義抄	見開き	仏中	78	NA	仏中	79	NA
https://dl.ndl.go.jp/pid/2586892/1/44	観智院本	類聚名義抄	見開き	仏中	80	NA	仏中	81	NA
https://dl.ndl.go.jp/pid/2586892/1/45	観智院本	類聚名義抄	見開き	仏中	82	NA	仏中	83	NA
https://dl.ndl.go.jp/pid/2586892/1/46	観智院本	類聚名義抄	見開き	仏中	84	NA	仏中	85	NA
https://dl.ndl.go.jp/pid/2586892/1/47	観智院本	類聚名義抄	見開き	仏中	86	NA	仏中	87	NA
https://dl.ndl.go.jp/pid/2586892/1/48	観智院本	類聚名義抄	見開き	仏中	88	NA	仏中	89	NA
https://dl.ndl.go.jp/pid/2586892/1/49	観智院本	類聚名義抄	見開き	仏中	90	NA	仏中	91	NA
https://dl.ndl.go.jp/pid/2586892/1/50	観智院本	類聚名義抄	見開き	仏中	92	NA	仏中	93	NA
https://dl.ndl.go.jp/pid/2586892/1/51	観智院本	類聚名義抄	見開き	仏中	94	NA	仏中	95	NA
https://dl.ndl.go.jp/pid/2586892/1/52	観智院本	類聚名義抄	見開き	仏中	96	NA	仏中	97	NA
https://dl.ndl.go.jp/pid/2586892/1/53	観智院本	類聚名義抄	見開き	仏中	98	NA	仏中	99	NA
https://dl.ndl.go.jp/pid/2586892/1/54	観智院本	類聚名義抄	見開き	仏中	100	NA	仏中	101	NA
https://dl.ndl.go.jp/pid/2586892/1/55	観智院本	類聚名義抄	見開き	仏中	102	NA	仏中	103	NA
https://dl.ndl.go.jp/pid/2586892/1/56	観智院本	類聚名義抄	見開き	仏中	104	NA	仏中	105	NA
https://dl.ndl.go.jp/pid/2586892/1/57	観智院本	類聚名義抄	見開き	仏中	106	NA	仏中	107	NA
https://dl.ndl.go.jp/pid/2586892/1/58	観智院本	類聚名義抄	見開き	仏中	108	NA	仏中	109	NA
https://dl.ndl.go.jp/pid/2586892/1/59	観智院本	類聚名義抄	見開き	仏中	110	NA	仏中	111	NA
https://dl.ndl.go.jp/pid/2586892/1/60	観智院本	類聚名義抄	見開き	仏中	112	NA	仏中	113	NA
https://dl.ndl.go.jp/pid/2586892/1/61	観智院本	類聚名義抄	見開き	仏中	114	NA	仏中	115	NA
https://dl.ndl.go.jp/pid/2586892/1/62	観智院本	類聚名義抄	見開き	仏中	116	NA	仏中	117	NA
https://dl.ndl.go.jp/pid/2586892/1/63	観智院本	類聚名義抄	見開き	仏中	118	NA	仏中	119	NA
https://dl.ndl.go.jp/pid/2586892/1/64	観智院本	類聚名義抄	見開き	仏中	120	NA	仏中	121	NA
https://dl.ndl.go.jp/pid/2586892/1/65	観智院本	類聚名義抄	見開き	仏中	122	NA	仏中	123	NA
https://dl.ndl.go.jp/pid/2586892/1/66	観智院本	類聚名義抄	見開き	仏中	124	NA	仏中	125	NA
https://dl.ndl.go.jp/pid/2586892/1/67	観智院本	類聚名義抄	見開き	仏中	126	NA	仏中	127	NA
https://dl.ndl.go.jp/pid/2586892/1/68	観智院本	類聚名義抄	見開き	仏中	128	NA	仏中	129	NA
https://dl.ndl.go.jp/pid/2586892/1/69	観智院本	類聚名義抄	見開き	仏中	130	NA	仏中	131	NA
https://dl.ndl.go.jp/pid/2586892/1/70	観智院本	類聚名義抄	見開き	仏中	132	NA	仏中	133	NA
https://dl.ndl.go.jp/pid/2586892/1/71	観智院本	類聚名義抄	見開き	仏中	134	NA	仏中	135	NA
https://dl.ndl.go.jp/pid/2586892/1/72	観智院本	類聚名義抄	見開き	仏中	136	NA	仏中	137	NA
https://dl.ndl.go.jp/pid/2586892/1/73	観智院本	類聚名義抄	見開き	仏中	138	NA	仏中	139	NA
https://dl.ndl.go.jp/pid/2586892/1/74	観智院本	類聚名義抄	見開き	仏中	NA	NA	仏中	NA	NA
https://dl.ndl.go.jp/pid/2586892/1/75	観智院本	類聚名義抄	見開き	仏中	NA	NA	仏中	NA	NA
https://dl.ndl.go.jp/pid/2586893/1/1	観智院本	類聚名義抄	見開き	仏下本	NA	NA	仏下本	NA	NA
https://dl.ndl.go.jp/pid/2586893/1/2	観智院本	類聚名義抄	見開き	仏下本	NA	NA	仏下本	NA	NA
https://dl.ndl.go.jp/pid/2586893/1/3	観智院本	類聚名義抄	見開き	仏下本	NA	NA	仏下本	NA	NA
https://dl.ndl.go.jp/pid/2586893/1/4	観智院本	類聚名義抄	見開き	仏下本	NA	NA	仏下本	1	NA
https://dl.ndl.go.jp/pid/2586893/1/5	観智院本	類聚名義抄	見開き	仏下本	2	NA	仏下本	3	NA
https://dl.ndl.go.jp/pid/2586893/1/6	観智院本	類聚名義抄	見開き	仏下本	4	NA	仏下本	5	NA
https://dl.ndl.go.jp/pid/2586893/1/7	観智院本	類聚名義抄	見開き	仏下本	6	NA	仏下本	7	NA
https://dl.ndl.go.jp/pid/2586893/1/8	観智院本	類聚名義抄	見開き	仏下本	8	NA	仏下本	9	NA
https://dl.ndl.go.jp/pid/2586893/1/9	観智院本	類聚名義抄	見開き	仏下本	10	NA	仏下本	11	NA
https://dl.ndl.go.jp/pid/2586893/1/10	観智院本	類聚名義抄	見開き	仏下本	12	NA	仏下本	13	NA
https://dl.ndl.go.jp/pid/2586893/1/11	観智院本	類聚名義抄	見開き	仏下本	14	NA	仏下本	15	NA
https://dl.ndl.go.jp/pid/2586893/1/12	観智院本	類聚名義抄	見開き	仏下本	16	NA	仏下本	17	NA
https://dl.ndl.go.jp/pid/2586893/1/13	観智院本	類聚名義抄	見開き	仏下本	18	NA	仏下本	19	NA
https://dl.ndl.go.jp/pid/2586893/1/14	観智院本	類聚名義抄	見開き	仏下本	20	NA	仏下本	21	NA
https://dl.ndl.go.jp/pid/2586893/1/15	観智院本	類聚名義抄	見開き	仏下本	22	NA	仏下本	23	NA
https://dl.ndl.go.jp/pid/2586893/1/16	観智院本	類聚名義抄	見開き	仏下本	24	NA	仏下本	25	NA
https://dl.ndl.go.jp/pid/2586893/1/17	観智院本	類聚名義抄	見開き	仏下本	26	NA	仏下本	27	NA
https://dl.ndl.go.jp/pid/2586893/1/18	観智院本	類聚名義抄	見開き	仏下本	28	NA	仏下本	29	NA
https://dl.ndl.go.jp/pid/2586893/1/19	観智院本	類聚名義抄	見開き	仏下本	30	NA	仏下本	31	NA
https://dl.ndl.go.jp/pid/2586893/1/20	観智院本	類聚名義抄	見開き	仏下本	32	NA	仏下本	33	NA
https://dl.ndl.go.jp/pid/2586893/1/21	観智院本	類聚名義抄	見開き	仏下本	34	NA	仏下本	35	NA
https://dl.ndl.go.jp/pid/2586893/1/22	観智院本	類聚名義抄	見開き	仏下本	36	NA	仏下本	37	NA
https://dl.ndl.go.jp/pid/2586893/1/23	観智院本	類聚名義抄	見開き	仏下本	38	NA	仏下本	39	NA
https://dl.ndl.go.jp/pid/2586893/1/24	観智院本	類聚名義抄	見開き	仏下本	40	NA	仏下本	41	NA
https://dl.ndl.go.jp/pid/2586893/1/25	観智院本	類聚名義抄	見開き	仏下本	42	NA	仏下本	43	NA
https://dl.ndl.go.jp/pid/2586893/1/26	観智院本	類聚名義抄	見開き	仏下本	44	NA	仏下本	45	NA
https://dl.ndl.go.jp/pid/2586893/1/27	観智院本	類聚名義抄	見開き	仏下本	46	NA	仏下本	47	NA
https://dl.ndl.go.jp/pid/2586893/1/28	観智院本	類聚名義抄	見開き	仏下本	48	NA	仏下本	49	NA
https://dl.ndl.go.jp/pid/2586893/1/29	観智院本	類聚名義抄	見開き	仏下本	50	NA	仏下本	51	NA
https://dl.ndl.go.jp/pid/2586893/1/30	観智院本	類聚名義抄	見開き	仏下本	52	NA	仏下本	53	NA
https://dl.ndl.go.jp/pid/2586893/1/31	観智院本	類聚名義抄	見開き	仏下本	54	NA	仏下本	55	NA
https://dl.ndl.go.jp/pid/2586893/1/32	観智院本	類聚名義抄	見開き	仏下本	56	NA	仏下本	57	NA
https://dl.ndl.go.jp/pid/2586893/1/33	観智院本	類聚名義抄	見開き	仏下本	58	NA	仏下本	59	NA
https://dl.ndl.go.jp/pid/2586893/1/34	観智院本	類聚名義抄	見開き	仏下本	60	NA	仏下本	61	NA
https://dl.ndl.go.jp/pid/2586893/1/35	観智院本	類聚名義抄	見開き	仏下本	62	NA	仏下本	63	NA
https://dl.ndl.go.jp/pid/2586893/1/36	観智院本	類聚名義抄	見開き	仏下本	64	NA	仏下本	65	NA
https://dl.ndl.go.jp/pid/2586893/1/37	観智院本	類聚名義抄	見開き	仏下本	66	NA	仏下本	67	NA
https://dl.ndl.go.jp/pid/2586893/1/38	観智院本	類聚名義抄	見開き	仏下本	68	NA	仏下本	69	NA
https://dl.ndl.go.jp/pid/2586893/1/39	観智院本	類聚名義抄	見開き	仏下本	70	NA	仏下本	71	NA
https://dl.ndl.go.jp/pid/2586893/1/40	観智院本	類聚名義抄	見開き	仏下本	72	NA	仏下本	73	NA
https://dl.ndl.go.jp/pid/2586893/1/41	観智院本	類聚名義抄	見開き	仏下本	74	NA	仏下本	75	NA
https://dl.ndl.go.jp/pid/2586893/1/42	観智院本	類聚名義抄	見開き	仏下本	76	NA	仏下本	77	NA
https://dl.ndl.go.jp/pid/2586893/1/43	観智院本	類聚名義抄	見開き	仏下本	78	NA	仏下本	79	NA
https://dl.ndl.go.jp/pid/2586893/1/44	観智院本	類聚名義抄	見開き	仏下本	80	NA	仏下本	81	NA
https://dl.ndl.go.jp/pid/2586893/1/45	観智院本	類聚名義抄	見開き	仏下本	82	NA	仏下本	83	NA
https://dl.ndl.go.jp/pid/2586893/1/46	観智院本	類聚名義抄	見開き	仏下本	84	NA	仏下本	85	NA
https://dl.ndl.go.jp/pid/2586893/1/47	観智院本	類聚名義抄	見開き	仏下本	86	NA	仏下本	87	NA
https://dl.ndl.go.jp/pid/2586893/1/48	観智院本	類聚名義抄	見開き	仏下本	88	NA	仏下本	89	NA
https://dl.ndl.go.jp/pid/2586893/1/49	観智院本	類聚名義抄	見開き	仏下本	90	NA	仏下本	91	NA
https://dl.ndl.go.jp/pid/2586893/1/50	観智院本	類聚名義抄	見開き	仏下本	92	NA	仏下本	93	NA
https://dl.ndl.go.jp/pid/2586893/1/51	観智院本	類聚名義抄	見開き	仏下本	94	NA	仏下本	95	NA
https://dl.ndl.go.jp/pid/2586893/1/52	観智院本	類聚名義抄	見開き	仏下本	96	NA	仏下本	97	NA
https://dl.ndl.go.jp/pid/2586893/1/53	観智院本	類聚名義抄	見開き	仏下本	98	NA	仏下本	99	NA
https://dl.ndl.go.jp/pid/2586893/1/54	観智院本	類聚名義抄	見開き	仏下本	100	NA	仏下本	101	NA
https://dl.ndl.go.jp/pid/2586893/1/55	観智院本	類聚名義抄	見開き	仏下本	102	NA	仏下本	103	NA
https://dl.ndl.go.jp/pid/2586893/1/56	観智院本	類聚名義抄	見開き	仏下本	104	NA	仏下本	105	NA
https://dl.ndl.go.jp/pid/2586893/1/57	観智院本	類聚名義抄	見開き	仏下本	106	NA	仏下本	107	NA
https://dl.ndl.go.jp/pid/2586893/1/58	観智院本	類聚名義抄	見開き	仏下本	108	NA	仏下本	109	NA
https://dl.ndl.go.jp/pid/2586893/1/59	観智院本	類聚名義抄	見開き	仏下本	110	NA	仏下本	111	NA
https://dl.ndl.go.jp/pid/2586893/1/60	観智院本	類聚名義抄	見開き	仏下本	112	NA	仏下本	113	NA
https://dl.ndl.go.jp/pid/2586893/1/61	観智院本	類聚名義抄	見開き	仏下本	114	NA	仏下本	115	NA
https://dl.ndl.go.jp/pid/2586893/1/62	観智院本	類聚名義抄	見開き	仏下本	116	NA	仏下本	117	NA
https://dl.ndl.go.jp/pid/2586893/1/63	観智院本	類聚名義抄	見開き	仏下本	118	NA	仏下本	119	NA
https://dl.ndl.go.jp/pid/2586893/1/64	観智院本	類聚名義抄	見開き	仏下本	120	NA	仏下本	121	NA
https://dl.ndl.go.jp/pid/2586893/1/65	観智院本	類聚名義抄	見開き	仏下本	122	NA	仏下本	123	NA
https://dl.ndl.go.jp/pid/2586893/1/66	観智院本	類聚名義抄	見開き	仏下本	124	NA	仏下本	125	NA
https://dl.ndl.go.jp/pid/2586893/1/67	観智院本	類聚名義抄	見開き	仏下本	126	NA	仏下本	127	NA
https://dl.ndl.go.jp/pid/2586893/1/68	観智院本	類聚名義抄	見開き	仏下本	128	NA	仏下本	129	NA
https://dl.ndl.go.jp/pid/2586893/1/69	観智院本	類聚名義抄	見開き	仏下本	130	NA	仏下本	131	NA
https://dl.ndl.go.jp/pid/2586893/1/70	観智院本	類聚名義抄	見開き	仏下本	132	NA	仏下本	133	NA
https://dl.ndl.go.jp/pid/2586893/1/71	観智院本	類聚名義抄	見開き	仏下本	134	NA	仏下本	135	NA
https://dl.ndl.go.jp/pid/2586893/1/72	観智院本	類聚名義抄	見開き	仏下本	136	NA	仏下本	137	NA
https://dl.ndl.go.jp/pid/2586893/1/73	観智院本	類聚名義抄	見開き	仏下本	NA	NA	仏下本	NA	NA
https://dl.ndl.go.jp/pid/2586893/1/74	観智院本	類聚名義抄	見開き	仏下本	NA	NA	仏下本	NA	NA
https://dl.ndl.go.jp/pid/2586893/1/75	観智院本	類聚名義抄	見開き	仏下本	NA	NA	仏下本	NA	NA
https://dl.ndl.go.jp/pid/2586894/1/1	観智院本	類聚名義抄	見開き	仏下末	NA	NA	仏下末	NA	NA
https://dl.ndl.go.jp/pid/2586894/1/2	観智院本	類聚名義抄	見開き	仏下末	NA	NA	仏下末	NA	NA
https://dl.ndl.go.jp/pid/2586894/1/3	観智院本	類聚名義抄	見開き	仏下末	NA	NA	仏下末	NA	NA
https://dl.ndl.go.jp/pid/2586894/1/4	観智院本	類聚名義抄	見開き	仏下末	NA	NA	仏下末	1	NA
https://dl.ndl.go.jp/pid/2586894/1/5	観智院本	類聚名義抄	見開き	仏下末	2	NA	仏下末	3	NA
https://dl.ndl.go.jp/pid/2586894/1/6	観智院本	類聚名義抄	見開き	仏下末	4	NA	仏下末	5	NA
https://dl.ndl.go.jp/pid/2586894/1/7	観智院本	類聚名義抄	見開き	仏下末	6	NA	仏下末	7	NA
https://dl.ndl.go.jp/pid/2586894/1/8	観智院本	類聚名義抄	見開き	仏下末	8	NA	仏下末	9	NA
https://dl.ndl.go.jp/pid/2586894/1/9	観智院本	類聚名義抄	見開き	仏下末	10	NA	仏下末	11	NA
https://dl.ndl.go.jp/pid/2586894/1/10	観智院本	類聚名義抄	見開き	仏下末	12	NA	仏下末	13	NA
https://dl.ndl.go.jp/pid/2586894/1/11	観智院本	類聚名義抄	見開き	仏下末	14	NA	仏下末	15	NA
https://dl.ndl.go.jp/pid/2586894/1/12	観智院本	類聚名義抄	見開き	仏下末	16	NA	仏下末	17	NA
https://dl.ndl.go.jp/pid/2586894/1/13	観智院本	類聚名義抄	見開き	仏下末	18	NA	仏下末	19	NA
https://dl.ndl.go.jp/pid/2586894/1/14	観智院本	類聚名義抄	見開き	仏下末	20	NA	仏下末	21	NA
https://dl.ndl.go.jp/pid/2586894/1/15	観智院本	類聚名義抄	見開き	仏下末	22	NA	仏下末	23	NA
https://dl.ndl.go.jp/pid/2586894/1/16	観智院本	類聚名義抄	見開き	仏下末	24	NA	仏下末	25	NA
https://dl.ndl.go.jp/pid/2586894/1/17	観智院本	類聚名義抄	見開き	仏下末	26	NA	仏下末	27	NA
https://dl.ndl.go.jp/pid/2586894/1/18	観智院本	類聚名義抄	見開き	仏下末	28	NA	仏下末	29	NA
https://dl.ndl.go.jp/pid/2586894/1/19	観智院本	類聚名義抄	見開き	仏下末	30	NA	仏下末	31	NA
https://dl.ndl.go.jp/pid/2586894/1/20	観智院本	類聚名義抄	見開き	仏下末	32	NA	仏下末	33	NA
https://dl.ndl.go.jp/pid/2586894/1/21	観智院本	類聚名義抄	見開き	仏下末	34	NA	仏下末	35	NA
https://dl.ndl.go.jp/pid/2586894/1/22	観智院本	類聚名義抄	見開き	仏下末	36	NA	仏下末	37	NA
https://dl.ndl.go.jp/pid/2586894/1/23	観智院本	類聚名義抄	見開き	仏下末	38	NA	仏下末	39	NA
https://dl.ndl.go.jp/pid/2586894/1/24	観智院本	類聚名義抄	見開き	仏下末	40	NA	仏下末	41	NA
https://dl.ndl.go.jp/pid/2586894/1/25	観智院本	類聚名義抄	見開き	仏下末	42	NA	仏下末	43	NA
https://dl.ndl.go.jp/pid/2586894/1/26	観智院本	類聚名義抄	見開き	仏下末	44	NA	仏下末	45	NA
https://dl.ndl.go.jp/pid/2586894/1/27	観智院本	類聚名義抄	見開き	仏下末	46	NA	仏下末	47	NA
https://dl.ndl.go.jp/pid/2586894/1/28	観智院本	類聚名義抄	見開き	仏下末	48	NA	仏下末	49	NA
https://dl.ndl.go.jp/pid/2586894/1/29	観智院本	類聚名義抄	見開き	仏下末	50	NA	仏下末	51	NA
https://dl.ndl.go.jp/pid/2586894/1/30	観智院本	類聚名義抄	見開き	仏下末	52	NA	仏下末	53	NA
https://dl.ndl.go.jp/pid/2586894/1/31	観智院本	類聚名義抄	見開き	仏下末	54	NA	仏下末	55	NA
https://dl.ndl.go.jp/pid/2586894/1/32	観智院本	類聚名義抄	見開き	仏下末	56	NA	仏下末	57	NA
https://dl.ndl.go.jp/pid/2586894/1/33	観智院本	類聚名義抄	見開き	仏下末	NA	NA	仏下末	NA	NA
https://dl.ndl.go.jp/pid/2586894/1/34	観智院本	類聚名義抄	見開き	仏下末	NA	NA	仏下末	NA	NA
https://dl.ndl.go.jp/pid/2586894/1/35	観智院本	類聚名義抄	見開き	仏下末	NA	NA	仏下末	NA	NA
https://dl.ndl.go.jp/pid/2586895/1/1	観智院本	類聚名義抄	見開き	法上	NA	NA	法上	NA	NA
https://dl.ndl.go.jp/pid/2586895/1/2	観智院本	類聚名義抄	見開き	法上	NA	NA	法上	NA	NA
https://dl.ndl.go.jp/pid/2586895/1/3	観智院本	類聚名義抄	見開き	法上	NA	NA	法上	NA	NA
https://dl.ndl.go.jp/pid/2586895/1/4	観智院本	類聚名義抄	見開き	法上	NA	NA	法上	1	NA
https://dl.ndl.go.jp/pid/2586895/1/5	観智院本	類聚名義抄	見開き	法上	2	NA	法上	3	NA
https://dl.ndl.go.jp/pid/2586895/1/6	観智院本	類聚名義抄	見開き	法上	4	NA	法上	5	NA
https://dl.ndl.go.jp/pid/2586895/1/7	観智院本	類聚名義抄	見開き	法上	6	NA	法上	7	NA
https://dl.ndl.go.jp/pid/2586895/1/8	観智院本	類聚名義抄	見開き	法上	8	NA	法上	13	NA
https://dl.ndl.go.jp/pid/2586895/1/9	観智院本	類聚名義抄	見開き	法上	14	NA	法上	15	NA
https://dl.ndl.go.jp/pid/2586895/1/10	観智院本	類聚名義抄	見開き	法上	9	NA	法上	16	NA
https://dl.ndl.go.jp/pid/2586895/1/11	観智院本	類聚名義抄	見開き	法上	10	NA	法上	11	NA
https://dl.ndl.go.jp/pid/2586895/1/12	観智院本	類聚名義抄	見開き	法上	12	NA	法上	17	NA
https://dl.ndl.go.jp/pid/2586895/1/13	観智院本	類聚名義抄	見開き	法上	18	NA	法上	19	NA
https://dl.ndl.go.jp/pid/2586895/1/14	観智院本	類聚名義抄	見開き	法上	20	NA	法上	21	NA
https://dl.ndl.go.jp/pid/2586895/1/15	観智院本	類聚名義抄	見開き	法上	22	NA	法上	23	NA
https://dl.ndl.go.jp/pid/2586895/1/16	観智院本	類聚名義抄	見開き	法上	24	NA	法上	25	NA
https://dl.ndl.go.jp/pid/2586895/1/17	観智院本	類聚名義抄	見開き	法上	26	NA	法上	27	NA
https://dl.ndl.go.jp/pid/2586895/1/18	観智院本	類聚名義抄	見開き	法上	28	NA	法上	29	NA
https://dl.ndl.go.jp/pid/2586895/1/19	観智院本	類聚名義抄	見開き	法上	30	NA	法上	31	NA
https://dl.ndl.go.jp/pid/2586895/1/20	観智院本	類聚名義抄	見開き	法上	32	NA	法上	37	NA
https://dl.ndl.go.jp/pid/2586895/1/21	観智院本	類聚名義抄	見開き	法上	33	NA	法上	34	NA
https://dl.ndl.go.jp/pid/2586895/1/22	観智院本	類聚名義抄	見開き	法上	35	NA	法上	36	NA
https://dl.ndl.go.jp/pid/2586895/1/23	観智院本	類聚名義抄	見開き	法上	38	NA	法上	39	NA
https://dl.ndl.go.jp/pid/2586895/1/24	観智院本	類聚名義抄	見開き	法上	40	NA	法上	41	NA
https://dl.ndl.go.jp/pid/2586895/1/25	観智院本	類聚名義抄	見開き	法上	42	NA	法上	43	NA
https://dl.ndl.go.jp/pid/2586895/1/26	観智院本	類聚名義抄	見開き	法上	44	NA	法上	45	NA
https://dl.ndl.go.jp/pid/2586895/1/27	観智院本	類聚名義抄	見開き	法上	46	NA	法上	47	NA
https://dl.ndl.go.jp/pid/2586895/1/28	観智院本	類聚名義抄	見開き	法上	48	NA	法上	49	NA
https://dl.ndl.go.jp/pid/2586895/1/29	観智院本	類聚名義抄	見開き	法上	50	NA	法上	51	NA
https://dl.ndl.go.jp/pid/2586895/1/30	観智院本	類聚名義抄	見開き	法上	52	NA	法上	53	NA
https://dl.ndl.go.jp/pid/2586895/1/31	観智院本	類聚名義抄	見開き	法上	54	NA	法上	55	NA
https://dl.ndl.go.jp/pid/2586895/1/32	観智院本	類聚名義抄	見開き	法上	56	NA	法上	57	NA
https://dl.ndl.go.jp/pid/2586895/1/33	観智院本	類聚名義抄	見開き	法上	58	NA	法上	59	NA
https://dl.ndl.go.jp/pid/2586895/1/34	観智院本	類聚名義抄	見開き	法上	60	NA	法上	61	NA
https://dl.ndl.go.jp/pid/2586895/1/35	観智院本	類聚名義抄	見開き	法上	62	NA	法上	63	NA
https://dl.ndl.go.jp/pid/2586895/1/36	観智院本	類聚名義抄	見開き	法上	64	NA	法上	65	NA
https://dl.ndl.go.jp/pid/2586895/1/37	観智院本	類聚名義抄	見開き	法上	66	NA	法上	67	NA
https://dl.ndl.go.jp/pid/2586895/1/38	観智院本	類聚名義抄	見開き	法上	68	NA	法上	69	NA
https://dl.ndl.go.jp/pid/2586895/1/39	観智院本	類聚名義抄	見開き	法上	70	NA	法上	71	NA
https://dl.ndl.go.jp/pid/2586895/1/40	観智院本	類聚名義抄	見開き	法上	72	NA	法上	73	NA
https://dl.ndl.go.jp/pid/2586895/1/41	観智院本	類聚名義抄	見開き	法上	74	NA	法上	75	NA
https://dl.ndl.go.jp/pid/2586895/1/42	観智院本	類聚名義抄	見開き	法上	76	NA	法上	77	NA
https://dl.ndl.go.jp/pid/2586895/1/43	観智院本	類聚名義抄	見開き	法上	78	NA	法上	79	NA
https://dl.ndl.go.jp/pid/2586895/1/44	観智院本	類聚名義抄	見開き	法上	80	NA	法上	81	NA
https://dl.ndl.go.jp/pid/2586895/1/45	観智院本	類聚名義抄	見開き	法上	82	NA	法上	83	NA
https://dl.ndl.go.jp/pid/2586895/1/46	観智院本	類聚名義抄	見開き	法上	84	NA	法上	85	NA
https://dl.ndl.go.jp/pid/2586895/1/47	観智院本	類聚名義抄	見開き	法上	86	NA	法上	87	NA
https://dl.ndl.go.jp/pid/2586895/1/48	観智院本	類聚名義抄	見開き	法上	88	NA	法上	89	NA
https://dl.ndl.go.jp/pid/2586895/1/49	観智院本	類聚名義抄	見開き	法上	90	NA	法上	91	NA
https://dl.ndl.go.jp/pid/2586895/1/50	観智院本	類聚名義抄	見開き	法上	92	NA	法上	93	NA
https://dl.ndl.go.jp/pid/2586895/1/51	観智院本	類聚名義抄	見開き	法上	94	NA	法上	95	NA
https://dl.ndl.go.jp/pid/2586895/1/52	観智院本	類聚名義抄	見開き	法上	96	NA	法上	97	NA
https://dl.ndl.go.jp/pid/2586895/1/53	観智院本	類聚名義抄	見開き	法上	98	NA	法上	99	NA
https://dl.ndl.go.jp/pid/2586895/1/54	観智院本	類聚名義抄	見開き	法上	100	NA	法上	101	NA
https://dl.ndl.go.jp/pid/2586895/1/55	観智院本	類聚名義抄	見開き	法上	102	NA	法上	103	NA
https://dl.ndl.go.jp/pid/2586895/1/56	観智院本	類聚名義抄	見開き	法上	104	NA	法上	105	NA
https://dl.ndl.go.jp/pid/2586895/1/57	観智院本	類聚名義抄	見開き	法上	106	NA	法上	107	NA
https://dl.ndl.go.jp/pid/2586895/1/58	観智院本	類聚名義抄	見開き	法上	108	NA	法上	109	NA
https://dl.ndl.go.jp/pid/2586895/1/59	観智院本	類聚名義抄	見開き	法上	110	NA	法上	111	NA
https://dl.ndl.go.jp/pid/2586895/1/60	観智院本	類聚名義抄	見開き	法上	112	NA	法上	113	NA
https://dl.ndl.go.jp/pid/2586895/1/61	観智院本	類聚名義抄	見開き	法上	114	NA	法上	115	NA
https://dl.ndl.go.jp/pid/2586895/1/62	観智院本	類聚名義抄	見開き	法上	116	NA	法上	117	NA
https://dl.ndl.go.jp/pid/2586895/1/63	観智院本	類聚名義抄	見開き	法上	118	NA	法上	119	NA
https://dl.ndl.go.jp/pid/2586895/1/64	観智院本	類聚名義抄	見開き	法上	120	NA	法上	121	NA
https://dl.ndl.go.jp/pid/2586895/1/65	観智院本	類聚名義抄	見開き	法上	122	NA	法上	NA	NA
https://dl.ndl.go.jp/pid/2586895/1/66	観智院本	類聚名義抄	見開き	法上	NA	NA	法上	NA	NA
https://dl.ndl.go.jp/pid/2586895/1/67	観智院本	類聚名義抄	見開き	法上	NA	NA	法上	NA	NA
https://dl.ndl.go.jp/pid/2586896/1/1	観智院本	類聚名義抄	見開き	法中	NA	NA	法中	NA	NA
https://dl.ndl.go.jp/pid/2586896/1/2	観智院本	類聚名義抄	見開き	法中	NA	NA	法中	NA	NA
https://dl.ndl.go.jp/pid/2586896/1/3	観智院本	類聚名義抄	見開き	法中	NA	NA	法中	NA	NA
https://dl.ndl.go.jp/pid/2586896/1/4	観智院本	類聚名義抄	見開き	法中	NA	NA	法中	1	NA
https://dl.ndl.go.jp/pid/2586896/1/5	観智院本	類聚名義抄	見開き	法中	2	NA	法中	3	NA
https://dl.ndl.go.jp/pid/2586896/1/6	観智院本	類聚名義抄	見開き	法中	4	NA	法中	5	NA
https://dl.ndl.go.jp/pid/2586896/1/7	観智院本	類聚名義抄	見開き	法中	6	NA	法中	7	NA
https://dl.ndl.go.jp/pid/2586896/1/8	観智院本	類聚名義抄	見開き	法中	8	NA	法中	9	NA
https://dl.ndl.go.jp/pid/2586896/1/9	観智院本	類聚名義抄	見開き	法中	10	NA	法中	11	NA
https://dl.ndl.go.jp/pid/2586896/1/10	観智院本	類聚名義抄	見開き	法中	12	NA	法中	13	NA
https://dl.ndl.go.jp/pid/2586896/1/11	観智院本	類聚名義抄	見開き	法中	14	NA	法中	15	NA
https://dl.ndl.go.jp/pid/2586896/1/12	観智院本	類聚名義抄	見開き	法中	16	NA	法中	17	NA
https://dl.ndl.go.jp/pid/2586896/1/13	観智院本	類聚名義抄	見開き	法中	18	NA	法中	19	NA
https://dl.ndl.go.jp/pid/2586896/1/14	観智院本	類聚名義抄	見開き	法中	20	NA	法中	21	NA
https://dl.ndl.go.jp/pid/2586896/1/15	観智院本	類聚名義抄	見開き	法中	22	NA	法中	23	NA
https://dl.ndl.go.jp/pid/2586896/1/16	観智院本	類聚名義抄	見開き	法中	24	NA	法中	25	NA
https://dl.ndl.go.jp/pid/2586896/1/17	観智院本	類聚名義抄	見開き	法中	26	NA	法中	27	NA
https://dl.ndl.go.jp/pid/2586896/1/18	観智院本	類聚名義抄	見開き	法中	28	NA	法中	29	NA
https://dl.ndl.go.jp/pid/2586896/1/19	観智院本	類聚名義抄	見開き	法中	30	NA	法中	31	NA
https://dl.ndl.go.jp/pid/2586896/1/20	観智院本	類聚名義抄	見開き	法中	32	NA	法中	33	NA
https://dl.ndl.go.jp/pid/2586896/1/21	観智院本	類聚名義抄	見開き	法中	34	NA	法中	35	NA
https://dl.ndl.go.jp/pid/2586896/1/22	観智院本	類聚名義抄	見開き	法中	36	NA	法中	37	NA
https://dl.ndl.go.jp/pid/2586896/1/23	観智院本	類聚名義抄	見開き	法中	38	NA	法中	39	NA
https://dl.ndl.go.jp/pid/2586896/1/24	観智院本	類聚名義抄	見開き	法中	40	NA	法中	41	NA
https://dl.ndl.go.jp/pid/2586896/1/25	観智院本	類聚名義抄	見開き	法中	42	NA	法中	43	NA
https://dl.ndl.go.jp/pid/2586896/1/26	観智院本	類聚名義抄	見開き	法中	44	NA	法中	45	NA
https://dl.ndl.go.jp/pid/2586896/1/27	観智院本	類聚名義抄	見開き	法中	46	NA	法中	47	NA
https://dl.ndl.go.jp/pid/2586896/1/28	観智院本	類聚名義抄	見開き	法中	48	NA	法中	49	NA
https://dl.ndl.go.jp/pid/2586896/1/29	観智院本	類聚名義抄	見開き	法中	50	NA	法中	51	NA
https://dl.ndl.go.jp/pid/2586896/1/30	観智院本	類聚名義抄	見開き	法中	52	NA	法中	53	NA
https://dl.ndl.go.jp/pid/2586896/1/31	観智院本	類聚名義抄	見開き	法中	54	NA	法中	55	NA
https://dl.ndl.go.jp/pid/2586896/1/32	観智院本	類聚名義抄	見開き	法中	56	NA	法中	57	NA
https://dl.ndl.go.jp/pid/2586896/1/33	観智院本	類聚名義抄	見開き	法中	58	NA	法中	59	NA
https://dl.ndl.go.jp/pid/2586896/1/34	観智院本	類聚名義抄	見開き	法中	60	NA	法中	61	NA
https://dl.ndl.go.jp/pid/2586896/1/35	観智院本	類聚名義抄	見開き	法中	62	NA	法中	63	NA
https://dl.ndl.go.jp/pid/2586896/1/36	観智院本	類聚名義抄	見開き	法中	64	NA	法中	65	NA
https://dl.ndl.go.jp/pid/2586896/1/37	観智院本	類聚名義抄	見開き	法中	66	NA	法中	67	NA
https://dl.ndl.go.jp/pid/2586896/1/38	観智院本	類聚名義抄	見開き	法中	68	NA	法中	69	NA
https://dl.ndl.go.jp/pid/2586896/1/39	観智院本	類聚名義抄	見開き	法中	70	NA	法中	71	NA
https://dl.ndl.go.jp/pid/2586896/1/40	観智院本	類聚名義抄	見開き	法中	72	NA	法中	73	NA
https://dl.ndl.go.jp/pid/2586896/1/41	観智院本	類聚名義抄	見開き	法中	74	NA	法中	75	NA
https://dl.ndl.go.jp/pid/2586896/1/42	観智院本	類聚名義抄	見開き	法中	76	NA	法中	77	NA
https://dl.ndl.go.jp/pid/2586896/1/43	観智院本	類聚名義抄	見開き	法中	78	NA	法中	79	NA
https://dl.ndl.go.jp/pid/2586896/1/44	観智院本	類聚名義抄	見開き	法中	80	NA	法中	81	NA
https://dl.ndl.go.jp/pid/2586896/1/45	観智院本	類聚名義抄	見開き	法中	82	NA	法中	83	NA
https://dl.ndl.go.jp/pid/2586896/1/46	観智院本	類聚名義抄	見開き	法中	84	NA	法中	85	NA
https://dl.ndl.go.jp/pid/2586896/1/47	観智院本	類聚名義抄	見開き	法中	86	NA	法中	87	NA
https://dl.ndl.go.jp/pid/2586896/1/48	観智院本	類聚名義抄	見開き	法中	88	NA	法中	89	NA
https://dl.ndl.go.jp/pid/2586896/1/49	観智院本	類聚名義抄	見開き	法中	90	NA	法中	91	NA
https://dl.ndl.go.jp/pid/2586896/1/50	観智院本	類聚名義抄	見開き	法中	92	NA	法中	93	NA
https://dl.ndl.go.jp/pid/2586896/1/51	観智院本	類聚名義抄	見開き	法中	94	NA	法中	95	NA
https://dl.ndl.go.jp/pid/2586896/1/52	観智院本	類聚名義抄	見開き	法中	96	NA	法中	97	NA
https://dl.ndl.go.jp/pid/2586896/1/53	観智院本	類聚名義抄	見開き	法中	98	NA	法中	99	NA
https://dl.ndl.go.jp/pid/2586896/1/54	観智院本	類聚名義抄	見開き	法中	100	NA	法中	101	NA
https://dl.ndl.go.jp/pid/2586896/1/55	観智院本	類聚名義抄	見開き	法中	102	NA	法中	103	NA
https://dl.ndl.go.jp/pid/2586896/1/56	観智院本	類聚名義抄	見開き	法中	104	NA	法中	105	NA
https://dl.ndl.go.jp/pid/2586896/1/57	観智院本	類聚名義抄	見開き	法中	106	NA	法中	107	NA
https://dl.ndl.go.jp/pid/2586896/1/58	観智院本	類聚名義抄	見開き	法中	108	NA	法中	109	NA
https://dl.ndl.go.jp/pid/2586896/1/59	観智院本	類聚名義抄	見開き	法中	110	NA	法中	111	NA
https://dl.ndl.go.jp/pid/2586896/1/60	観智院本	類聚名義抄	見開き	法中	112	NA	法中	113	NA
https://dl.ndl.go.jp/pid/2586896/1/61	観智院本	類聚名義抄	見開き	法中	114	NA	法中	115	NA
https://dl.ndl.go.jp/pid/2586896/1/62	観智院本	類聚名義抄	見開き	法中	116	NA	法中	117	NA
https://dl.ndl.go.jp/pid/2586896/1/63	観智院本	類聚名義抄	見開き	法中	118	NA	法中	119	NA
https://dl.ndl.go.jp/pid/2586896/1/64	観智院本	類聚名義抄	見開き	法中	120	NA	法中	121	NA
https://dl.ndl.go.jp/pid/2586896/1/65	観智院本	類聚名義抄	見開き	法中	122	NA	法中	123	NA
https://dl.ndl.go.jp/pid/2586896/1/66	観智院本	類聚名義抄	見開き	法中	124	NA	法中	125	NA
https://dl.ndl.go.jp/pid/2586896/1/67	観智院本	類聚名義抄	見開き	法中	126	NA	法中	127	NA
https://dl.ndl.go.jp/pid/2586896/1/68	観智院本	類聚名義抄	見開き	法中	128	NA	法中	129	NA
https://dl.ndl.go.jp/pid/2586896/1/69	観智院本	類聚名義抄	見開き	法中	130	NA	法中	131	NA
https://dl.ndl.go.jp/pid/2586896/1/70	観智院本	類聚名義抄	見開き	法中	132	NA	法中	133	NA
https://dl.ndl.go.jp/pid/2586896/1/71	観智院本	類聚名義抄	見開き	法中	134	NA	法中	135	NA
https://dl.ndl.go.jp/pid/2586896/1/72	観智院本	類聚名義抄	見開き	法中	136	NA	法中	137	NA
https://dl.ndl.go.jp/pid/2586896/1/73	観智院本	類聚名義抄	見開き	法中	138	NA	法中	139	NA
https://dl.ndl.go.jp/pid/2586896/1/74	観智院本	類聚名義抄	見開き	法中	140	NA	法中	141	NA
https://dl.ndl.go.jp/pid/2586896/1/75	観智院本	類聚名義抄	見開き	法中	142	NA	法中	143	NA
https://dl.ndl.go.jp/pid/2586896/1/76	観智院本	類聚名義抄	見開き	法中	144	NA	法中	145	NA
https://dl.ndl.go.jp/pid/2586896/1/77	観智院本	類聚名義抄	見開き	法中	146	NA	法中	147	NA
https://dl.ndl.go.jp/pid/2586896/1/78	観智院本	類聚名義抄	見開き	法中	148	NA	法中	149	NA
https://dl.ndl.go.jp/pid/2586896/1/79	観智院本	類聚名義抄	見開き	法中	150	NA	法中	151	NA
https://dl.ndl.go.jp/pid/2586896/1/80	観智院本	類聚名義抄	見開き	法中	152	NA	法中	NA	NA
https://dl.ndl.go.jp/pid/2586896/1/81	観智院本	類聚名義抄	見開き	法中	NA	NA	法中	NA	NA
https://dl.ndl.go.jp/pid/2586896/1/82	観智院本	類聚名義抄	見開き	法中	NA	NA	法中	NA	NA
https://dl.ndl.go.jp/pid/2586896/1/83	観智院本	類聚名義抄	見開き	法中	NA	NA	法中	NA	NA
https://dl.ndl.go.jp/pid/2586897/1/1	観智院本	類聚名義抄	見開き	法下	NA	NA	法下	NA	NA
https://dl.ndl.go.jp/pid/2586897/1/2	観智院本	類聚名義抄	見開き	法下	NA	NA	法下	NA	NA
https://dl.ndl.go.jp/pid/2586897/1/3	観智院本	類聚名義抄	見開き	法下	NA	NA	法下	NA	NA
https://dl.ndl.go.jp/pid/2586897/1/4	観智院本	類聚名義抄	見開き	法下	NA	NA	法下	1	NA
https://dl.ndl.go.jp/pid/2586897/1/5	観智院本	類聚名義抄	見開き	法下	2	NA	法下	3	NA
https://dl.ndl.go.jp/pid/2586897/1/6	観智院本	類聚名義抄	見開き	法下	4	NA	法下	5	NA
https://dl.ndl.go.jp/pid/2586897/1/7	観智院本	類聚名義抄	見開き	法下	6	NA	法下	7	NA
https://dl.ndl.go.jp/pid/2586897/1/8	観智院本	類聚名義抄	見開き	法下	8	NA	法下	9	NA
https://dl.ndl.go.jp/pid/2586897/1/9	観智院本	類聚名義抄	見開き	法下	10	NA	法下	11	NA
https://dl.ndl.go.jp/pid/2586897/1/10	観智院本	類聚名義抄	見開き	法下	12	NA	法下	13	NA
https://dl.ndl.go.jp/pid/2586897/1/11	観智院本	類聚名義抄	見開き	法下	14	NA	法下	15	NA
https://dl.ndl.go.jp/pid/2586897/1/12	観智院本	類聚名義抄	見開き	法下	16	NA	法下	17	NA
https://dl.ndl.go.jp/pid/2586897/1/13	観智院本	類聚名義抄	見開き	法下	18	NA	法下	19	NA
https://dl.ndl.go.jp/pid/2586897/1/14	観智院本	類聚名義抄	見開き	法下	20	NA	法下	21	NA
https://dl.ndl.go.jp/pid/2586897/1/15	観智院本	類聚名義抄	見開き	法下	22	NA	法下	23	NA
https://dl.ndl.go.jp/pid/2586897/1/16	観智院本	類聚名義抄	見開き	法下	24	NA	法下	25	NA
https://dl.ndl.go.jp/pid/2586897/1/17	観智院本	類聚名義抄	見開き	法下	26	NA	法下	27	NA
https://dl.ndl.go.jp/pid/2586897/1/18	観智院本	類聚名義抄	見開き	法下	28	NA	法下	29	NA
https://dl.ndl.go.jp/pid/2586897/1/19	観智院本	類聚名義抄	見開き	法下	30	NA	法下	31	NA
https://dl.ndl.go.jp/pid/2586897/1/20	観智院本	類聚名義抄	見開き	法下	32	NA	法下	33	NA
https://dl.ndl.go.jp/pid/2586897/1/21	観智院本	類聚名義抄	見開き	法下	34	NA	法下	35	NA
https://dl.ndl.go.jp/pid/2586897/1/22	観智院本	類聚名義抄	見開き	法下	36	NA	法下	37	NA
https://dl.ndl.go.jp/pid/2586897/1/23	観智院本	類聚名義抄	見開き	法下	38	NA	法下	39	NA
https://dl.ndl.go.jp/pid/2586897/1/24	観智院本	類聚名義抄	見開き	法下	40	NA	法下	41	NA
https://dl.ndl.go.jp/pid/2586897/1/25	観智院本	類聚名義抄	見開き	法下	42	NA	法下	43	NA
https://dl.ndl.go.jp/pid/2586897/1/26	観智院本	類聚名義抄	見開き	法下	44	NA	法下	45	NA
https://dl.ndl.go.jp/pid/2586897/1/27	観智院本	類聚名義抄	見開き	法下	46	NA	法下	47	NA
https://dl.ndl.go.jp/pid/2586897/1/28	観智院本	類聚名義抄	見開き	法下	48	NA	法下	49	NA
https://dl.ndl.go.jp/pid/2586897/1/29	観智院本	類聚名義抄	見開き	法下	50	NA	法下	51	NA
https://dl.ndl.go.jp/pid/2586897/1/30	観智院本	類聚名義抄	見開き	法下	52	NA	法下	53	NA
https://dl.ndl.go.jp/pid/2586897/1/31	観智院本	類聚名義抄	見開き	法下	54	NA	法下	55	NA
https://dl.ndl.go.jp/pid/2586897/1/32	観智院本	類聚名義抄	見開き	法下	56	NA	法下	57	NA
https://dl.ndl.go.jp/pid/2586897/1/33	観智院本	類聚名義抄	見開き	法下	58	NA	法下	59	NA
https://dl.ndl.go.jp/pid/2586897/1/34	観智院本	類聚名義抄	見開き	法下	60	NA	法下	61	NA
https://dl.ndl.go.jp/pid/2586897/1/35	観智院本	類聚名義抄	見開き	法下	62	NA	法下	63	NA
https://dl.ndl.go.jp/pid/2586897/1/36	観智院本	類聚名義抄	見開き	法下	64	NA	法下	65	NA
https://dl.ndl.go.jp/pid/2586897/1/37	観智院本	類聚名義抄	見開き	法下	66	NA	法下	67	NA
https://dl.ndl.go.jp/pid/2586897/1/38	観智院本	類聚名義抄	見開き	法下	68	NA	法下	69	NA
https://dl.ndl.go.jp/pid/2586897/1/39	観智院本	類聚名義抄	見開き	法下	70	NA	法下	71	NA
https://dl.ndl.go.jp/pid/2586897/1/40	観智院本	類聚名義抄	見開き	法下	72	NA	法下	73	NA
https://dl.ndl.go.jp/pid/2586897/1/41	観智院本	類聚名義抄	見開き	法下	74	NA	法下	75	NA
https://dl.ndl.go.jp/pid/2586897/1/42	観智院本	類聚名義抄	見開き	法下	76	NA	法下	77	NA
https://dl.ndl.go.jp/pid/2586897/1/43	観智院本	類聚名義抄	見開き	法下	78	NA	法下	79	NA
https://dl.ndl.go.jp/pid/2586897/1/44	観智院本	類聚名義抄	見開き	法下	80	NA	法下	81	NA
https://dl.ndl.go.jp/pid/2586897/1/45	観智院本	類聚名義抄	見開き	法下	82	NA	法下	83	NA
https://dl.ndl.go.jp/pid/2586897/1/46	観智院本	類聚名義抄	見開き	法下	84	NA	法下	85	NA
https://dl.ndl.go.jp/pid/2586897/1/47	観智院本	類聚名義抄	見開き	法下	86	NA	法下	87	NA
https://dl.ndl.go.jp/pid/2586897/1/48	観智院本	類聚名義抄	見開き	法下	88	NA	法下	89	NA
https://dl.ndl.go.jp/pid/2586897/1/49	観智院本	類聚名義抄	見開き	法下	90	NA	法下	91	NA
https://dl.ndl.go.jp/pid/2586897/1/50	観智院本	類聚名義抄	見開き	法下	92	NA	法下	93	NA
https://dl.ndl.go.jp/pid/2586897/1/51	観智院本	類聚名義抄	見開き	法下	94	NA	法下	95	NA
https://dl.ndl.go.jp/pid/2586897/1/52	観智院本	類聚名義抄	見開き	法下	96	NA	法下	97	NA
https://dl.ndl.go.jp/pid/2586897/1/53	観智院本	類聚名義抄	見開き	法下	98	NA	法下	99	NA
https://dl.ndl.go.jp/pid/2586897/1/54	観智院本	類聚名義抄	見開き	法下	100	NA	法下	101	NA
https://dl.ndl.go.jp/pid/2586897/1/55	観智院本	類聚名義抄	見開き	法下	102	NA	法下	103	NA
https://dl.ndl.go.jp/pid/2586897/1/56	観智院本	類聚名義抄	見開き	法下	104	NA	法下	105	NA
https://dl.ndl.go.jp/pid/2586897/1/57	観智院本	類聚名義抄	見開き	法下	106	NA	法下	107	NA
https://dl.ndl.go.jp/pid/2586897/1/58	観智院本	類聚名義抄	見開き	法下	108	NA	法下	109	NA
https://dl.ndl.go.jp/pid/2586897/1/59	観智院本	類聚名義抄	見開き	法下	110	NA	法下	111	NA
https://dl.ndl.go.jp/pid/2586897/1/60	観智院本	類聚名義抄	見開き	法下	112	NA	法下	113	NA
https://dl.ndl.go.jp/pid/2586897/1/61	観智院本	類聚名義抄	見開き	法下	114	NA	法下	115	NA
https://dl.ndl.go.jp/pid/2586897/1/62	観智院本	類聚名義抄	見開き	法下	116	NA	法下	117	NA
https://dl.ndl.go.jp/pid/2586897/1/63	観智院本	類聚名義抄	見開き	法下	118	NA	法下	119	NA
https://dl.ndl.go.jp/pid/2586897/1/64	観智院本	類聚名義抄	見開き	法下	120	NA	法下	121	NA
https://dl.ndl.go.jp/pid/2586897/1/65	観智院本	類聚名義抄	見開き	法下	122	NA	法下	123	NA
https://dl.ndl.go.jp/pid/2586897/1/66	観智院本	類聚名義抄	見開き	法下	124	NA	法下	125	NA
https://dl.ndl.go.jp/pid/2586897/1/67	観智院本	類聚名義抄	見開き	法下	126	NA	法下	127	NA
https://dl.ndl.go.jp/pid/2586897/1/68	観智院本	類聚名義抄	見開き	法下	128	NA	法下	129	NA
https://dl.ndl.go.jp/pid/2586897/1/69	観智院本	類聚名義抄	見開き	法下	130	NA	法下	131	NA
https://dl.ndl.go.jp/pid/2586897/1/70	観智院本	類聚名義抄	見開き	法下	132	NA	法下	133	NA
https://dl.ndl.go.jp/pid/2586897/1/71	観智院本	類聚名義抄	見開き	法下	134	NA	法下	135	NA
https://dl.ndl.go.jp/pid/2586897/1/72	観智院本	類聚名義抄	見開き	法下	136	NA	法下	137	NA
https://dl.ndl.go.jp/pid/2586897/1/73	観智院本	類聚名義抄	見開き	法下	138	NA	法下	139	NA
https://dl.ndl.go.jp/pid/2586897/1/74	観智院本	類聚名義抄	見開き	法下	140	NA	法下	141	NA
https://dl.ndl.go.jp/pid/2586897/1/75	観智院本	類聚名義抄	見開き	法下	142	NA	法下	143	NA
https://dl.ndl.go.jp/pid/2586897/1/76	観智院本	類聚名義抄	見開き	法下	144	NA	法下	NA	NA
https://dl.ndl.go.jp/pid/2586897/1/77	観智院本	類聚名義抄	見開き	法下	NA	NA	法下	NA	NA
https://dl.ndl.go.jp/pid/2586897/1/78	観智院本	類聚名義抄	見開き	法下	NA	NA	法下	NA	NA
https://dl.ndl.go.jp/pid/2586897/1/79	観智院本	類聚名義抄	見開き	法下	NA	NA	法下	NA	NA
https://dl.ndl.go.jp/pid/2586898/1/1	観智院本	類聚名義抄	見開き	僧上	NA	NA	僧上	NA	NA
https://dl.ndl.go.jp/pid/2586898/1/2	観智院本	類聚名義抄	見開き	僧上	NA	NA	僧上	NA	NA
https://dl.ndl.go.jp/pid/2586898/1/3	観智院本	類聚名義抄	見開き	僧上	NA	NA	僧上	NA	NA
https://dl.ndl.go.jp/pid/2586898/1/4	観智院本	類聚名義抄	見開き	僧上	NA	NA	僧上	1	NA
https://dl.ndl.go.jp/pid/2586898/1/5	観智院本	類聚名義抄	見開き	僧上	2	NA	僧上	3	NA
https://dl.ndl.go.jp/pid/2586898/1/6	観智院本	類聚名義抄	見開き	僧上	4	NA	僧上	5	NA
https://dl.ndl.go.jp/pid/2586898/1/7	観智院本	類聚名義抄	見開き	僧上	6	NA	僧上	7	NA
https://dl.ndl.go.jp/pid/2586898/1/8	観智院本	類聚名義抄	見開き	僧上	8	NA	僧上	9	NA
https://dl.ndl.go.jp/pid/2586898/1/9	観智院本	類聚名義抄	見開き	僧上	10	NA	僧上	11	NA
https://dl.ndl.go.jp/pid/2586898/1/10	観智院本	類聚名義抄	見開き	僧上	12	NA	僧上	13	NA
https://dl.ndl.go.jp/pid/2586898/1/11	観智院本	類聚名義抄	見開き	僧上	14	NA	僧上	15	NA
https://dl.ndl.go.jp/pid/2586898/1/12	観智院本	類聚名義抄	見開き	僧上	16	NA	僧上	17	NA
https://dl.ndl.go.jp/pid/2586898/1/13	観智院本	類聚名義抄	見開き	僧上	18	NA	僧上	19	NA
https://dl.ndl.go.jp/pid/2586898/1/14	観智院本	類聚名義抄	見開き	僧上	20	NA	僧上	21	NA
https://dl.ndl.go.jp/pid/2586898/1/15	観智院本	類聚名義抄	見開き	僧上	22	NA	僧上	23	NA
https://dl.ndl.go.jp/pid/2586898/1/16	観智院本	類聚名義抄	見開き	僧上	24	NA	僧上	25	NA
https://dl.ndl.go.jp/pid/2586898/1/17	観智院本	類聚名義抄	見開き	僧上	26	NA	僧上	27	NA
https://dl.ndl.go.jp/pid/2586898/1/18	観智院本	類聚名義抄	見開き	僧上	28	NA	僧上	29	NA
https://dl.ndl.go.jp/pid/2586898/1/19	観智院本	類聚名義抄	見開き	僧上	30	NA	僧上	31	NA
https://dl.ndl.go.jp/pid/2586898/1/20	観智院本	類聚名義抄	見開き	僧上	32	NA	僧上	33	NA
https://dl.ndl.go.jp/pid/2586898/1/21	観智院本	類聚名義抄	見開き	僧上	34	NA	僧上	35	NA
https://dl.ndl.go.jp/pid/2586898/1/22	観智院本	類聚名義抄	見開き	僧上	36	NA	僧上	37	NA
https://dl.ndl.go.jp/pid/2586898/1/23	観智院本	類聚名義抄	見開き	僧上	38	NA	僧上	39	NA
https://dl.ndl.go.jp/pid/2586898/1/24	観智院本	類聚名義抄	見開き	僧上	40	NA	僧上	41	NA
https://dl.ndl.go.jp/pid/2586898/1/25	観智院本	類聚名義抄	見開き	僧上	42	NA	僧上	43	NA
https://dl.ndl.go.jp/pid/2586898/1/26	観智院本	類聚名義抄	見開き	僧上	44	NA	僧上	45	NA
https://dl.ndl.go.jp/pid/2586898/1/27	観智院本	類聚名義抄	見開き	僧上	46	NA	僧上	47	NA
https://dl.ndl.go.jp/pid/2586898/1/28	観智院本	類聚名義抄	見開き	僧上	48	NA	僧上	49	NA
https://dl.ndl.go.jp/pid/2586898/1/29	観智院本	類聚名義抄	見開き	僧上	50	NA	僧上	51	NA
https://dl.ndl.go.jp/pid/2586898/1/30	観智院本	類聚名義抄	見開き	僧上	52	NA	僧上	53	NA
https://dl.ndl.go.jp/pid/2586898/1/31	観智院本	類聚名義抄	見開き	僧上	54	NA	僧上	55	NA
https://dl.ndl.go.jp/pid/2586898/1/32	観智院本	類聚名義抄	見開き	僧上	56	NA	僧上	57	NA
https://dl.ndl.go.jp/pid/2586898/1/33	観智院本	類聚名義抄	見開き	僧上	58	NA	僧上	59	NA
https://dl.ndl.go.jp/pid/2586898/1/34	観智院本	類聚名義抄	見開き	僧上	60	NA	僧上	61	NA
https://dl.ndl.go.jp/pid/2586898/1/35	観智院本	類聚名義抄	見開き	僧上	62	NA	僧上	63	NA
https://dl.ndl.go.jp/pid/2586898/1/36	観智院本	類聚名義抄	見開き	僧上	64	NA	僧上	65	NA
https://dl.ndl.go.jp/pid/2586898/1/37	観智院本	類聚名義抄	見開き	僧上	66	NA	僧上	67	NA
https://dl.ndl.go.jp/pid/2586898/1/38	観智院本	類聚名義抄	見開き	僧上	68	NA	僧上	69	NA
https://dl.ndl.go.jp/pid/2586898/1/39	観智院本	類聚名義抄	見開き	僧上	70	NA	僧上	71	NA
https://dl.ndl.go.jp/pid/2586898/1/40	観智院本	類聚名義抄	見開き	僧上	72	NA	僧上	73	NA
https://dl.ndl.go.jp/pid/2586898/1/41	観智院本	類聚名義抄	見開き	僧上	74	NA	僧上	75	NA
https://dl.ndl.go.jp/pid/2586898/1/42	観智院本	類聚名義抄	見開き	僧上	76	NA	僧上	77	NA
https://dl.ndl.go.jp/pid/2586898/1/43	観智院本	類聚名義抄	見開き	僧上	78	NA	僧上	79	NA
https://dl.ndl.go.jp/pid/2586898/1/44	観智院本	類聚名義抄	見開き	僧上	80	NA	僧上	81	NA
https://dl.ndl.go.jp/pid/2586898/1/45	観智院本	類聚名義抄	見開き	僧上	82	NA	僧上	83	NA
https://dl.ndl.go.jp/pid/2586898/1/46	観智院本	類聚名義抄	見開き	僧上	84	NA	僧上	85	NA
https://dl.ndl.go.jp/pid/2586898/1/47	観智院本	類聚名義抄	見開き	僧上	86	NA	僧上	87	NA
https://dl.ndl.go.jp/pid/2586898/1/48	観智院本	類聚名義抄	見開き	僧上	88	NA	僧上	89	NA
https://dl.ndl.go.jp/pid/2586898/1/49	観智院本	類聚名義抄	見開き	僧上	90	NA	僧上	91	NA
https://dl.ndl.go.jp/pid/2586898/1/50	観智院本	類聚名義抄	見開き	僧上	92	NA	僧上	93	NA
https://dl.ndl.go.jp/pid/2586898/1/51	観智院本	類聚名義抄	見開き	僧上	94	NA	僧上	95	NA
https://dl.ndl.go.jp/pid/2586898/1/52	観智院本	類聚名義抄	見開き	僧上	96	NA	僧上	97	NA
https://dl.ndl.go.jp/pid/2586898/1/53	観智院本	類聚名義抄	見開き	僧上	98	NA	僧上	99	NA
https://dl.ndl.go.jp/pid/2586898/1/54	観智院本	類聚名義抄	見開き	僧上	100	NA	僧上	101	NA
https://dl.ndl.go.jp/pid/2586898/1/55	観智院本	類聚名義抄	見開き	僧上	102	NA	僧上	103	NA
https://dl.ndl.go.jp/pid/2586898/1/56	観智院本	類聚名義抄	見開き	僧上	104	NA	僧上	105	NA
https://dl.ndl.go.jp/pid/2586898/1/57	観智院本	類聚名義抄	見開き	僧上	106	NA	僧上	107	NA
https://dl.ndl.go.jp/pid/2586898/1/58	観智院本	類聚名義抄	見開き	僧上	108	NA	僧上	109	NA
https://dl.ndl.go.jp/pid/2586898/1/59	観智院本	類聚名義抄	見開き	僧上	110	NA	僧上	111	NA
https://dl.ndl.go.jp/pid/2586898/1/60	観智院本	類聚名義抄	見開き	僧上	112	NA	僧上	113	NA
https://dl.ndl.go.jp/pid/2586898/1/61	観智院本	類聚名義抄	見開き	僧上	114	NA	僧上	115	NA
https://dl.ndl.go.jp/pid/2586898/1/62	観智院本	類聚名義抄	見開き	僧上	116	NA	僧上	117	NA
https://dl.ndl.go.jp/pid/2586898/1/63	観智院本	類聚名義抄	見開き	僧上	118	NA	僧上	119	NA
https://dl.ndl.go.jp/pid/2586898/1/64	観智院本	類聚名義抄	見開き	僧上	120	NA	僧上	121	NA
https://dl.ndl.go.jp/pid/2586898/1/65	観智院本	類聚名義抄	見開き	僧上	122	NA	僧上	123	NA
https://dl.ndl.go.jp/pid/2586898/1/66	観智院本	類聚名義抄	見開き	僧上	124	NA	僧上	125	NA
https://dl.ndl.go.jp/pid/2586898/1/67	観智院本	類聚名義抄	見開き	僧上	126	NA	僧上	127	NA
https://dl.ndl.go.jp/pid/2586898/1/68	観智院本	類聚名義抄	見開き	僧上	128	NA	僧上	129	NA
https://dl.ndl.go.jp/pid/2586898/1/69	観智院本	類聚名義抄	見開き	僧上	130	NA	僧上	131	NA
https://dl.ndl.go.jp/pid/2586898/1/70	観智院本	類聚名義抄	見開き	僧上	132	NA	僧上	133	NA
https://dl.ndl.go.jp/pid/2586898/1/71	観智院本	類聚名義抄	見開き	僧上	134	NA	僧上	135	NA
https://dl.ndl.go.jp/pid/2586898/1/72	観智院本	類聚名義抄	見開き	僧上	136	NA	僧上	137	NA
https://dl.ndl.go.jp/pid/2586898/1/73	観智院本	類聚名義抄	見開き	僧上	138	NA	僧上	139	NA
https://dl.ndl.go.jp/pid/2586898/1/74	観智院本	類聚名義抄	見開き	僧上	140	NA	僧上	NA	NA
https://dl.ndl.go.jp/pid/2586898/1/75	観智院本	類聚名義抄	見開き	僧上	NA	NA	僧上	NA	NA
https://dl.ndl.go.jp/pid/2586898/1/76	観智院本	類聚名義抄	見開き	僧上	NA	NA	僧上	NA	NA
https://dl.ndl.go.jp/pid/2586898/1/77	観智院本	類聚名義抄	見開き	僧上	NA	NA	僧上	NA	NA
https://dl.ndl.go.jp/pid/2586899/1/1	観智院本	類聚名義抄	見開き	僧中	NA	NA	僧中	NA	NA
https://dl.ndl.go.jp/pid/2586899/1/2	観智院本	類聚名義抄	見開き	僧中	NA	NA	僧中	NA	NA
https://dl.ndl.go.jp/pid/2586899/1/3	観智院本	類聚名義抄	見開き	僧中	NA	NA	僧中	NA	NA
https://dl.ndl.go.jp/pid/2586899/1/4	観智院本	類聚名義抄	見開き	僧中	NA	NA	僧中	1	NA
https://dl.ndl.go.jp/pid/2586899/1/5	観智院本	類聚名義抄	見開き	僧中	2	NA	僧中	3	NA
https://dl.ndl.go.jp/pid/2586899/1/6	観智院本	類聚名義抄	見開き	僧中	4	NA	僧中	5	NA
https://dl.ndl.go.jp/pid/2586899/1/7	観智院本	類聚名義抄	見開き	僧中	6	NA	僧中	7	NA
https://dl.ndl.go.jp/pid/2586899/1/8	観智院本	類聚名義抄	見開き	僧中	8	NA	僧中	9	NA
https://dl.ndl.go.jp/pid/2586899/1/9	観智院本	類聚名義抄	見開き	僧中	10	NA	僧中	11	NA
https://dl.ndl.go.jp/pid/2586899/1/10	観智院本	類聚名義抄	見開き	僧中	12	NA	僧中	13	NA
https://dl.ndl.go.jp/pid/2586899/1/11	観智院本	類聚名義抄	見開き	僧中	14	NA	僧中	15	NA
https://dl.ndl.go.jp/pid/2586899/1/12	観智院本	類聚名義抄	見開き	僧中	16	NA	僧中	17	NA
https://dl.ndl.go.jp/pid/2586899/1/13	観智院本	類聚名義抄	見開き	僧中	18	NA	僧中	19	NA
https://dl.ndl.go.jp/pid/2586899/1/14	観智院本	類聚名義抄	見開き	僧中	20	NA	僧中	21	NA
https://dl.ndl.go.jp/pid/2586899/1/15	観智院本	類聚名義抄	見開き	僧中	22	NA	僧中	23	NA
https://dl.ndl.go.jp/pid/2586899/1/16	観智院本	類聚名義抄	見開き	僧中	24	NA	僧中	25	NA
https://dl.ndl.go.jp/pid/2586899/1/17	観智院本	類聚名義抄	見開き	僧中	26	NA	僧中	27	NA
https://dl.ndl.go.jp/pid/2586899/1/18	観智院本	類聚名義抄	見開き	僧中	28	NA	僧中	29	NA
https://dl.ndl.go.jp/pid/2586899/1/19	観智院本	類聚名義抄	見開き	僧中	30	NA	僧中	31	NA
https://dl.ndl.go.jp/pid/2586899/1/20	観智院本	類聚名義抄	見開き	僧中	32	NA	僧中	33	NA
https://dl.ndl.go.jp/pid/2586899/1/21	観智院本	類聚名義抄	見開き	僧中	34	NA	僧中	35	NA
https://dl.ndl.go.jp/pid/2586899/1/22	観智院本	類聚名義抄	見開き	僧中	36	NA	僧中	37	NA
https://dl.ndl.go.jp/pid/2586899/1/23	観智院本	類聚名義抄	見開き	僧中	38	NA	僧中	39	NA
https://dl.ndl.go.jp/pid/2586899/1/24	観智院本	類聚名義抄	見開き	僧中	40	NA	僧中	41	NA
https://dl.ndl.go.jp/pid/2586899/1/25	観智院本	類聚名義抄	見開き	僧中	42	NA	僧中	43	NA
https://dl.ndl.go.jp/pid/2586899/1/26	観智院本	類聚名義抄	見開き	僧中	44	NA	僧中	45	NA
https://dl.ndl.go.jp/pid/2586899/1/27	観智院本	類聚名義抄	見開き	僧中	46	NA	僧中	47	NA
https://dl.ndl.go.jp/pid/2586899/1/28	観智院本	類聚名義抄	見開き	僧中	48	NA	僧中	49	NA
https://dl.ndl.go.jp/pid/2586899/1/29	観智院本	類聚名義抄	見開き	僧中	50	NA	僧中	51	NA
https://dl.ndl.go.jp/pid/2586899/1/30	観智院本	類聚名義抄	見開き	僧中	52	NA	僧中	53	NA
https://dl.ndl.go.jp/pid/2586899/1/31	観智院本	類聚名義抄	見開き	僧中	54	NA	僧中	55	NA
https://dl.ndl.go.jp/pid/2586899/1/32	観智院本	類聚名義抄	見開き	僧中	56	NA	僧中	57	NA
https://dl.ndl.go.jp/pid/2586899/1/33	観智院本	類聚名義抄	見開き	僧中	58	NA	僧中	59	NA
https://dl.ndl.go.jp/pid/2586899/1/34	観智院本	類聚名義抄	見開き	僧中	60	NA	僧中	61	NA
https://dl.ndl.go.jp/pid/2586899/1/35	観智院本	類聚名義抄	見開き	僧中	62	NA	僧中	63	NA
https://dl.ndl.go.jp/pid/2586899/1/36	観智院本	類聚名義抄	見開き	僧中	64	NA	僧中	65	NA
https://dl.ndl.go.jp/pid/2586899/1/37	観智院本	類聚名義抄	見開き	僧中	66	NA	僧中	67	NA
https://dl.ndl.go.jp/pid/2586899/1/38	観智院本	類聚名義抄	見開き	僧中	68	NA	僧中	69	NA
https://dl.ndl.go.jp/pid/2586899/1/39	観智院本	類聚名義抄	見開き	僧中	70	NA	僧中	71	NA
https://dl.ndl.go.jp/pid/2586899/1/40	観智院本	類聚名義抄	見開き	僧中	72	NA	僧中	73	NA
https://dl.ndl.go.jp/pid/2586899/1/41	観智院本	類聚名義抄	見開き	僧中	74	NA	僧中	75	NA
https://dl.ndl.go.jp/pid/2586899/1/42	観智院本	類聚名義抄	見開き	僧中	76	NA	僧中	77	NA
https://dl.ndl.go.jp/pid/2586899/1/43	観智院本	類聚名義抄	見開き	僧中	78	NA	僧中	79	NA
https://dl.ndl.go.jp/pid/2586899/1/44	観智院本	類聚名義抄	見開き	僧中	80	NA	僧中	81	NA
https://dl.ndl.go.jp/pid/2586899/1/45	観智院本	類聚名義抄	見開き	僧中	82	NA	僧中	83	NA
https://dl.ndl.go.jp/pid/2586899/1/46	観智院本	類聚名義抄	見開き	僧中	84	NA	僧中	85	NA
https://dl.ndl.go.jp/pid/2586899/1/47	観智院本	類聚名義抄	見開き	僧中	86	NA	僧中	87	NA
https://dl.ndl.go.jp/pid/2586899/1/48	観智院本	類聚名義抄	見開き	僧中	88	NA	僧中	89	NA
https://dl.ndl.go.jp/pid/2586899/1/49	観智院本	類聚名義抄	見開き	僧中	90	NA	僧中	91	NA
https://dl.ndl.go.jp/pid/2586899/1/50	観智院本	類聚名義抄	見開き	僧中	92	NA	僧中	93	NA
https://dl.ndl.go.jp/pid/2586899/1/51	観智院本	類聚名義抄	見開き	僧中	94	NA	僧中	95	NA
https://dl.ndl.go.jp/pid/2586899/1/52	観智院本	類聚名義抄	見開き	僧中	96	NA	僧中	97	NA
https://dl.ndl.go.jp/pid/2586899/1/53	観智院本	類聚名義抄	見開き	僧中	98	NA	僧中	99	NA
https://dl.ndl.go.jp/pid/2586899/1/54	観智院本	類聚名義抄	見開き	僧中	100	NA	僧中	101	NA
https://dl.ndl.go.jp/pid/2586899/1/55	観智院本	類聚名義抄	見開き	僧中	102	NA	僧中	103	NA
https://dl.ndl.go.jp/pid/2586899/1/56	観智院本	類聚名義抄	見開き	僧中	104	NA	僧中	105	NA
https://dl.ndl.go.jp/pid/2586899/1/57	観智院本	類聚名義抄	見開き	僧中	106	NA	僧中	107	NA
https://dl.ndl.go.jp/pid/2586899/1/58	観智院本	類聚名義抄	見開き	僧中	108	NA	僧中	109	NA
https://dl.ndl.go.jp/pid/2586899/1/59	観智院本	類聚名義抄	見開き	僧中	110	NA	僧中	111	NA
https://dl.ndl.go.jp/pid/2586899/1/60	観智院本	類聚名義抄	見開き	僧中	112	NA	僧中	113	NA
https://dl.ndl.go.jp/pid/2586899/1/61	観智院本	類聚名義抄	見開き	僧中	114	NA	僧中	115	NA
https://dl.ndl.go.jp/pid/2586899/1/62	観智院本	類聚名義抄	見開き	僧中	116	NA	僧中	117	NA
https://dl.ndl.go.jp/pid/2586899/1/63	観智院本	類聚名義抄	見開き	僧中	118	NA	僧中	119	NA
https://dl.ndl.go.jp/pid/2586899/1/64	観智院本	類聚名義抄	見開き	僧中	120	NA	僧中	121	NA
https://dl.ndl.go.jp/pid/2586899/1/65	観智院本	類聚名義抄	見開き	僧中	122	NA	僧中	123	NA
https://dl.ndl.go.jp/pid/2586899/1/66	観智院本	類聚名義抄	見開き	僧中	124	NA	僧中	125	NA
https://dl.ndl.go.jp/pid/2586899/1/67	観智院本	類聚名義抄	見開き	僧中	126	NA	僧中	127	NA
https://dl.ndl.go.jp/pid/2586899/1/68	観智院本	類聚名義抄	見開き	僧中	128	NA	僧中	129	NA
https://dl.ndl.go.jp/pid/2586899/1/69	観智院本	類聚名義抄	見開き	僧中	130	NA	僧中	131	NA
https://dl.ndl.go.jp/pid/2586899/1/70	観智院本	類聚名義抄	見開き	僧中	132	NA	僧中	133	NA
https://dl.ndl.go.jp/pid/2586899/1/71	観智院本	類聚名義抄	見開き	僧中	134	NA	僧中	135	NA
https://dl.ndl.go.jp/pid/2586899/1/72	観智院本	類聚名義抄	見開き	僧中	136	NA	僧中	137	NA
https://dl.ndl.go.jp/pid/2586899/1/73	観智院本	類聚名義抄	見開き	僧中	NA	NA	僧中	NA	NA
https://dl.ndl.go.jp/pid/2586899/1/74	観智院本	類聚名義抄	見開き	僧中	NA	NA	僧中	NA	NA
https://dl.ndl.go.jp/pid/2586899/1/75	観智院本	類聚名義抄	見開き	僧中	NA	NA	僧中	NA	NA
https://dl.ndl.go.jp/pid/2586900/1/1	観智院本	類聚名義抄	見開き	僧下	NA	NA	僧下	NA	NA
https://dl.ndl.go.jp/pid/2586900/1/2	観智院本	類聚名義抄	見開き	僧下	NA	NA	僧下	NA	NA
https://dl.ndl.go.jp/pid/2586900/1/3	観智院本	類聚名義抄	見開き	僧下	NA	NA	僧下	NA	NA
https://dl.ndl.go.jp/pid/2586900/1/4	観智院本	類聚名義抄	見開き	僧下	NA	NA	僧下	1	NA
https://dl.ndl.go.jp/pid/2586900/1/5	観智院本	類聚名義抄	見開き	僧下	2	NA	僧下	3	NA
https://dl.ndl.go.jp/pid/2586900/1/6	観智院本	類聚名義抄	見開き	僧下	4	NA	僧下	5	NA
https://dl.ndl.go.jp/pid/2586900/1/7	観智院本	類聚名義抄	見開き	僧下	6	NA	僧下	7	NA
https://dl.ndl.go.jp/pid/2586900/1/8	観智院本	類聚名義抄	見開き	僧下	8	NA	僧下	9	NA
https://dl.ndl.go.jp/pid/2586900/1/9	観智院本	類聚名義抄	見開き	僧下	10	NA	僧下	11	NA
https://dl.ndl.go.jp/pid/2586900/1/10	観智院本	類聚名義抄	見開き	僧下	12	NA	僧下	13	NA
https://dl.ndl.go.jp/pid/2586900/1/11	観智院本	類聚名義抄	見開き	僧下	14	NA	僧下	15	NA
https://dl.ndl.go.jp/pid/2586900/1/12	観智院本	類聚名義抄	見開き	僧下	16	NA	僧下	17	NA
https://dl.ndl.go.jp/pid/2586900/1/13	観智院本	類聚名義抄	見開き	僧下	18	NA	僧下	19	NA
https://dl.ndl.go.jp/pid/2586900/1/14	観智院本	類聚名義抄	見開き	僧下	20	NA	僧下	21	NA
https://dl.ndl.go.jp/pid/2586900/1/15	観智院本	類聚名義抄	見開き	僧下	22	NA	僧下	23	NA
https://dl.ndl.go.jp/pid/2586900/1/16	観智院本	類聚名義抄	見開き	僧下	24	NA	僧下	25	NA
https://dl.ndl.go.jp/pid/2586900/1/17	観智院本	類聚名義抄	見開き	僧下	26	NA	僧下	27	NA
https://dl.ndl.go.jp/pid/2586900/1/18	観智院本	類聚名義抄	見開き	僧下	28	NA	僧下	29	NA
https://dl.ndl.go.jp/pid/2586900/1/19	観智院本	類聚名義抄	見開き	僧下	30	NA	僧下	31	NA
https://dl.ndl.go.jp/pid/2586900/1/20	観智院本	類聚名義抄	見開き	僧下	32	NA	僧下	33	NA
https://dl.ndl.go.jp/pid/2586900/1/21	観智院本	類聚名義抄	見開き	僧下	34	NA	僧下	35	NA
https://dl.ndl.go.jp/pid/2586900/1/22	観智院本	類聚名義抄	見開き	僧下	36	NA	僧下	37	NA
https://dl.ndl.go.jp/pid/2586900/1/23	観智院本	類聚名義抄	見開き	僧下	38	NA	僧下	39	NA
https://dl.ndl.go.jp/pid/2586900/1/24	観智院本	類聚名義抄	見開き	僧下	40	NA	僧下	41	NA
https://dl.ndl.go.jp/pid/2586900/1/25	観智院本	類聚名義抄	見開き	僧下	42	NA	僧下	43	NA
https://dl.ndl.go.jp/pid/2586900/1/26	観智院本	類聚名義抄	見開き	僧下	44	NA	僧下	45	NA
https://dl.ndl.go.jp/pid/2586900/1/27	観智院本	類聚名義抄	見開き	僧下	46	NA	僧下	47	NA
https://dl.ndl.go.jp/pid/2586900/1/28	観智院本	類聚名義抄	見開き	僧下	48	NA	僧下	49	NA
https://dl.ndl.go.jp/pid/2586900/1/29	観智院本	類聚名義抄	見開き	僧下	50	NA	僧下	51	NA
https://dl.ndl.go.jp/pid/2586900/1/30	観智院本	類聚名義抄	見開き	僧下	52	NA	僧下	53	NA
https://dl.ndl.go.jp/pid/2586900/1/31	観智院本	類聚名義抄	見開き	僧下	54	NA	僧下	55	NA
https://dl.ndl.go.jp/pid/2586900/1/32	観智院本	類聚名義抄	見開き	僧下	56	NA	僧下	57	NA
https://dl.ndl.go.jp/pid/2586900/1/33	観智院本	類聚名義抄	見開き	僧下	58	NA	僧下	59	NA
https://dl.ndl.go.jp/pid/2586900/1/34	観智院本	類聚名義抄	見開き	僧下	60	NA	僧下	61	NA
https://dl.ndl.go.jp/pid/2586900/1/35	観智院本	類聚名義抄	見開き	僧下	62	NA	僧下	63	NA
https://dl.ndl.go.jp/pid/2586900/1/36	観智院本	類聚名義抄	見開き	僧下	64	NA	僧下	65	NA
https://dl.ndl.go.jp/pid/2586900/1/37	観智院本	類聚名義抄	見開き	僧下	66	NA	僧下	67	NA
https://dl.ndl.go.jp/pid/2586900/1/38	観智院本	類聚名義抄	見開き	僧下	68	NA	僧下	69	NA
https://dl.ndl.go.jp/pid/2586900/1/39	観智院本	類聚名義抄	見開き	僧下	70	NA	僧下	71	NA
https://dl.ndl.go.jp/pid/2586900/1/40	観智院本	類聚名義抄	見開き	僧下	72	NA	僧下	73	NA
https://dl.ndl.go.jp/pid/2586900/1/41	観智院本	類聚名義抄	見開き	僧下	74	NA	僧下	75	NA
https://dl.ndl.go.jp/pid/2586900/1/42	観智院本	類聚名義抄	見開き	僧下	76	NA	僧下	77	NA
https://dl.ndl.go.jp/pid/2586900/1/43	観智院本	類聚名義抄	見開き	僧下	78	NA	僧下	79	NA
https://dl.ndl.go.jp/pid/2586900/1/44	観智院本	類聚名義抄	見開き	僧下	80	NA	僧下	81	NA
https://dl.ndl.go.jp/pid/2586900/1/45	観智院本	類聚名義抄	見開き	僧下	82	NA	僧下	83	NA
https://dl.ndl.go.jp/pid/2586900/1/46	観智院本	類聚名義抄	見開き	僧下	84	NA	僧下	85	NA
https://dl.ndl.go.jp/pid/2586900/1/47	観智院本	類聚名義抄	見開き	僧下	86	NA	僧下	87	NA
https://dl.ndl.go.jp/pid/2586900/1/48	観智院本	類聚名義抄	見開き	僧下	88	NA	僧下	89	NA
https://dl.ndl.go.jp/pid/2586900/1/49	観智院本	類聚名義抄	見開き	僧下	90	NA	僧下	91	NA
https://dl.ndl.go.jp/pid/2586900/1/50	観智院本	類聚名義抄	見開き	僧下	92	NA	僧下	93	NA
https://dl.ndl.go.jp/pid/2586900/1/51	観智院本	類聚名義抄	見開き	僧下	94	NA	僧下	95	NA
https://dl.ndl.go.jp/pid/2586900/1/52	観智院本	類聚名義抄	見開き	僧下	96	NA	僧下	97	NA
https://dl.ndl.go.jp/pid/2586900/1/53	観智院本	類聚名義抄	見開き	僧下	98	NA	僧下	99	NA
https://dl.ndl.go.jp/pid/2586900/1/54	観智院本	類聚名義抄	見開き	僧下	100	NA	僧下	101	NA
https://dl.ndl.go.jp/pid/2586900/1/55	観智院本	類聚名義抄	見開き	僧下	102	NA	僧下	103	NA
https://dl.ndl.go.jp/pid/2586900/1/56	観智院本	類聚名義抄	見開き	僧下	104	NA	僧下	105	NA
https://dl.ndl.go.jp/pid/2586900/1/57	観智院本	類聚名義抄	見開き	僧下	106	NA	僧下	107	NA
https://dl.ndl.go.jp/pid/2586900/1/58	観智院本	類聚名義抄	見開き	僧下	108	NA	僧下	109	NA
https://dl.ndl.go.jp/pid/2586900/1/59	観智院本	類聚名義抄	見開き	僧下	110	NA	僧下	111	NA
https://dl.ndl.go.jp/pid/2586900/1/60	観智院本	類聚名義抄	見開き	僧下	112	NA	僧下	113	NA
https://dl.ndl.go.jp/pid/2586900/1/61	観智院本	類聚名義抄	見開き	僧下	114	NA	僧下	115	NA
https://dl.ndl.go.jp/pid/2586900/1/62	観智院本	類聚名義抄	見開き	僧下	116	NA	僧下	117	NA
https://dl.ndl.go.jp/pid/2586900/1/63	観智院本	類聚名義抄	見開き	僧下	118	NA	僧下	119	NA
https://dl.ndl.go.jp/pid/2586900/1/64	観智院本	類聚名義抄	見開き	僧下	120	NA	僧下	121	NA
https://dl.ndl.go.jp/pid/2586900/1/65	観智院本	類聚名義抄	見開き	僧下	122	NA	僧下	123	NA
https://dl.ndl.go.jp/pid/2586900/1/66	観智院本	類聚名義抄	見開き	僧下	124	NA	僧下	125	NA
https://dl.ndl.go.jp/pid/2586900/1/67	観智院本	類聚名義抄	見開き	僧下	126	NA	僧下	127	NA
https://dl.ndl.go.jp/pid/2586900/1/68	観智院本	類聚名義抄	見開き	僧下	128	NA	僧下	129	NA
https://dl.ndl.go.jp/pid/2586900/1/69	観智院本	類聚名義抄	見開き	僧下	NA	NA	僧下	NA	NA
https://dl.ndl.go.jp/pid/2586900/1/70	観智院本	類聚名義抄	見開き	僧下	NA	NA	僧下	NA	NA
https://dl.ndl.go.jp/pid/2586900/1/71	観智院本	類聚名義抄	見開き	僧下	NA	NA	僧下	NA	NA
https://dl.ndl.go.jp/pid/3438195/1/1	天治本	新撰字鏡	見開き	NA	NA	NA	NA	NA	NA
https://dl.ndl.go.jp/pid/3438195/1/2	天治本	新撰字鏡	見開き	NA	NA	NA	NA	NA	NA
https://dl.ndl.go.jp/pid/3438195/1/3	天治本	新撰字鏡	見開き	NA	NA	NA	NA	NA	NA
https://dl.ndl.go.jp/pid/3438195/1/4	天治本	新撰字鏡	見開き	NA	NA	NA	NA	NA	NA
https://dl.ndl.go.jp/pid/3438195/1/5	天治本	新撰字鏡	見開き	NA	NA	NA	NA	NA	NA
https://dl.ndl.go.jp/pid/3438195/1/6	天治本	新撰字鏡	見開き	NA	NA	NA	NA	NA	NA
https://dl.ndl.go.jp/pid/3438195/1/7	天治本	新撰字鏡	見開き	NA	NA	NA	NA	NA	NA
https://dl.ndl.go.jp/pid/3438195/1/8	天治本	新撰字鏡	見開き	NA	NA	NA	NA	NA	NA
https://dl.ndl.go.jp/pid/3438195/1/9	天治本	新撰字鏡	見開き	NA	NA	NA	NA	NA	NA
https://dl.ndl.go.jp/pid/3438195/1/10	天治本	新撰字鏡	見開き	NA	NA	NA	NA	NA	NA
https://dl.ndl.go.jp/pid/3438195/1/11	天治本	新撰字鏡	見開き	NA	NA	NA	NA	NA	NA
https://dl.ndl.go.jp/pid/3438195/1/12	天治本	新撰字鏡	見開き	NA	NA	NA	NA	NA	NA
https://dl.ndl.go.jp/pid/3438195/1/13	天治本	新撰字鏡	見開き	NA	NA	NA	1	NA	NA
https://dl.ndl.go.jp/pid/3438195/1/14	天治本	新撰字鏡	見開き	1	NA	NA	1	1	オ
https://dl.ndl.go.jp/pid/3438195/1/15	天治本	新撰字鏡	見開き	1	1	ウ	1	2	オ
https://dl.ndl.go.jp/pid/3438195/1/16	天治本	新撰字鏡	見開き	1	2	ウ	1	3	オ
https://dl.ndl.go.jp/pid/3438195/1/17	天治本	新撰字鏡	見開き	1	3	ウ	1	4	オ
https://dl.ndl.go.jp/pid/3438195/1/18	天治本	新撰字鏡	見開き	1	4	ウ	1	5	オ
https://dl.ndl.go.jp/pid/3438195/1/19	天治本	新撰字鏡	見開き	1	5	ウ	1	6	オ
https://dl.ndl.go.jp/pid/3438195/1/20	天治本	新撰字鏡	見開き	1	6	ウ	1	7	オ
https://dl.ndl.go.jp/pid/3438195/1/21	天治本	新撰字鏡	見開き	1	7	ウ	1	8	オ
https://dl.ndl.go.jp/pid/3438195/1/22	天治本	新撰字鏡	見開き	1	8	ウ	1	9	オ
https://dl.ndl.go.jp/pid/3438195/1/23	天治本	新撰字鏡	見開き	1	9	ウ	1	10	オ
https://dl.ndl.go.jp/pid/3438195/1/24	天治本	新撰字鏡	見開き	1	10	ウ	1	11	オ
https://dl.ndl.go.jp/pid/3438195/1/25	天治本	新撰字鏡	見開き	1	11	ウ	1	12	オ
https://dl.ndl.go.jp/pid/3438195/1/26	天治本	新撰字鏡	見開き	1	12	ウ	1	13	オ
https://dl.ndl.go.jp/pid/3438195/1/27	天治本	新撰字鏡	見開き	1	13	ウ	1	14	オ
https://dl.ndl.go.jp/pid/3438195/1/28	天治本	新撰字鏡	見開き	1	14	ウ	1	15	オ
https://dl.ndl.go.jp/pid/3438195/1/29	天治本	新撰字鏡	見開き	1	15	ウ	1	16	オ
https://dl.ndl.go.jp/pid/3438195/1/30	天治本	新撰字鏡	見開き	1	16	ウ	1	17	オ
https://dl.ndl.go.jp/pid/3438195/1/31	天治本	新撰字鏡	見開き	1	17	ウ	1	18	オ
https://dl.ndl.go.jp/pid/3438195/1/32	天治本	新撰字鏡	見開き	1	18	ウ	1	19	オ
https://dl.ndl.go.jp/pid/3438195/1/33	天治本	新撰字鏡	見開き	1	19	ウ	1	20	オ
https://dl.ndl.go.jp/pid/3438195/1/34	天治本	新撰字鏡	見開き	1	20	ウ	1	21	オ
https://dl.ndl.go.jp/pid/3438195/1/35	天治本	新撰字鏡	見開き	1	21	ウ	1	22	オ
https://dl.ndl.go.jp/pid/3438195/1/36	天治本	新撰字鏡	見開き	1	22	ウ	1	23	オ
https://dl.ndl.go.jp/pid/3438195/1/37	天治本	新撰字鏡	見開き	1	23	ウ	1	24	オ
https://dl.ndl.go.jp/pid/3438195/1/38	天治本	新撰字鏡	見開き	1	24	ウ	1	25	オ
https://dl.ndl.go.jp/pid/3438195/1/39	天治本	新撰字鏡	見開き	1	25	ウ	1	26	オ
https://dl.ndl.go.jp/pid/3438195/1/40	天治本	新撰字鏡	見開き	1	26	ウ	1	27	オ
https://dl.ndl.go.jp/pid/3438195/1/41	天治本	新撰字鏡	見開き	1	27	ウ	1	28	オ
https://dl.ndl.go.jp/pid/3438195/1/42	天治本	新撰字鏡	見開き	1	28	ウ	1	29	オ
https://dl.ndl.go.jp/pid/3438195/1/43	天治本	新撰字鏡	見開き	1	29	ウ	1	30	オ
https://dl.ndl.go.jp/pid/3438195/1/44	天治本	新撰字鏡	見開き	1	30	ウ	1	31	オ
https://dl.ndl.go.jp/pid/3438195/1/45	天治本	新撰字鏡	見開き	1	31	ウ	1	32	オ
https://dl.ndl.go.jp/pid/3438195/1/46	天治本	新撰字鏡	見開き	1	32	ウ	1	33	オ
https://dl.ndl.go.jp/pid/3438195/1/47	天治本	新撰字鏡	見開き	1	33	ウ	1	34	オ
https://dl.ndl.go.jp/pid/3438195/1/48	天治本	新撰字鏡	見開き	1	34	ウ	1	35	オ
https://dl.ndl.go.jp/pid/3438195/1/49	天治本	新撰字鏡	見開き	1	35	ウ	1	36	オ
https://dl.ndl.go.jp/pid/3438195/1/50	天治本	新撰字鏡	見開き	1	36	ウ	2	NA	NA
https://dl.ndl.go.jp/pid/3438195/1/51	天治本	新撰字鏡	見開き	2	NA	NA	2	1	オ
https://dl.ndl.go.jp/pid/3438195/1/52	天治本	新撰字鏡	見開き	2	1	ウ	2	2	オ
https://dl.ndl.go.jp/pid/3438195/1/53	天治本	新撰字鏡	見開き	2	2	ウ	2	3	オ
https://dl.ndl.go.jp/pid/3438195/1/54	天治本	新撰字鏡	見開き	2	3	ウ	2	4	オ
https://dl.ndl.go.jp/pid/3438195/1/55	天治本	新撰字鏡	見開き	2	4	ウ	2	5	オ
https://dl.ndl.go.jp/pid/3438195/1/56	天治本	新撰字鏡	見開き	2	5	ウ	2	6	オ
https://dl.ndl.go.jp/pid/3438195/1/57	天治本	新撰字鏡	見開き	2	6	ウ	2	7	オ
https://dl.ndl.go.jp/pid/3438195/1/58	天治本	新撰字鏡	見開き	2	7	ウ	2	8	オ
https://dl.ndl.go.jp/pid/3438195/1/59	天治本	新撰字鏡	見開き	2	8	ウ	2	9	オ
https://dl.ndl.go.jp/pid/3438195/1/60	天治本	新撰字鏡	見開き	2	9	ウ	2	10	オ
https://dl.ndl.go.jp/pid/3438195/1/61	天治本	新撰字鏡	見開き	2	10	ウ	2	11	オ
https://dl.ndl.go.jp/pid/3438195/1/62	天治本	新撰字鏡	見開き	2	11	ウ	2	12	オ
https://dl.ndl.go.jp/pid/3438195/1/63	天治本	新撰字鏡	見開き	2	12	ウ	2	13	オ
https://dl.ndl.go.jp/pid/3438195/1/64	天治本	新撰字鏡	見開き	2	13	ウ	2	14	オ
https://dl.ndl.go.jp/pid/3438195/1/65	天治本	新撰字鏡	見開き	2	14	ウ	2	15	オ
https://dl.ndl.go.jp/pid/3438195/1/66	天治本	新撰字鏡	見開き	2	15	ウ	2	16	オ
https://dl.ndl.go.jp/pid/3438195/1/67	天治本	新撰字鏡	見開き	2	16	ウ	2	17	オ
https://dl.ndl.go.jp/pid/3438195/1/68	天治本	新撰字鏡	見開き	2	17	ウ	2	18	オ
https://dl.ndl.go.jp/pid/3438195/1/69	天治本	新撰字鏡	見開き	2	18	ウ	2	19	オ
https://dl.ndl.go.jp/pid/3438195/1/70	天治本	新撰字鏡	見開き	2	19	ウ	2	20	オ
https://dl.ndl.go.jp/pid/3438195/1/71	天治本	新撰字鏡	見開き	2	20	ウ	2	21	オ
https://dl.ndl.go.jp/pid/3438195/1/72	天治本	新撰字鏡	見開き	2	21	ウ	2	22	オ
https://dl.ndl.go.jp/pid/3438195/1/73	天治本	新撰字鏡	見開き	2	22	ウ	2	23	オ
https://dl.ndl.go.jp/pid/3438195/1/74	天治本	新撰字鏡	見開き	2	23	ウ	2	24	オ
https://dl.ndl.go.jp/pid/3438195/1/75	天治本	新撰字鏡	見開き	2	24	ウ	2	25	オ
https://dl.ndl.go.jp/pid/3438195/1/76	天治本	新撰字鏡	見開き	2	25	ウ	2	26	オ
https://dl.ndl.go.jp/pid/3438195/1/77	天治本	新撰字鏡	見開き	2	26	ウ	2	27	オ
https://dl.ndl.go.jp/pid/3438195/1/78	天治本	新撰字鏡	見開き	2	27	ウ	2	28	オ
https://dl.ndl.go.jp/pid/3438195/1/79	天治本	新撰字鏡	見開き	2	28	ウ	2	29	オ
https://dl.ndl.go.jp/pid/3438195/1/80	天治本	新撰字鏡	見開き	2	29	ウ	2	30	オ
https://dl.ndl.go.jp/pid/3438195/1/81	天治本	新撰字鏡	見開き	2	30	ウ	NA	NA	NA
https://dl.ndl.go.jp/pid/3438195/1/82	天治本	新撰字鏡	見開き	NA	NA	NA	NA	NA	NA
https://dl.ndl.go.jp/pid/3438196/1/1	天治本	新撰字鏡	見開き	NA	NA	NA	NA	NA	NA
https://dl.ndl.go.jp/pid/3438196/1/2	天治本	新撰字鏡	見開き	NA	NA	NA	3	NA	NA
https://dl.ndl.go.jp/pid/3438196/1/3	天治本	新撰字鏡	見開き	3	NA	NA	3	1	オ
https://dl.ndl.go.jp/pid/3438196/1/4	天治本	新撰字鏡	見開き	3	1	ウ	3	2	オ
https://dl.ndl.go.jp/pid/3438196/1/5	天治本	新撰字鏡	見開き	3	2	ウ	3	3	オ
https://dl.ndl.go.jp/pid/3438196/1/6	天治本	新撰字鏡	見開き	3	3	ウ	3	4	オ
https://dl.ndl.go.jp/pid/3438196/1/7	天治本	新撰字鏡	見開き	3	4	ウ	3	5	オ
https://dl.ndl.go.jp/pid/3438196/1/8	天治本	新撰字鏡	見開き	3	5	ウ	3	6	オ
https://dl.ndl.go.jp/pid/3438196/1/9	天治本	新撰字鏡	見開き	3	6	ウ	3	7	オ
https://dl.ndl.go.jp/pid/3438196/1/10	天治本	新撰字鏡	見開き	3	7	ウ	3	8	オ
https://dl.ndl.go.jp/pid/3438196/1/11	天治本	新撰字鏡	見開き	3	8	ウ	3	9	オ
https://dl.ndl.go.jp/pid/3438196/1/12	天治本	新撰字鏡	見開き	3	9	ウ	3	10	オ
https://dl.ndl.go.jp/pid/3438196/1/13	天治本	新撰字鏡	見開き	3	10	ウ	3	11	オ
https://dl.ndl.go.jp/pid/3438196/1/14	天治本	新撰字鏡	見開き	3	11	ウ	3	12	オ
https://dl.ndl.go.jp/pid/3438196/1/15	天治本	新撰字鏡	見開き	3	12	ウ	3	13	オ
https://dl.ndl.go.jp/pid/3438196/1/16	天治本	新撰字鏡	見開き	3	13	ウ	3	14	オ
https://dl.ndl.go.jp/pid/3438196/1/17	天治本	新撰字鏡	見開き	3	14	ウ	3	15	オ
https://dl.ndl.go.jp/pid/3438196/1/18	天治本	新撰字鏡	見開き	3	15	ウ	3	16	オ
https://dl.ndl.go.jp/pid/3438196/1/19	天治本	新撰字鏡	見開き	3	16	ウ	3	17	オ
https://dl.ndl.go.jp/pid/3438196/1/20	天治本	新撰字鏡	見開き	3	17	ウ	3	18	オ
https://dl.ndl.go.jp/pid/3438196/1/21	天治本	新撰字鏡	見開き	3	18	ウ	3	19	オ
https://dl.ndl.go.jp/pid/3438196/1/22	天治本	新撰字鏡	見開き	3	19	ウ	3	20	オ
https://dl.ndl.go.jp/pid/3438196/1/23	天治本	新撰字鏡	見開き	3	20	ウ	3	21	オ
https://dl.ndl.go.jp/pid/3438196/1/24	天治本	新撰字鏡	見開き	3	21	ウ	3	22	オ
https://dl.ndl.go.jp/pid/3438196/1/25	天治本	新撰字鏡	見開き	3	22	ウ	3	23	オ
https://dl.ndl.go.jp/pid/3438196/1/26	天治本	新撰字鏡	見開き	3	23	ウ	3	24	オ
https://dl.ndl.go.jp/pid/3438196/1/27	天治本	新撰字鏡	見開き	3	24	ウ	3	25	オ
https://dl.ndl.go.jp/pid/3438196/1/28	天治本	新撰字鏡	見開き	3	25	ウ	3	26	オ
https://dl.ndl.go.jp/pid/3438196/1/29	天治本	新撰字鏡	見開き	3	26	ウ	3	27	オ
https://dl.ndl.go.jp/pid/3438196/1/30	天治本	新撰字鏡	見開き	3	27	ウ	3	28	オ
https://dl.ndl.go.jp/pid/3438196/1/31	天治本	新撰字鏡	見開き	3	28	ウ	4	NA	NA
https://dl.ndl.go.jp/pid/3438196/1/32	天治本	新撰字鏡	見開き	4	NA	NA	4	1	オ
https://dl.ndl.go.jp/pid/3438196/1/33	天治本	新撰字鏡	見開き	4	1	ウ	4	2	オ
https://dl.ndl.go.jp/pid/3438196/1/34	天治本	新撰字鏡	見開き	4	2	ウ	4	3	オ
https://dl.ndl.go.jp/pid/3438196/1/35	天治本	新撰字鏡	見開き	4	3	ウ	4	4	オ
https://dl.ndl.go.jp/pid/3438196/1/36	天治本	新撰字鏡	見開き	4	4	ウ	4	5	オ
https://dl.ndl.go.jp/pid/3438196/1/37	天治本	新撰字鏡	見開き	4	5	ウ	4	6	オ
https://dl.ndl.go.jp/pid/3438196/1/38	天治本	新撰字鏡	見開き	4	6	ウ	4	7	オ
https://dl.ndl.go.jp/pid/3438196/1/39	天治本	新撰字鏡	見開き	4	7	ウ	4	8	オ
https://dl.ndl.go.jp/pid/3438196/1/40	天治本	新撰字鏡	見開き	4	8	ウ	4	9	オ
https://dl.ndl.go.jp/pid/3438196/1/41	天治本	新撰字鏡	見開き	4	9	ウ	4	10	オ
https://dl.ndl.go.jp/pid/3438196/1/42	天治本	新撰字鏡	見開き	4	10	ウ	4	11	オ
https://dl.ndl.go.jp/pid/3438196/1/43	天治本	新撰字鏡	見開き	4	11	ウ	4	12	オ
https://dl.ndl.go.jp/pid/3438196/1/44	天治本	新撰字鏡	見開き	4	12	ウ	4	13	オ
https://dl.ndl.go.jp/pid/3438196/1/45	天治本	新撰字鏡	見開き	4	13	ウ	4	14	オ
https://dl.ndl.go.jp/pid/3438196/1/46	天治本	新撰字鏡	見開き	4	14	ウ	4	15	オ
https://dl.ndl.go.jp/pid/3438196/1/47	天治本	新撰字鏡	見開き	4	15	ウ	4	16	オ
https://dl.ndl.go.jp/pid/3438196/1/48	天治本	新撰字鏡	見開き	4	16	ウ	4	17	オ
https://dl.ndl.go.jp/pid/3438196/1/49	天治本	新撰字鏡	見開き	4	17	ウ	4	18	オ
https://dl.ndl.go.jp/pid/3438196/1/50	天治本	新撰字鏡	見開き	4	18	ウ	4	19	オ
https://dl.ndl.go.jp/pid/3438196/1/51	天治本	新撰字鏡	見開き	4	19	ウ	4	20	オ
https://dl.ndl.go.jp/pid/3438196/1/52	天治本	新撰字鏡	見開き	4	20	ウ	4	21	オ
https://dl.ndl.go.jp/pid/3438196/1/53	天治本	新撰字鏡	見開き	4	21	ウ	4	22	オ
https://dl.ndl.go.jp/pid/3438196/1/54	天治本	新撰字鏡	見開き	4	22	ウ	4	23	オ
https://dl.ndl.go.jp/pid/3438196/1/55	天治本	新撰字鏡	見開き	4	23	ウ	4	24	オ
https://dl.ndl.go.jp/pid/3438196/1/56	天治本	新撰字鏡	見開き	4	24	ウ	4	25	オ
https://dl.ndl.go.jp/pid/3438196/1/57	天治本	新撰字鏡	見開き	4	25	ウ	4	26	オ
https://dl.ndl.go.jp/pid/3438196/1/58	天治本	新撰字鏡	見開き	4	26	ウ	NA	NA	NA
https://dl.ndl.go.jp/pid/3438196/1/59	天治本	新撰字鏡	見開き	NA	NA	NA	NA	NA	NA
https://dl.ndl.go.jp/pid/3438197/1/1	天治本	新撰字鏡	見開き	NA	NA	NA	NA	NA	NA
https://dl.ndl.go.jp/pid/3438197/1/2	天治本	新撰字鏡	見開き	NA	NA	NA	5	NA	NA
https://dl.ndl.go.jp/pid/3438197/1/3	天治本	新撰字鏡	見開き	5	NA	NA	5	1	オ
https://dl.ndl.go.jp/pid/3438197/1/4	天治本	新撰字鏡	見開き	5	1	ウ	5	2	オ
https://dl.ndl.go.jp/pid/3438197/1/5	天治本	新撰字鏡	見開き	5	2	ウ	5	3	オ
https://dl.ndl.go.jp/pid/3438197/1/6	天治本	新撰字鏡	見開き	5	3	ウ	5	4	オ
https://dl.ndl.go.jp/pid/3438197/1/7	天治本	新撰字鏡	見開き	5	4	ウ	5	5	オ
https://dl.ndl.go.jp/pid/3438197/1/8	天治本	新撰字鏡	見開き	5	5	ウ	5	6	オ
https://dl.ndl.go.jp/pid/3438197/1/9	天治本	新撰字鏡	見開き	5	6	ウ	5	7	オ
https://dl.ndl.go.jp/pid/3438197/1/10	天治本	新撰字鏡	見開き	5	7	ウ	5	8	オ
https://dl.ndl.go.jp/pid/3438197/1/11	天治本	新撰字鏡	見開き	5	8	ウ	5	9	オ
https://dl.ndl.go.jp/pid/3438197/1/12	天治本	新撰字鏡	見開き	5	9	ウ	5	10	オ
https://dl.ndl.go.jp/pid/3438197/1/13	天治本	新撰字鏡	見開き	5	10	ウ	5	11	オ
https://dl.ndl.go.jp/pid/3438197/1/14	天治本	新撰字鏡	見開き	5	11	ウ	5	12	オ
https://dl.ndl.go.jp/pid/3438197/1/15	天治本	新撰字鏡	見開き	5	12	ウ	5	13	オ
https://dl.ndl.go.jp/pid/3438197/1/16	天治本	新撰字鏡	見開き	5	13	ウ	5	14	オ
https://dl.ndl.go.jp/pid/3438197/1/17	天治本	新撰字鏡	見開き	5	14	ウ	5	15	オ
https://dl.ndl.go.jp/pid/3438197/1/18	天治本	新撰字鏡	見開き	5	15	ウ	5	16	オ
https://dl.ndl.go.jp/pid/3438197/1/19	天治本	新撰字鏡	見開き	5	16	ウ	5	17	オ
https://dl.ndl.go.jp/pid/3438197/1/20	天治本	新撰字鏡	見開き	5	17	ウ	5	18	オ
https://dl.ndl.go.jp/pid/3438197/1/21	天治本	新撰字鏡	見開き	5	18	ウ	5	19	オ
https://dl.ndl.go.jp/pid/3438197/1/22	天治本	新撰字鏡	見開き	5	19	ウ	5	20	オ
https://dl.ndl.go.jp/pid/3438197/1/23	天治本	新撰字鏡	見開き	5	20	ウ	5	21	オ
https://dl.ndl.go.jp/pid/3438197/1/24	天治本	新撰字鏡	見開き	5	21	ウ	5	22	オ
https://dl.ndl.go.jp/pid/3438197/1/25	天治本	新撰字鏡	見開き	5	22	ウ	5	23	オ
https://dl.ndl.go.jp/pid/3438197/1/26	天治本	新撰字鏡	見開き	5	23	ウ	5	24	オ
https://dl.ndl.go.jp/pid/3438197/1/27	天治本	新撰字鏡	見開き	5	24	ウ	5	25	オ
https://dl.ndl.go.jp/pid/3438197/1/28	天治本	新撰字鏡	見開き	5	25	ウ	5	26	オ
https://dl.ndl.go.jp/pid/3438197/1/29	天治本	新撰字鏡	見開き	5	26	ウ	5	27	オ
https://dl.ndl.go.jp/pid/3438197/1/30	天治本	新撰字鏡	見開き	5	27	ウ	6	NA	NA
https://dl.ndl.go.jp/pid/3438197/1/31	天治本	新撰字鏡	見開き	6	NA	NA	6	1	オ
https://dl.ndl.go.jp/pid/3438197/1/32	天治本	新撰字鏡	見開き	6	1	ウ	6	2	オ
https://dl.ndl.go.jp/pid/3438197/1/33	天治本	新撰字鏡	見開き	6	2	ウ	6	3	オ
https://dl.ndl.go.jp/pid/3438197/1/34	天治本	新撰字鏡	見開き	6	3	ウ	6	4	オ
https://dl.ndl.go.jp/pid/3438197/1/35	天治本	新撰字鏡	見開き	6	4	ウ	6	5	オ
https://dl.ndl.go.jp/pid/3438197/1/36	天治本	新撰字鏡	見開き	6	5	ウ	6	6	オ
https://dl.ndl.go.jp/pid/3438197/1/37	天治本	新撰字鏡	見開き	6	6	ウ	6	7	オ
https://dl.ndl.go.jp/pid/3438197/1/38	天治本	新撰字鏡	見開き	6	7	ウ	6	8	オ
https://dl.ndl.go.jp/pid/3438197/1/39	天治本	新撰字鏡	見開き	6	8	ウ	6	9	オ
https://dl.ndl.go.jp/pid/3438197/1/40	天治本	新撰字鏡	見開き	6	9	ウ	6	10	オ
https://dl.ndl.go.jp/pid/3438197/1/41	天治本	新撰字鏡	見開き	6	10	ウ	6	11	オ
https://dl.ndl.go.jp/pid/3438197/1/42	天治本	新撰字鏡	見開き	6	11	ウ	6	12	オ
https://dl.ndl.go.jp/pid/3438197/1/43	天治本	新撰字鏡	見開き	6	12	ウ	6	13	オ
https://dl.ndl.go.jp/pid/3438197/1/44	天治本	新撰字鏡	見開き	6	13	ウ	6	14	オ
https://dl.ndl.go.jp/pid/3438197/1/45	天治本	新撰字鏡	見開き	6	14	ウ	6	15	オ
https://dl.ndl.go.jp/pid/3438197/1/46	天治本	新撰字鏡	見開き	6	15	ウ	6	16	オ
https://dl.ndl.go.jp/pid/3438197/1/47	天治本	新撰字鏡	見開き	6	16	ウ	6	17	オ
https://dl.ndl.go.jp/pid/3438197/1/48	天治本	新撰字鏡	見開き	6	17	ウ	6	18	オ
https://dl.ndl.go.jp/pid/3438197/1/49	天治本	新撰字鏡	見開き	6	18	ウ	6	19	オ
https://dl.ndl.go.jp/pid/3438197/1/50	天治本	新撰字鏡	見開き	6	19	ウ	6	20	オ
https://dl.ndl.go.jp/pid/3438197/1/51	天治本	新撰字鏡	見開き	6	20	ウ	6	21	オ
https://dl.ndl.go.jp/pid/3438197/1/52	天治本	新撰字鏡	見開き	6	21	ウ	6	22	オ
https://dl.ndl.go.jp/pid/3438197/1/53	天治本	新撰字鏡	見開き	6	22	ウ	6	23	オ
https://dl.ndl.go.jp/pid/3438197/1/54	天治本	新撰字鏡	見開き	6	23	ウ	6	24	オ
https://dl.ndl.go.jp/pid/3438197/1/55	天治本	新撰字鏡	見開き	6	24	ウ	6	25	オ
https://dl.ndl.go.jp/pid/3438197/1/56	天治本	新撰字鏡	見開き	6	25	ウ	6	26	オ
https://dl.ndl.go.jp/pid/3438197/1/57	天治本	新撰字鏡	見開き	6	26	ウ	6	27	オ
https://dl.ndl.go.jp/pid/3438197/1/58	天治本	新撰字鏡	見開き	6	27	ウ	6	28	オ
https://dl.ndl.go.jp/pid/3438197/1/59	天治本	新撰字鏡	見開き	6	28	ウ	6	29	オ
https://dl.ndl.go.jp/pid/3438197/1/60	天治本	新撰字鏡	見開き	6	29	ウ	6	30	オ
https://dl.ndl.go.jp/pid/3438197/1/61	天治本	新撰字鏡	見開き	6	30	ウ	6	31	オ
https://dl.ndl.go.jp/pid/3438197/1/62	天治本	新撰字鏡	見開き	6	31	ウ	6	32	オ
https://dl.ndl.go.jp/pid/3438197/1/63	天治本	新撰字鏡	見開き	6	32	ウ	6	33	オ
https://dl.ndl.go.jp/pid/3438197/1/64	天治本	新撰字鏡	見開き	6	33	ウ	NA	NA	NA
https://dl.ndl.go.jp/pid/3438197/1/65	天治本	新撰字鏡	見開き	NA	NA	NA	NA	NA	NA
https://dl.ndl.go.jp/pid/3438198/1/1	天治本	新撰字鏡	見開き	NA	NA	NA	NA	NA	NA
https://dl.ndl.go.jp/pid/3438198/1/2	天治本	新撰字鏡	見開き	NA	NA	NA	7	NA	NA
https://dl.ndl.go.jp/pid/3438198/1/3	天治本	新撰字鏡	見開き	7	NA	NA	7	1	オ
https://dl.ndl.go.jp/pid/3438198/1/4	天治本	新撰字鏡	見開き	7	1	ウ	7	2	オ
https://dl.ndl.go.jp/pid/3438198/1/5	天治本	新撰字鏡	見開き	7	2	ウ	7	3	オ
https://dl.ndl.go.jp/pid/3438198/1/6	天治本	新撰字鏡	見開き	7	3	ウ	7	4	オ
https://dl.ndl.go.jp/pid/3438198/1/7	天治本	新撰字鏡	見開き	7	4	ウ	7	5	オ
https://dl.ndl.go.jp/pid/3438198/1/8	天治本	新撰字鏡	見開き	7	5	ウ	7	6	オ
https://dl.ndl.go.jp/pid/3438198/1/9	天治本	新撰字鏡	見開き	7	6	ウ	7	7	オ
https://dl.ndl.go.jp/pid/3438198/1/10	天治本	新撰字鏡	見開き	7	7	ウ	7	8	オ
https://dl.ndl.go.jp/pid/3438198/1/11	天治本	新撰字鏡	見開き	7	8	ウ	7	9	オ
https://dl.ndl.go.jp/pid/3438198/1/12	天治本	新撰字鏡	見開き	7	9	ウ	7	10	オ
https://dl.ndl.go.jp/pid/3438198/1/13	天治本	新撰字鏡	見開き	7	10	ウ	7	11	オ
https://dl.ndl.go.jp/pid/3438198/1/14	天治本	新撰字鏡	見開き	7	11	ウ	7	12	オ
https://dl.ndl.go.jp/pid/3438198/1/15	天治本	新撰字鏡	見開き	7	12	ウ	7	13	オ
https://dl.ndl.go.jp/pid/3438198/1/16	天治本	新撰字鏡	見開き	7	13	ウ	7	14	オ
https://dl.ndl.go.jp/pid/3438198/1/17	天治本	新撰字鏡	見開き	7	14	ウ	7	15	オ
https://dl.ndl.go.jp/pid/3438198/1/18	天治本	新撰字鏡	見開き	7	15	ウ	7	16	オ
https://dl.ndl.go.jp/pid/3438198/1/19	天治本	新撰字鏡	見開き	7	16	ウ	7	17	オ
https://dl.ndl.go.jp/pid/3438198/1/20	天治本	新撰字鏡	見開き	7	17	ウ	7	18	オ
https://dl.ndl.go.jp/pid/3438198/1/21	天治本	新撰字鏡	見開き	7	18	ウ	7	19	オ
https://dl.ndl.go.jp/pid/3438198/1/22	天治本	新撰字鏡	見開き	7	19	ウ	7	20	オ
https://dl.ndl.go.jp/pid/3438198/1/23	天治本	新撰字鏡	見開き	7	20	ウ	7	21	オ
https://dl.ndl.go.jp/pid/3438198/1/24	天治本	新撰字鏡	見開き	7	21	ウ	7	22	オ
https://dl.ndl.go.jp/pid/3438198/1/25	天治本	新撰字鏡	見開き	7	22	ウ	7	23	オ
https://dl.ndl.go.jp/pid/3438198/1/26	天治本	新撰字鏡	見開き	7	23	ウ	7	24	オ
https://dl.ndl.go.jp/pid/3438198/1/27	天治本	新撰字鏡	見開き	7	24	ウ	7	25	オ
https://dl.ndl.go.jp/pid/3438198/1/28	天治本	新撰字鏡	見開き	7	25	ウ	7	26	オ
https://dl.ndl.go.jp/pid/3438198/1/29	天治本	新撰字鏡	見開き	7	26	ウ	7	27	オ
https://dl.ndl.go.jp/pid/3438198/1/30	天治本	新撰字鏡	見開き	7	27	ウ	7	28	オ
https://dl.ndl.go.jp/pid/3438198/1/31	天治本	新撰字鏡	見開き	7	28	ウ	7	29	オ
https://dl.ndl.go.jp/pid/3438198/1/32	天治本	新撰字鏡	見開き	7	29	ウ	7	30	オ
https://dl.ndl.go.jp/pid/3438198/1/33	天治本	新撰字鏡	見開き	7	30	ウ	7	31	オ
https://dl.ndl.go.jp/pid/3438198/1/34	天治本	新撰字鏡	見開き	7	31	ウ	7	32	オ
https://dl.ndl.go.jp/pid/3438198/1/35	天治本	新撰字鏡	見開き	7	32	ウ	7	33	オ
https://dl.ndl.go.jp/pid/3438198/1/36	天治本	新撰字鏡	見開き	7	33	ウ	7	34	オ
https://dl.ndl.go.jp/pid/3438198/1/37	天治本	新撰字鏡	見開き	7	34	ウ	7	35	オ
https://dl.ndl.go.jp/pid/3438198/1/38	天治本	新撰字鏡	見開き	7	35	ウ	7	36	オ
https://dl.ndl.go.jp/pid/3438198/1/39	天治本	新撰字鏡	見開き	7	36	ウ	8	37	オ
https://dl.ndl.go.jp/pid/3438198/1/40	天治本	新撰字鏡	見開き	7	37	ウ	NA	NA	NA
https://dl.ndl.go.jp/pid/3438198/1/41	天治本	新撰字鏡	見開き	8	NA	NA	8	1	オ
https://dl.ndl.go.jp/pid/3438198/1/42	天治本	新撰字鏡	見開き	8	1	ウ	8	2	オ
https://dl.ndl.go.jp/pid/3438198/1/43	天治本	新撰字鏡	見開き	8	2	ウ	8	3	オ
https://dl.ndl.go.jp/pid/3438198/1/44	天治本	新撰字鏡	見開き	8	3	ウ	8	4	オ
https://dl.ndl.go.jp/pid/3438198/1/45	天治本	新撰字鏡	見開き	8	4	ウ	8	5	オ
https://dl.ndl.go.jp/pid/3438198/1/46	天治本	新撰字鏡	見開き	8	5	ウ	8	6	オ
https://dl.ndl.go.jp/pid/3438198/1/47	天治本	新撰字鏡	見開き	8	6	ウ	8	7	オ
https://dl.ndl.go.jp/pid/3438198/1/48	天治本	新撰字鏡	見開き	8	7	ウ	8	8	オ
https://dl.ndl.go.jp/pid/3438198/1/49	天治本	新撰字鏡	見開き	8	8	ウ	8	9	オ
https://dl.ndl.go.jp/pid/3438198/1/50	天治本	新撰字鏡	見開き	8	9	ウ	8	10	オ
https://dl.ndl.go.jp/pid/3438198/1/51	天治本	新撰字鏡	見開き	8	10	ウ	8	11	オ
https://dl.ndl.go.jp/pid/3438198/1/52	天治本	新撰字鏡	見開き	8	11	ウ	8	12	オ
https://dl.ndl.go.jp/pid/3438198/1/53	天治本	新撰字鏡	見開き	8	12	ウ	8	13	オ
https://dl.ndl.go.jp/pid/3438198/1/54	天治本	新撰字鏡	見開き	8	13	ウ	8	14	オ
https://dl.ndl.go.jp/pid/3438198/1/55	天治本	新撰字鏡	見開き	8	14	ウ	8	15	オ
https://dl.ndl.go.jp/pid/3438198/1/56	天治本	新撰字鏡	見開き	8	15	ウ	8	16	オ
https://dl.ndl.go.jp/pid/3438198/1/57	天治本	新撰字鏡	見開き	8	16	ウ	8	17	オ
https://dl.ndl.go.jp/pid/3438198/1/58	天治本	新撰字鏡	見開き	8	17	ウ	8	18	オ
https://dl.ndl.go.jp/pid/3438198/1/59	天治本	新撰字鏡	見開き	8	18	ウ	8	19	オ
https://dl.ndl.go.jp/pid/3438198/1/60	天治本	新撰字鏡	見開き	8	19	ウ	8	20	オ
https://dl.ndl.go.jp/pid/3438198/1/61	天治本	新撰字鏡	見開き	8	20	ウ	8	21	オ
https://dl.ndl.go.jp/pid/3438198/1/62	天治本	新撰字鏡	見開き	8	21	ウ	8	22	オ
https://dl.ndl.go.jp/pid/3438198/1/63	天治本	新撰字鏡	見開き	8	22	ウ	8	23	オ
https://dl.ndl.go.jp/pid/3438198/1/64	天治本	新撰字鏡	見開き	8	23	ウ	8	24	オ
https://dl.ndl.go.jp/pid/3438198/1/65	天治本	新撰字鏡	見開き	8	24	ウ	8	25	オ
https://dl.ndl.go.jp/pid/3438198/1/66	天治本	新撰字鏡	見開き	8	25	ウ	NA	NA	NA
https://dl.ndl.go.jp/pid/3438198/1/67	天治本	新撰字鏡	見開き	NA	NA	NA	NA	NA	NA
https://dl.ndl.go.jp/pid/3438199/1/1	天治本	新撰字鏡	見開き	NA	NA	NA	NA	NA	NA
https://dl.ndl.go.jp/pid/3438199/1/2	天治本	新撰字鏡	見開き	NA	NA	NA	9	NA	NA
https://dl.ndl.go.jp/pid/3438199/1/3	天治本	新撰字鏡	見開き	9	NA	NA	9	1	オ
https://dl.ndl.go.jp/pid/3438199/1/4	天治本	新撰字鏡	見開き	9	1	ウ	9	2	オ
https://dl.ndl.go.jp/pid/3438199/1/5	天治本	新撰字鏡	見開き	9	2	ウ	9	3	オ
https://dl.ndl.go.jp/pid/3438199/1/6	天治本	新撰字鏡	見開き	9	3	ウ	9	4	オ
https://dl.ndl.go.jp/pid/3438199/1/7	天治本	新撰字鏡	見開き	9	4	ウ	9	5	オ
https://dl.ndl.go.jp/pid/3438199/1/8	天治本	新撰字鏡	見開き	9	5	ウ	9	6	オ
https://dl.ndl.go.jp/pid/3438199/1/9	天治本	新撰字鏡	見開き	9	6	ウ	9	7	オ
https://dl.ndl.go.jp/pid/3438199/1/10	天治本	新撰字鏡	見開き	9	7	ウ	9	8	オ
https://dl.ndl.go.jp/pid/3438199/1/11	天治本	新撰字鏡	見開き	9	8	ウ	9	9	オ
https://dl.ndl.go.jp/pid/3438199/1/12	天治本	新撰字鏡	見開き	9	9	ウ	9	10	オ
https://dl.ndl.go.jp/pid/3438199/1/13	天治本	新撰字鏡	見開き	9	10	ウ	9	11	オ
https://dl.ndl.go.jp/pid/3438199/1/14	天治本	新撰字鏡	見開き	9	11	ウ	9	12	オ
https://dl.ndl.go.jp/pid/3438199/1/15	天治本	新撰字鏡	見開き	9	12	ウ	9	13	オ
https://dl.ndl.go.jp/pid/3438199/1/16	天治本	新撰字鏡	見開き	9	13	ウ	9	14	オ
https://dl.ndl.go.jp/pid/3438199/1/17	天治本	新撰字鏡	見開き	9	14	ウ	9	15	オ
https://dl.ndl.go.jp/pid/3438199/1/18	天治本	新撰字鏡	見開き	9	15	ウ	9	16	オ
https://dl.ndl.go.jp/pid/3438199/1/19	天治本	新撰字鏡	見開き	9	16	ウ	9	17	オ
https://dl.ndl.go.jp/pid/3438199/1/20	天治本	新撰字鏡	見開き	9	17	ウ	9	18	オ
https://dl.ndl.go.jp/pid/3438199/1/21	天治本	新撰字鏡	見開き	9	18	ウ	9	19	オ
https://dl.ndl.go.jp/pid/3438199/1/22	天治本	新撰字鏡	見開き	9	19	ウ	9	20	オ
https://dl.ndl.go.jp/pid/3438199/1/23	天治本	新撰字鏡	見開き	9	20	ウ	9	21	オ
https://dl.ndl.go.jp/pid/3438199/1/24	天治本	新撰字鏡	見開き	9	21	ウ	9	22	オ
https://dl.ndl.go.jp/pid/3438199/1/25	天治本	新撰字鏡	見開き	9	22	ウ	9	23	オ
https://dl.ndl.go.jp/pid/3438199/1/26	天治本	新撰字鏡	見開き	9	23	ウ	9	24	オ
https://dl.ndl.go.jp/pid/3438199/1/27	天治本	新撰字鏡	見開き	9	24	ウ	9	25	オ
https://dl.ndl.go.jp/pid/3438199/1/28	天治本	新撰字鏡	見開き	9	25	ウ	10	NA	NA
https://dl.ndl.go.jp/pid/3438199/1/29	天治本	新撰字鏡	見開き	10	NA	NA	10	1	オ
https://dl.ndl.go.jp/pid/3438199/1/30	天治本	新撰字鏡	見開き	10	1	ウ	10	2	オ
https://dl.ndl.go.jp/pid/3438199/1/31	天治本	新撰字鏡	見開き	10	2	ウ	10	3	オ
https://dl.ndl.go.jp/pid/3438199/1/32	天治本	新撰字鏡	見開き	10	3	ウ	10	4	オ
https://dl.ndl.go.jp/pid/3438199/1/33	天治本	新撰字鏡	見開き	10	4	ウ	10	5	オ
https://dl.ndl.go.jp/pid/3438199/1/34	天治本	新撰字鏡	見開き	10	5	ウ	10	6	オ
https://dl.ndl.go.jp/pid/3438199/1/35	天治本	新撰字鏡	見開き	10	6	ウ	10	7	オ
https://dl.ndl.go.jp/pid/3438199/1/36	天治本	新撰字鏡	見開き	10	7	ウ	10	8	オ
https://dl.ndl.go.jp/pid/3438199/1/37	天治本	新撰字鏡	見開き	10	8	ウ	10	9	オ
https://dl.ndl.go.jp/pid/3438199/1/38	天治本	新撰字鏡	見開き	10	9	ウ	10	10	オ
https://dl.ndl.go.jp/pid/3438199/1/39	天治本	新撰字鏡	見開き	10	10	ウ	10	11	オ
https://dl.ndl.go.jp/pid/3438199/1/40	天治本	新撰字鏡	見開き	10	11	ウ	10	12	オ
https://dl.ndl.go.jp/pid/3438199/1/41	天治本	新撰字鏡	見開き	10	12	ウ	10	13	オ
https://dl.ndl.go.jp/pid/3438199/1/42	天治本	新撰字鏡	見開き	10	13	ウ	10	14	オ
https://dl.ndl.go.jp/pid/3438199/1/43	天治本	新撰字鏡	見開き	10	14	ウ	10	15	オ
https://dl.ndl.go.jp/pid/3438199/1/44	天治本	新撰字鏡	見開き	10	15	ウ	10	16	オ
https://dl.ndl.go.jp/pid/3438199/1/45	天治本	新撰字鏡	見開き	10	16	ウ	10	17	オ
https://dl.ndl.go.jp/pid/3438199/1/46	天治本	新撰字鏡	見開き	10	17	ウ	10	18	オ
https://dl.ndl.go.jp/pid/3438199/1/47	天治本	新撰字鏡	見開き	10	18	ウ	10	19	オ
https://dl.ndl.go.jp/pid/3438199/1/48	天治本	新撰字鏡	見開き	10	19	ウ	10	20	オ
https://dl.ndl.go.jp/pid/3438199/1/49	天治本	新撰字鏡	見開き	10	20	ウ	10	21	オ
https://dl.ndl.go.jp/pid/3438199/1/50	天治本	新撰字鏡	見開き	10	21	ウ	10	22	オ
https://dl.ndl.go.jp/pid/3438199/1/51	天治本	新撰字鏡	見開き	10	22	ウ	10	23	オ
https://dl.ndl.go.jp/pid/3438199/1/52	天治本	新撰字鏡	見開き	10	23	ウ	10	24	オ
https://dl.ndl.go.jp/pid/3438199/1/53	天治本	新撰字鏡	見開き	10	24	ウ	10	25	オ
https://dl.ndl.go.jp/pid/3438199/1/54	天治本	新撰字鏡	見開き	10	25	ウ	10	26	オ
https://dl.ndl.go.jp/pid/3438199/1/55	天治本	新撰字鏡	見開き	10	26	ウ	10	27	オ
https://dl.ndl.go.jp/pid/3438199/1/56	天治本	新撰字鏡	見開き	10	27	ウ	10	28	オ
https://dl.ndl.go.jp/pid/3438199/1/57	天治本	新撰字鏡	見開き	10	28	ウ	10	29	オ
https://dl.ndl.go.jp/pid/3438199/1/58	天治本	新撰字鏡	見開き	10	29	ウ	10	30	オ
https://dl.ndl.go.jp/pid/3438199/1/59	天治本	新撰字鏡	見開き	10	30	ウ	10	31	オ
https://dl.ndl.go.jp/pid/3438199/1/60	天治本	新撰字鏡	見開き	10	31	ウ	10	32	オ
https://dl.ndl.go.jp/pid/3438199/1/61	天治本	新撰字鏡	見開き	10	32	ウ	10	33	オ
https://dl.ndl.go.jp/pid/3438199/1/62	天治本	新撰字鏡	見開き	10	33	ウ	10	34	オ
https://dl.ndl.go.jp/pid/3438199/1/63	天治本	新撰字鏡	見開き	10	34	ウ	NA	NA	NA
https://dl.ndl.go.jp/pid/3438199/1/64	天治本	新撰字鏡	見開き	NA	NA	NA	NA	NA	NA
https://dl.ndl.go.jp/pid/3438200/1/1	天治本	新撰字鏡	見開き	NA	NA	NA	NA	NA	NA
https://dl.ndl.go.jp/pid/3438200/1/2	天治本	新撰字鏡	見開き	NA	NA	NA	11	NA	NA
https://dl.ndl.go.jp/pid/3438200/1/3	天治本	新撰字鏡	見開き	11	NA	NA	11	1	オ
https://dl.ndl.go.jp/pid/3438200/1/4	天治本	新撰字鏡	見開き	11	1	ウ	11	2	オ
https://dl.ndl.go.jp/pid/3438200/1/5	天治本	新撰字鏡	見開き	11	2	ウ	11	3	オ
https://dl.ndl.go.jp/pid/3438200/1/6	天治本	新撰字鏡	見開き	11	3	ウ	11	4	オ
https://dl.ndl.go.jp/pid/3438200/1/7	天治本	新撰字鏡	見開き	11	4	ウ	11	5	オ
https://dl.ndl.go.jp/pid/3438200/1/8	天治本	新撰字鏡	見開き	11	5	ウ	11	6	オ
https://dl.ndl.go.jp/pid/3438200/1/9	天治本	新撰字鏡	見開き	11	6	ウ	11	7	オ
https://dl.ndl.go.jp/pid/3438200/1/10	天治本	新撰字鏡	見開き	11	7	ウ	11	8	オ
https://dl.ndl.go.jp/pid/3438200/1/11	天治本	新撰字鏡	見開き	11	8	ウ	11	9	オ
https://dl.ndl.go.jp/pid/3438200/1/12	天治本	新撰字鏡	見開き	11	9	ウ	11	10	オ
https://dl.ndl.go.jp/pid/3438200/1/13	天治本	新撰字鏡	見開き	11	10	ウ	11	11	オ
https://dl.ndl.go.jp/pid/3438200/1/14	天治本	新撰字鏡	見開き	11	11	ウ	11	12	オ
https://dl.ndl.go.jp/pid/3438200/1/15	天治本	新撰字鏡	見開き	11	12	ウ	11	13	オ
https://dl.ndl.go.jp/pid/3438200/1/16	天治本	新撰字鏡	見開き	11	13	ウ	11	14	オ
https://dl.ndl.go.jp/pid/3438200/1/17	天治本	新撰字鏡	見開き	11	14	ウ	11	15	オ
https://dl.ndl.go.jp/pid/3438200/1/18	天治本	新撰字鏡	見開き	11	15	ウ	11	16	オ
https://dl.ndl.go.jp/pid/3438200/1/19	天治本	新撰字鏡	見開き	11	16	ウ	11	17	オ
https://dl.ndl.go.jp/pid/3438200/1/20	天治本	新撰字鏡	見開き	11	17	ウ	11	18	オ
https://dl.ndl.go.jp/pid/3438200/1/21	天治本	新撰字鏡	見開き	11	18	ウ	11	19	オ
https://dl.ndl.go.jp/pid/3438200/1/22	天治本	新撰字鏡	見開き	11	19	ウ	11	20	オ
https://dl.ndl.go.jp/pid/3438200/1/23	天治本	新撰字鏡	見開き	11	20	ウ	11	21	オ
https://dl.ndl.go.jp/pid/3438200/1/24	天治本	新撰字鏡	見開き	11	21	ウ	11	22	オ
https://dl.ndl.go.jp/pid/3438200/1/25	天治本	新撰字鏡	見開き	11	22	ウ	11	23	オ
https://dl.ndl.go.jp/pid/3438200/1/26	天治本	新撰字鏡	見開き	11	23	ウ	11	24	オ
https://dl.ndl.go.jp/pid/3438200/1/27	天治本	新撰字鏡	見開き	11	24	ウ	11	25	オ
https://dl.ndl.go.jp/pid/3438200/1/28	天治本	新撰字鏡	見開き	11	25	ウ	11	26	オ
https://dl.ndl.go.jp/pid/3438200/1/29	天治本	新撰字鏡	見開き	11	26	ウ	11	27	オ
https://dl.ndl.go.jp/pid/3438200/1/30	天治本	新撰字鏡	見開き	11	27	ウ	11	28	オ
https://dl.ndl.go.jp/pid/3438200/1/31	天治本	新撰字鏡	見開き	11	28	ウ	11	29	オ
https://dl.ndl.go.jp/pid/3438200/1/32	天治本	新撰字鏡	見開き	11	29	ウ	11	30	オ
https://dl.ndl.go.jp/pid/3438200/1/33	天治本	新撰字鏡	見開き	11	30	ウ	11	31	オ
https://dl.ndl.go.jp/pid/3438200/1/34	天治本	新撰字鏡	見開き	11	31	ウ	11	32	オ
https://dl.ndl.go.jp/pid/3438200/1/35	天治本	新撰字鏡	見開き	11	32	ウ	11	33	オ
https://dl.ndl.go.jp/pid/3438200/1/36	天治本	新撰字鏡	見開き	11	33	ウ	11	34	オ
https://dl.ndl.go.jp/pid/3438200/1/37	天治本	新撰字鏡	見開き	11	34	ウ	11	35	オ
https://dl.ndl.go.jp/pid/3438200/1/38	天治本	新撰字鏡	見開き	11	35	ウ	11	36	オ
https://dl.ndl.go.jp/pid/3438200/1/39	天治本	新撰字鏡	見開き	11	36	ウ	11	37	オ
https://dl.ndl.go.jp/pid/3438200/1/40	天治本	新撰字鏡	見開き	11	37	ウ	11	38	オ
https://dl.ndl.go.jp/pid/3438200/1/41	天治本	新撰字鏡	見開き	11	38	ウ	11	39	オ
https://dl.ndl.go.jp/pid/3438200/1/42	天治本	新撰字鏡	見開き	11	39	ウ	11	40	オ
https://dl.ndl.go.jp/pid/3438200/1/43	天治本	新撰字鏡	見開き	11	40	ウ	11	41	オ
https://dl.ndl.go.jp/pid/3438200/1/44	天治本	新撰字鏡	見開き	11	41	ウ	11	42	オ
https://dl.ndl.go.jp/pid/3438200/1/45	天治本	新撰字鏡	見開き	11	42	ウ	11	43	オ
https://dl.ndl.go.jp/pid/3438200/1/46	天治本	新撰字鏡	見開き	11	43	ウ	12	NA	NA
https://dl.ndl.go.jp/pid/3438200/1/47	天治本	新撰字鏡	見開き	12	NA	NA	12	1	オ
https://dl.ndl.go.jp/pid/3438200/1/48	天治本	新撰字鏡	見開き	12	1	ウ	12	2	オ
https://dl.ndl.go.jp/pid/3438200/1/49	天治本	新撰字鏡	見開き	12	2	ウ	12	3	オ
https://dl.ndl.go.jp/pid/3438200/1/50	天治本	新撰字鏡	見開き	12	3	ウ	12	4	オ
https://dl.ndl.go.jp/pid/3438200/1/51	天治本	新撰字鏡	見開き	12	4	ウ	12	5	オ
https://dl.ndl.go.jp/pid/3438200/1/52	天治本	新撰字鏡	見開き	12	5	ウ	12	6	オ
https://dl.ndl.go.jp/pid/3438200/1/53	天治本	新撰字鏡	見開き	12	6	ウ	12	7	オ
https://dl.ndl.go.jp/pid/3438200/1/54	天治本	新撰字鏡	見開き	12	7	ウ	12	8	オ
https://dl.ndl.go.jp/pid/3438200/1/55	天治本	新撰字鏡	見開き	12	8	ウ	12	9	オ
https://dl.ndl.go.jp/pid/3438200/1/56	天治本	新撰字鏡	見開き	12	9	ウ	12	10	オ
https://dl.ndl.go.jp/pid/3438200/1/57	天治本	新撰字鏡	見開き	12	10	ウ	12	11	オ
https://dl.ndl.go.jp/pid/3438200/1/58	天治本	新撰字鏡	見開き	12	11	ウ	12	12	オ
https://dl.ndl.go.jp/pid/3438200/1/59	天治本	新撰字鏡	見開き	12	12	ウ	12	13	オ
https://dl.ndl.go.jp/pid/3438200/1/60	天治本	新撰字鏡	見開き	12	13	ウ	12	14	オ
https://dl.ndl.go.jp/pid/3438200/1/61	天治本	新撰字鏡	見開き	12	14	ウ	12	15	オ
https://dl.ndl.go.jp/pid/3438200/1/62	天治本	新撰字鏡	見開き	12	15	ウ	12	16	オ
https://dl.ndl.go.jp/pid/3438200/1/63	天治本	新撰字鏡	見開き	12	16	ウ	12	17	オ
https://dl.ndl.go.jp/pid/3438200/1/64	天治本	新撰字鏡	見開き	12	17	ウ	12	18	オ
https://dl.ndl.go.jp/pid/3438200/1/65	天治本	新撰字鏡	見開き	12	18	ウ	12	19	オ
https://dl.ndl.go.jp/pid/3438200/1/66	天治本	新撰字鏡	見開き	12	19	ウ	12	20	オ
https://dl.ndl.go.jp/pid/3438200/1/67	天治本	新撰字鏡	見開き	12	20	ウ	12	21	オ
https://dl.ndl.go.jp/pid/3438200/1/68	天治本	新撰字鏡	見開き	12	21	ウ	12	22	オ
https://dl.ndl.go.jp/pid/3438200/1/69	天治本	新撰字鏡	見開き	12	22	ウ	12	23	オ
https://dl.ndl.go.jp/pid/3438200/1/70	天治本	新撰字鏡	見開き	12	23	ウ	12	24	オ
https://dl.ndl.go.jp/pid/3438200/1/71	天治本	新撰字鏡	見開き	12	24	ウ	12	25	オ
https://dl.ndl.go.jp/pid/3438200/1/72	天治本	新撰字鏡	見開き	12	25	ウ	12	26	オ
https://dl.ndl.go.jp/pid/3438200/1/73	天治本	新撰字鏡	見開き	12	26	ウ	12	27	オ
https://dl.ndl.go.jp/pid/3438200/1/74	天治本	新撰字鏡	見開き	12	27	ウ	12	28	オ
https://dl.ndl.go.jp/pid/3438200/1/75	天治本	新撰字鏡	見開き	12	28	ウ	12	29	オ
https://dl.ndl.go.jp/pid/3438200/1/76	天治本	新撰字鏡	見開き	12	29	ウ	12	30	オ
https://dl.ndl.go.jp/pid/3438200/1/77	天治本	新撰字鏡	見開き	12	30	ウ	12	31	オ
https://dl.ndl.go.jp/pid/3438200/1/78	天治本	新撰字鏡	見開き	12	31	ウ	12	32	オ
https://dl.ndl.go.jp/pid/3438200/1/79	天治本	新撰字鏡	見開き	12	32	ウ	12	33	オ
https://dl.ndl.go.jp/pid/3438200/1/80	天治本	新撰字鏡	見開き	12	33	ウ	NA	NA	NA
https://dl.ndl.go.jp/pid/3438200/1/81	天治本	新撰字鏡	見開き	NA	NA	NA	NA	NA	NA
https://dl.ndl.go.jp/pid/3438200/1/82	天治本	新撰字鏡	見開き	NA	NA	NA	NA	NA	NA
https://dl.ndl.go.jp/pid/3438200/1/83	天治本	新撰字鏡	見開き	NA	NA	NA	NA	NA	NA
https://dl.ndl.go.jp/pid/3438200/1/84	天治本	新撰字鏡	見開き	NA	NA	NA	NA	NA	NA
https://dl.ndl.go.jp/pid/3438200/1/85	天治本	新撰字鏡	見開き	NA	NA	NA	NA	NA	NA
https://dl.ndl.go.jp/pid/3438200/1/86	天治本	新撰字鏡	見開き	NA	NA	NA	NA	NA	NA
https://dl.ndl.go.jp/pid/8799776/1/1	世尊寺本	字鏡	単ページ	1	NA	NA	NA	NA	NA
https://dl.ndl.go.jp/pid/8799776/1/2	世尊寺本	字鏡	単ページ	1	NA	NA	NA	NA	NA
https://dl.ndl.go.jp/pid/8799776/1/3	世尊寺本	字鏡	単ページ	1	NA	NA	NA	NA	NA
https://dl.ndl.go.jp/pid/8799776/1/4	世尊寺本	字鏡	単ページ	1	NA	NA	NA	NA	NA
https://dl.ndl.go.jp/pid/8799776/1/5	世尊寺本	字鏡	単ページ	1	1	NA	NA	NA	NA
https://dl.ndl.go.jp/pid/8799776/1/6	世尊寺本	字鏡	単ページ	1	2	NA	NA	NA	NA
https://dl.ndl.go.jp/pid/8799776/1/7	世尊寺本	字鏡	単ページ	1	3	NA	NA	NA	NA
https://dl.ndl.go.jp/pid/8799776/1/8	世尊寺本	字鏡	単ページ	1	4	NA	NA	NA	NA
https://dl.ndl.go.jp/pid/8799776/1/9	世尊寺本	字鏡	単ページ	1	5	NA	NA	NA	NA
https://dl.ndl.go.jp/pid/8799776/1/10	世尊寺本	字鏡	単ページ	1	6	NA	NA	NA	NA
https://dl.ndl.go.jp/pid/8799776/1/11	世尊寺本	字鏡	単ページ	1	7	NA	NA	NA	NA
https://dl.ndl.go.jp/pid/8799776/1/12	世尊寺本	字鏡	単ページ	1	8	NA	NA	NA	NA
https://dl.ndl.go.jp/pid/8799776/1/13	世尊寺本	字鏡	単ページ	1	9	NA	NA	NA	NA
https://dl.ndl.go.jp/pid/8799776/1/14	世尊寺本	字鏡	単ページ	1	10	NA	NA	NA	NA
https://dl.ndl.go.jp/pid/8799776/1/15	世尊寺本	字鏡	単ページ	1	11	NA	NA	NA	NA
https://dl.ndl.go.jp/pid/8799776/1/16	世尊寺本	字鏡	単ページ	1	12	NA	NA	NA	NA
https://dl.ndl.go.jp/pid/8799776/1/17	世尊寺本	字鏡	単ページ	1	13	NA	NA	NA	NA
https://dl.ndl.go.jp/pid/8799776/1/18	世尊寺本	字鏡	単ページ	1	14	NA	NA	NA	NA
https://dl.ndl.go.jp/pid/8799776/1/19	世尊寺本	字鏡	単ページ	1	15	NA	NA	NA	NA
https://dl.ndl.go.jp/pid/8799776/1/20	世尊寺本	字鏡	単ページ	1	16	NA	NA	NA	NA
https://dl.ndl.go.jp/pid/8799776/1/21	世尊寺本	字鏡	単ページ	1	17	NA	NA	NA	NA
https://dl.ndl.go.jp/pid/8799776/1/22	世尊寺本	字鏡	単ページ	1	18	NA	NA	NA	NA
https://dl.ndl.go.jp/pid/8799776/1/23	世尊寺本	字鏡	単ページ	1	19	NA	NA	NA	NA
https://dl.ndl.go.jp/pid/8799776/1/24	世尊寺本	字鏡	単ページ	1	20	NA	NA	NA	NA
https://dl.ndl.go.jp/pid/8799776/1/25	世尊寺本	字鏡	単ページ	1	21	NA	NA	NA	NA
https://dl.ndl.go.jp/pid/8799776/1/26	世尊寺本	字鏡	単ページ	1	22	NA	NA	NA	NA
https://dl.ndl.go.jp/pid/8799776/1/27	世尊寺本	字鏡	単ページ	1	23	NA	NA	NA	NA
https://dl.ndl.go.jp/pid/8799776/1/28	世尊寺本	字鏡	単ページ	1	24	NA	NA	NA	NA
https://dl.ndl.go.jp/pid/8799776/1/29	世尊寺本	字鏡	単ページ	1	25	NA	NA	NA	NA
https://dl.ndl.go.jp/pid/8799776/1/30	世尊寺本	字鏡	単ページ	1	26	NA	NA	NA	NA
https://dl.ndl.go.jp/pid/8799776/1/31	世尊寺本	字鏡	単ページ	1	27	NA	NA	NA	NA
https://dl.ndl.go.jp/pid/8799776/1/32	世尊寺本	字鏡	単ページ	1	28	NA	NA	NA	NA
https://dl.ndl.go.jp/pid/8799776/1/33	世尊寺本	字鏡	単ページ	1	29	NA	NA	NA	NA
https://dl.ndl.go.jp/pid/8799776/1/34	世尊寺本	字鏡	単ページ	1	30	NA	NA	NA	NA
https://dl.ndl.go.jp/pid/8799776/1/35	世尊寺本	字鏡	単ページ	1	31	NA	NA	NA	NA
https://dl.ndl.go.jp/pid/8799776/1/36	世尊寺本	字鏡	単ページ	1	32	NA	NA	NA	NA
https://dl.ndl.go.jp/pid/8799776/1/37	世尊寺本	字鏡	単ページ	1	33	NA	NA	NA	NA
https://dl.ndl.go.jp/pid/8799776/1/38	世尊寺本	字鏡	単ページ	1	34	NA	NA	NA	NA
https://dl.ndl.go.jp/pid/8799776/1/39	世尊寺本	字鏡	単ページ	1	35	NA	NA	NA	NA
https://dl.ndl.go.jp/pid/8799776/1/40	世尊寺本	字鏡	単ページ	1	36	NA	NA	NA	NA
https://dl.ndl.go.jp/pid/8799776/1/41	世尊寺本	字鏡	単ページ	1	37	NA	NA	NA	NA
https://dl.ndl.go.jp/pid/8799776/1/42	世尊寺本	字鏡	単ページ	1	38	NA	NA	NA	NA
https://dl.ndl.go.jp/pid/8799776/1/43	世尊寺本	字鏡	単ページ	1	39	NA	NA	NA	NA
https://dl.ndl.go.jp/pid/8799776/1/44	世尊寺本	字鏡	単ページ	1	40	NA	NA	NA	NA
https://dl.ndl.go.jp/pid/8799776/1/45	世尊寺本	字鏡	単ページ	1	41	NA	NA	NA	NA
https://dl.ndl.go.jp/pid/8799776/1/46	世尊寺本	字鏡	単ページ	1	42	NA	NA	NA	NA
https://dl.ndl.go.jp/pid/8799776/1/47	世尊寺本	字鏡	単ページ	1	43	NA	NA	NA	NA
https://dl.ndl.go.jp/pid/8799776/1/48	世尊寺本	字鏡	単ページ	1	44	NA	NA	NA	NA
https://dl.ndl.go.jp/pid/8799776/1/49	世尊寺本	字鏡	単ページ	1	45	NA	NA	NA	NA
https://dl.ndl.go.jp/pid/8799776/1/50	世尊寺本	字鏡	単ページ	1	46	NA	NA	NA	NA
https://dl.ndl.go.jp/pid/8799776/1/51	世尊寺本	字鏡	単ページ	1	47	NA	NA	NA	NA
https://dl.ndl.go.jp/pid/8799776/1/52	世尊寺本	字鏡	単ページ	1	48	NA	NA	NA	NA
https://dl.ndl.go.jp/pid/8799776/1/53	世尊寺本	字鏡	単ページ	1	49	NA	NA	NA	NA
https://dl.ndl.go.jp/pid/8799776/1/54	世尊寺本	字鏡	単ページ	1	50	NA	NA	NA	NA
https://dl.ndl.go.jp/pid/8799776/1/55	世尊寺本	字鏡	単ページ	1	51	NA	NA	NA	NA
https://dl.ndl.go.jp/pid/8799776/1/56	世尊寺本	字鏡	単ページ	1	52	NA	NA	NA	NA
https://dl.ndl.go.jp/pid/8799776/1/57	世尊寺本	字鏡	単ページ	1	53	NA	NA	NA	NA
https://dl.ndl.go.jp/pid/8799776/1/58	世尊寺本	字鏡	単ページ	1	54	NA	NA	NA	NA
https://dl.ndl.go.jp/pid/8799776/1/59	世尊寺本	字鏡	単ページ	1	55	NA	NA	NA	NA
https://dl.ndl.go.jp/pid/8799776/1/60	世尊寺本	字鏡	単ページ	1	56	NA	NA	NA	NA
https://dl.ndl.go.jp/pid/8799776/1/61	世尊寺本	字鏡	単ページ	1	57	NA	NA	NA	NA
https://dl.ndl.go.jp/pid/8799776/1/62	世尊寺本	字鏡	単ページ	1	58	NA	NA	NA	NA
https://dl.ndl.go.jp/pid/8799776/1/63	世尊寺本	字鏡	単ページ	1	59	NA	NA	NA	NA
https://dl.ndl.go.jp/pid/8799776/1/64	世尊寺本	字鏡	単ページ	1	60	NA	NA	NA	NA
https://dl.ndl.go.jp/pid/8799776/1/65	世尊寺本	字鏡	単ページ	1	61	NA	NA	NA	NA
https://dl.ndl.go.jp/pid/8799776/1/66	世尊寺本	字鏡	単ページ	1	62	NA	NA	NA	NA
https://dl.ndl.go.jp/pid/8799776/1/67	世尊寺本	字鏡	単ページ	1	63	NA	NA	NA	NA
https://dl.ndl.go.jp/pid/8799776/1/68	世尊寺本	字鏡	単ページ	1	64	NA	NA	NA	NA
https://dl.ndl.go.jp/pid/8799776/1/69	世尊寺本	字鏡	単ページ	1	65	NA	NA	NA	NA
https://dl.ndl.go.jp/pid/8799776/1/70	世尊寺本	字鏡	単ページ	1	66	NA	NA	NA	NA
https://dl.ndl.go.jp/pid/8799776/1/71	世尊寺本	字鏡	単ページ	1	67	NA	NA	NA	NA
https://dl.ndl.go.jp/pid/8799776/1/72	世尊寺本	字鏡	単ページ	1	68	NA	NA	NA	NA
https://dl.ndl.go.jp/pid/8799776/1/73	世尊寺本	字鏡	単ページ	1	69	NA	NA	NA	NA
https://dl.ndl.go.jp/pid/8799776/1/74	世尊寺本	字鏡	単ページ	1	70	NA	NA	NA	NA
https://dl.ndl.go.jp/pid/8799776/1/75	世尊寺本	字鏡	単ページ	1	71	NA	NA	NA	NA
https://dl.ndl.go.jp/pid/8799776/1/76	世尊寺本	字鏡	単ページ	1	72	NA	NA	NA	NA
https://dl.ndl.go.jp/pid/8799776/1/77	世尊寺本	字鏡	単ページ	1	73	NA	NA	NA	NA
https://dl.ndl.go.jp/pid/8799776/1/78	世尊寺本	字鏡	単ページ	1	74	NA	NA	NA	NA
https://dl.ndl.go.jp/pid/8799776/1/79	世尊寺本	字鏡	単ページ	1	75	NA	NA	NA	NA
https://dl.ndl.go.jp/pid/8799776/1/80	世尊寺本	字鏡	単ページ	1	76	NA	NA	NA	NA
https://dl.ndl.go.jp/pid/8799776/1/81	世尊寺本	字鏡	単ページ	1	77	NA	NA	NA	NA
https://dl.ndl.go.jp/pid/8799776/1/82	世尊寺本	字鏡	単ページ	1	78	NA	NA	NA	NA
https://dl.ndl.go.jp/pid/8799776/1/83	世尊寺本	字鏡	単ページ	1	79	NA	NA	NA	NA
https://dl.ndl.go.jp/pid/8799776/1/84	世尊寺本	字鏡	単ページ	1	80	NA	NA	NA	NA
https://dl.ndl.go.jp/pid/8799776/1/85	世尊寺本	字鏡	単ページ	1	81	NA	NA	NA	NA
https://dl.ndl.go.jp/pid/8799776/1/86	世尊寺本	字鏡	単ページ	1	82	NA	NA	NA	NA
https://dl.ndl.go.jp/pid/8799776/1/87	世尊寺本	字鏡	単ページ	1	83	NA	NA	NA	NA
https://dl.ndl.go.jp/pid/8799776/1/88	世尊寺本	字鏡	単ページ	1	84	NA	NA	NA	NA
https://dl.ndl.go.jp/pid/8799776/1/89	世尊寺本	字鏡	単ページ	1	85	NA	NA	NA	NA
https://dl.ndl.go.jp/pid/8799776/1/90	世尊寺本	字鏡	単ページ	1	86	NA	NA	NA	NA
https://dl.ndl.go.jp/pid/8799776/1/91	世尊寺本	字鏡	単ページ	1	87	NA	NA	NA	NA
https://dl.ndl.go.jp/pid/8799776/1/92	世尊寺本	字鏡	単ページ	1	88	NA	NA	NA	NA
https://dl.ndl.go.jp/pid/8799776/1/93	世尊寺本	字鏡	単ページ	1	89	NA	NA	NA	NA
https://dl.ndl.go.jp/pid/8799776/1/94	世尊寺本	字鏡	単ページ	1	90	NA	NA	NA	NA
https://dl.ndl.go.jp/pid/8799776/1/95	世尊寺本	字鏡	単ページ	1	91	NA	NA	NA	NA
https://dl.ndl.go.jp/pid/8799776/1/96	世尊寺本	字鏡	単ページ	1	92	NA	NA	NA	NA
https://dl.ndl.go.jp/pid/8799776/1/97	世尊寺本	字鏡	単ページ	1	93	NA	NA	NA	NA
https://dl.ndl.go.jp/pid/8799776/1/98	世尊寺本	字鏡	単ページ	1	94	NA	NA	NA	NA
https://dl.ndl.go.jp/pid/8799776/1/99	世尊寺本	字鏡	単ページ	1	95	NA	NA	NA	NA
https://dl.ndl.go.jp/pid/8799776/1/100	世尊寺本	字鏡	単ページ	1	96	NA	NA	NA	NA
https://dl.ndl.go.jp/pid/8799776/1/101	世尊寺本	字鏡	単ページ	1	97	NA	NA	NA	NA
https://dl.ndl.go.jp/pid/8799776/1/102	世尊寺本	字鏡	単ページ	1	98	NA	NA	NA	NA
https://dl.ndl.go.jp/pid/8799776/1/103	世尊寺本	字鏡	単ページ	1	99	NA	NA	NA	NA
https://dl.ndl.go.jp/pid/8799776/1/104	世尊寺本	字鏡	単ページ	1	100	NA	NA	NA	NA
https://dl.ndl.go.jp/pid/8799776/1/105	世尊寺本	字鏡	単ページ	1	101	NA	NA	NA	NA
https://dl.ndl.go.jp/pid/8799776/1/106	世尊寺本	字鏡	単ページ	1	102	NA	NA	NA	NA
https://dl.ndl.go.jp/pid/8799776/1/107	世尊寺本	字鏡	単ページ	1	103	NA	NA	NA	NA
https://dl.ndl.go.jp/pid/8799776/1/108	世尊寺本	字鏡	単ページ	1	104	NA	NA	NA	NA
https://dl.ndl.go.jp/pid/8799776/1/109	世尊寺本	字鏡	単ページ	1	105	NA	NA	NA	NA
https://dl.ndl.go.jp/pid/8799776/1/110	世尊寺本	字鏡	単ページ	1	106	NA	NA	NA	NA
https://dl.ndl.go.jp/pid/8799776/1/111	世尊寺本	字鏡	単ページ	1	107	NA	NA	NA	NA
https://dl.ndl.go.jp/pid/8799776/1/112	世尊寺本	字鏡	単ページ	1	108	NA	NA	NA	NA
https://dl.ndl.go.jp/pid/8799776/1/113	世尊寺本	字鏡	単ページ	1	109	NA	NA	NA	NA
https://dl.ndl.go.jp/pid/8799776/1/114	世尊寺本	字鏡	単ページ	1	110	NA	NA	NA	NA
https://dl.ndl.go.jp/pid/8799776/1/115	世尊寺本	字鏡	単ページ	1	111	NA	NA	NA	NA
https://dl.ndl.go.jp/pid/8799776/1/116	世尊寺本	字鏡	単ページ	1	112	NA	NA	NA	NA
https://dl.ndl.go.jp/pid/8799776/1/117	世尊寺本	字鏡	単ページ	1	113	NA	NA	NA	NA
https://dl.ndl.go.jp/pid/8799776/1/118	世尊寺本	字鏡	単ページ	1	114	NA	NA	NA	NA
https://dl.ndl.go.jp/pid/8799776/1/119	世尊寺本	字鏡	単ページ	1	115	NA	NA	NA	NA
https://dl.ndl.go.jp/pid/8799776/1/120	世尊寺本	字鏡	単ページ	1	116	NA	NA	NA	NA
https://dl.ndl.go.jp/pid/8799776/1/121	世尊寺本	字鏡	単ページ	1	117	NA	NA	NA	NA
https://dl.ndl.go.jp/pid/8799776/1/122	世尊寺本	字鏡	単ページ	1	118	NA	NA	NA	NA
https://dl.ndl.go.jp/pid/8799776/1/123	世尊寺本	字鏡	単ページ	1	119	NA	NA	NA	NA
https://dl.ndl.go.jp/pid/8799776/1/124	世尊寺本	字鏡	単ページ	1	120	NA	NA	NA	NA
https://dl.ndl.go.jp/pid/8799776/1/125	世尊寺本	字鏡	単ページ	1	121	NA	NA	NA	NA
https://dl.ndl.go.jp/pid/8799776/1/126	世尊寺本	字鏡	単ページ	1	122	NA	NA	NA	NA
https://dl.ndl.go.jp/pid/8799776/1/127	世尊寺本	字鏡	単ページ	1	123	NA	NA	NA	NA
https://dl.ndl.go.jp/pid/8799776/1/128	世尊寺本	字鏡	単ページ	1	124	NA	NA	NA	NA
https://dl.ndl.go.jp/pid/8799776/1/129	世尊寺本	字鏡	単ページ	1	125	NA	NA	NA	NA
https://dl.ndl.go.jp/pid/8799776/1/130	世尊寺本	字鏡	単ページ	1	126	NA	NA	NA	NA
https://dl.ndl.go.jp/pid/8799776/1/131	世尊寺本	字鏡	単ページ	1	127	NA	NA	NA	NA
https://dl.ndl.go.jp/pid/8799776/1/132	世尊寺本	字鏡	単ページ	1	128	NA	NA	NA	NA
https://dl.ndl.go.jp/pid/8799776/1/133	世尊寺本	字鏡	単ページ	1	129	NA	NA	NA	NA
https://dl.ndl.go.jp/pid/8799776/1/134	世尊寺本	字鏡	単ページ	1	130	NA	NA	NA	NA
https://dl.ndl.go.jp/pid/8799776/1/135	世尊寺本	字鏡	単ページ	1	131	NA	NA	NA	NA
https://dl.ndl.go.jp/pid/8799776/1/136	世尊寺本	字鏡	単ページ	1	132	NA	NA	NA	NA
https://dl.ndl.go.jp/pid/8799776/1/137	世尊寺本	字鏡	単ページ	1	133	NA	NA	NA	NA
https://dl.ndl.go.jp/pid/8799776/1/138	世尊寺本	字鏡	単ページ	1	134	NA	NA	NA	NA
https://dl.ndl.go.jp/pid/8799776/1/139	世尊寺本	字鏡	単ページ	1	135	NA	NA	NA	NA
https://dl.ndl.go.jp/pid/8799776/1/140	世尊寺本	字鏡	単ページ	1	136	NA	NA	NA	NA
https://dl.ndl.go.jp/pid/8799776/1/141	世尊寺本	字鏡	単ページ	1	137	NA	NA	NA	NA
https://dl.ndl.go.jp/pid/8799776/1/142	世尊寺本	字鏡	単ページ	1	138	NA	NA	NA	NA
https://dl.ndl.go.jp/pid/8799776/1/143	世尊寺本	字鏡	単ページ	1	139	NA	NA	NA	NA
https://dl.ndl.go.jp/pid/8799776/1/144	世尊寺本	字鏡	単ページ	1	140	NA	NA	NA	NA
https://dl.ndl.go.jp/pid/8799776/1/145	世尊寺本	字鏡	単ページ	1	141	NA	NA	NA	NA
https://dl.ndl.go.jp/pid/8799776/1/146	世尊寺本	字鏡	単ページ	1	142	NA	NA	NA	NA
https://dl.ndl.go.jp/pid/8799776/1/147	世尊寺本	字鏡	単ページ	1	143	NA	NA	NA	NA
https://dl.ndl.go.jp/pid/8799776/1/148	世尊寺本	字鏡	単ページ	1	144	NA	NA	NA	NA
https://dl.ndl.go.jp/pid/8799776/1/149	世尊寺本	字鏡	単ページ	1	145	NA	NA	NA	NA
https://dl.ndl.go.jp/pid/8799776/1/150	世尊寺本	字鏡	単ページ	1	146	NA	NA	NA	NA
https://dl.ndl.go.jp/pid/8799776/1/151	世尊寺本	字鏡	単ページ	1	147	NA	NA	NA	NA
https://dl.ndl.go.jp/pid/8799776/1/152	世尊寺本	字鏡	単ページ	1	148	NA	NA	NA	NA
https://dl.ndl.go.jp/pid/8799776/1/153	世尊寺本	字鏡	単ページ	1	149	NA	NA	NA	NA
https://dl.ndl.go.jp/pid/8799776/1/154	世尊寺本	字鏡	単ページ	1	150	NA	NA	NA	NA
https://dl.ndl.go.jp/pid/8799776/1/155	世尊寺本	字鏡	単ページ	1	151	NA	NA	NA	NA
https://dl.ndl.go.jp/pid/8799776/1/156	世尊寺本	字鏡	単ページ	1	152	NA	NA	NA	NA
https://dl.ndl.go.jp/pid/8799776/1/157	世尊寺本	字鏡	単ページ	1	153	NA	NA	NA	NA
https://dl.ndl.go.jp/pid/8799776/1/158	世尊寺本	字鏡	単ページ	1	154	NA	NA	NA	NA
https://dl.ndl.go.jp/pid/8799776/1/159	世尊寺本	字鏡	単ページ	1	155	NA	NA	NA	NA
https://dl.ndl.go.jp/pid/8799776/1/160	世尊寺本	字鏡	単ページ	1	156	NA	NA	NA	NA
https://dl.ndl.go.jp/pid/8799776/1/161	世尊寺本	字鏡	単ページ	1	NA	NA	NA	NA	NA
https://dl.ndl.go.jp/pid/8799776/1/162	世尊寺本	字鏡	単ページ	1	NA	NA	NA	NA	NA
https://dl.ndl.go.jp/pid/8799776/1/163	世尊寺本	字鏡	単ページ	1	NA	NA	NA	NA	NA
https://dl.ndl.go.jp/pid/8799776/1/164	世尊寺本	字鏡	単ページ	1	NA	NA	NA	NA	NA
https://dl.ndl.go.jp/pid/8799776/1/165	世尊寺本	字鏡	単ページ	1	NA	NA	NA	NA	NA
https://dl.ndl.go.jp/pid/8799777/1/1	世尊寺本	字鏡	単ページ	2	NA	NA	NA	NA	NA
https://dl.ndl.go.jp/pid/8799777/1/2	世尊寺本	字鏡	単ページ	2	NA	NA	NA	NA	NA
https://dl.ndl.go.jp/pid/8799777/1/3	世尊寺本	字鏡	単ページ	2	NA	NA	NA	NA	NA
https://dl.ndl.go.jp/pid/8799777/1/4	世尊寺本	字鏡	単ページ	2	NA	NA	NA	NA	NA
https://dl.ndl.go.jp/pid/8799777/1/5	世尊寺本	字鏡	単ページ	2	157	NA	NA	NA	NA
https://dl.ndl.go.jp/pid/8799777/1/6	世尊寺本	字鏡	単ページ	2	158	NA	NA	NA	NA
https://dl.ndl.go.jp/pid/8799777/1/7	世尊寺本	字鏡	単ページ	2	159	NA	NA	NA	NA
https://dl.ndl.go.jp/pid/8799777/1/8	世尊寺本	字鏡	単ページ	2	160	NA	NA	NA	NA
https://dl.ndl.go.jp/pid/8799777/1/9	世尊寺本	字鏡	単ページ	2	161	NA	NA	NA	NA
https://dl.ndl.go.jp/pid/8799777/1/10	世尊寺本	字鏡	単ページ	2	162	NA	NA	NA	NA
https://dl.ndl.go.jp/pid/8799777/1/11	世尊寺本	字鏡	単ページ	2	163	NA	NA	NA	NA
https://dl.ndl.go.jp/pid/8799777/1/12	世尊寺本	字鏡	単ページ	2	164	NA	NA	NA	NA
https://dl.ndl.go.jp/pid/8799777/1/13	世尊寺本	字鏡	単ページ	2	165	NA	NA	NA	NA
https://dl.ndl.go.jp/pid/8799777/1/14	世尊寺本	字鏡	単ページ	2	166	NA	NA	NA	NA
https://dl.ndl.go.jp/pid/8799777/1/15	世尊寺本	字鏡	単ページ	2	167	NA	NA	NA	NA
https://dl.ndl.go.jp/pid/8799777/1/16	世尊寺本	字鏡	単ページ	2	168	NA	NA	NA	NA
https://dl.ndl.go.jp/pid/8799777/1/17	世尊寺本	字鏡	単ページ	2	169	NA	NA	NA	NA
https://dl.ndl.go.jp/pid/8799777/1/18	世尊寺本	字鏡	単ページ	2	170	NA	NA	NA	NA
https://dl.ndl.go.jp/pid/8799777/1/19	世尊寺本	字鏡	単ページ	2	171	NA	NA	NA	NA
https://dl.ndl.go.jp/pid/8799777/1/20	世尊寺本	字鏡	単ページ	2	172	NA	NA	NA	NA
https://dl.ndl.go.jp/pid/8799777/1/21	世尊寺本	字鏡	単ページ	2	173	NA	NA	NA	NA
https://dl.ndl.go.jp/pid/8799777/1/22	世尊寺本	字鏡	単ページ	2	174	NA	NA	NA	NA
https://dl.ndl.go.jp/pid/8799777/1/23	世尊寺本	字鏡	単ページ	2	175	NA	NA	NA	NA
https://dl.ndl.go.jp/pid/8799777/1/24	世尊寺本	字鏡	単ページ	2	176	NA	NA	NA	NA
https://dl.ndl.go.jp/pid/8799777/1/25	世尊寺本	字鏡	単ページ	2	177	NA	NA	NA	NA
https://dl.ndl.go.jp/pid/8799777/1/26	世尊寺本	字鏡	単ページ	2	178	NA	NA	NA	NA
https://dl.ndl.go.jp/pid/8799777/1/27	世尊寺本	字鏡	単ページ	2	179	NA	NA	NA	NA
https://dl.ndl.go.jp/pid/8799777/1/28	世尊寺本	字鏡	単ページ	2	180	NA	NA	NA	NA
https://dl.ndl.go.jp/pid/8799777/1/29	世尊寺本	字鏡	単ページ	2	181	NA	NA	NA	NA
https://dl.ndl.go.jp/pid/8799777/1/30	世尊寺本	字鏡	単ページ	2	182	NA	NA	NA	NA
https://dl.ndl.go.jp/pid/8799777/1/31	世尊寺本	字鏡	単ページ	2	183	NA	NA	NA	NA
https://dl.ndl.go.jp/pid/8799777/1/32	世尊寺本	字鏡	単ページ	2	184	NA	NA	NA	NA
https://dl.ndl.go.jp/pid/8799777/1/33	世尊寺本	字鏡	単ページ	2	185	NA	NA	NA	NA
https://dl.ndl.go.jp/pid/8799777/1/34	世尊寺本	字鏡	単ページ	2	186	NA	NA	NA	NA
https://dl.ndl.go.jp/pid/8799777/1/35	世尊寺本	字鏡	単ページ	2	187	NA	NA	NA	NA
https://dl.ndl.go.jp/pid/8799777/1/36	世尊寺本	字鏡	単ページ	2	188	NA	NA	NA	NA
https://dl.ndl.go.jp/pid/8799777/1/37	世尊寺本	字鏡	単ページ	2	189	NA	NA	NA	NA
https://dl.ndl.go.jp/pid/8799777/1/38	世尊寺本	字鏡	単ページ	2	190	NA	NA	NA	NA
https://dl.ndl.go.jp/pid/8799777/1/39	世尊寺本	字鏡	単ページ	2	191	NA	NA	NA	NA
https://dl.ndl.go.jp/pid/8799777/1/40	世尊寺本	字鏡	単ページ	2	192	NA	NA	NA	NA
https://dl.ndl.go.jp/pid/8799777/1/41	世尊寺本	字鏡	単ページ	2	193	NA	NA	NA	NA
https://dl.ndl.go.jp/pid/8799777/1/42	世尊寺本	字鏡	単ページ	2	194	NA	NA	NA	NA
https://dl.ndl.go.jp/pid/8799777/1/43	世尊寺本	字鏡	単ページ	2	195	NA	NA	NA	NA
https://dl.ndl.go.jp/pid/8799777/1/44	世尊寺本	字鏡	単ページ	2	196	NA	NA	NA	NA
https://dl.ndl.go.jp/pid/8799777/1/45	世尊寺本	字鏡	単ページ	2	197	NA	NA	NA	NA
https://dl.ndl.go.jp/pid/8799777/1/46	世尊寺本	字鏡	単ページ	2	198	NA	NA	NA	NA
https://dl.ndl.go.jp/pid/8799777/1/47	世尊寺本	字鏡	単ページ	2	199	NA	NA	NA	NA
https://dl.ndl.go.jp/pid/8799777/1/48	世尊寺本	字鏡	単ページ	2	200	NA	NA	NA	NA
https://dl.ndl.go.jp/pid/8799777/1/49	世尊寺本	字鏡	単ページ	2	201	NA	NA	NA	NA
https://dl.ndl.go.jp/pid/8799777/1/50	世尊寺本	字鏡	単ページ	2	202	NA	NA	NA	NA
https://dl.ndl.go.jp/pid/8799777/1/51	世尊寺本	字鏡	単ページ	2	203	NA	NA	NA	NA
https://dl.ndl.go.jp/pid/8799777/1/52	世尊寺本	字鏡	単ページ	2	204	NA	NA	NA	NA
https://dl.ndl.go.jp/pid/8799777/1/53	世尊寺本	字鏡	単ページ	2	205	NA	NA	NA	NA
https://dl.ndl.go.jp/pid/8799777/1/54	世尊寺本	字鏡	単ページ	2	206	NA	NA	NA	NA
https://dl.ndl.go.jp/pid/8799777/1/55	世尊寺本	字鏡	単ページ	2	207	NA	NA	NA	NA
https://dl.ndl.go.jp/pid/8799777/1/56	世尊寺本	字鏡	単ページ	2	208	NA	NA	NA	NA
https://dl.ndl.go.jp/pid/8799777/1/57	世尊寺本	字鏡	単ページ	2	209	NA	NA	NA	NA
https://dl.ndl.go.jp/pid/8799777/1/58	世尊寺本	字鏡	単ページ	2	210	NA	NA	NA	NA
https://dl.ndl.go.jp/pid/8799777/1/59	世尊寺本	字鏡	単ページ	2	211	NA	NA	NA	NA
https://dl.ndl.go.jp/pid/8799777/1/60	世尊寺本	字鏡	単ページ	2	212	NA	NA	NA	NA
https://dl.ndl.go.jp/pid/8799777/1/61	世尊寺本	字鏡	単ページ	2	213	NA	NA	NA	NA
https://dl.ndl.go.jp/pid/8799777/1/62	世尊寺本	字鏡	単ページ	2	214	NA	NA	NA	NA
https://dl.ndl.go.jp/pid/8799777/1/63	世尊寺本	字鏡	単ページ	2	215	NA	NA	NA	NA
https://dl.ndl.go.jp/pid/8799777/1/64	世尊寺本	字鏡	単ページ	2	216	NA	NA	NA	NA
https://dl.ndl.go.jp/pid/8799777/1/65	世尊寺本	字鏡	単ページ	2	217	NA	NA	NA	NA
https://dl.ndl.go.jp/pid/8799777/1/66	世尊寺本	字鏡	単ページ	2	218	NA	NA	NA	NA
https://dl.ndl.go.jp/pid/8799777/1/67	世尊寺本	字鏡	単ページ	2	219	NA	NA	NA	NA
https://dl.ndl.go.jp/pid/8799777/1/68	世尊寺本	字鏡	単ページ	2	220	NA	NA	NA	NA
https://dl.ndl.go.jp/pid/8799777/1/69	世尊寺本	字鏡	単ページ	2	221	NA	NA	NA	NA
https://dl.ndl.go.jp/pid/8799777/1/70	世尊寺本	字鏡	単ページ	2	222	NA	NA	NA	NA
https://dl.ndl.go.jp/pid/8799777/1/71	世尊寺本	字鏡	単ページ	2	223	NA	NA	NA	NA
https://dl.ndl.go.jp/pid/8799777/1/72	世尊寺本	字鏡	単ページ	2	224	NA	NA	NA	NA
https://dl.ndl.go.jp/pid/8799777/1/73	世尊寺本	字鏡	単ページ	2	225	NA	NA	NA	NA
https://dl.ndl.go.jp/pid/8799777/1/74	世尊寺本	字鏡	単ページ	2	226	NA	NA	NA	NA
https://dl.ndl.go.jp/pid/8799777/1/75	世尊寺本	字鏡	単ページ	2	227	NA	NA	NA	NA
https://dl.ndl.go.jp/pid/8799777/1/76	世尊寺本	字鏡	単ページ	2	228	NA	NA	NA	NA
https://dl.ndl.go.jp/pid/8799777/1/77	世尊寺本	字鏡	単ページ	2	229	NA	NA	NA	NA
https://dl.ndl.go.jp/pid/8799777/1/78	世尊寺本	字鏡	単ページ	2	230	NA	NA	NA	NA
https://dl.ndl.go.jp/pid/8799777/1/79	世尊寺本	字鏡	単ページ	2	231	NA	NA	NA	NA
https://dl.ndl.go.jp/pid/8799777/1/80	世尊寺本	字鏡	単ページ	2	232	NA	NA	NA	NA
https://dl.ndl.go.jp/pid/8799777/1/81	世尊寺本	字鏡	単ページ	2	233	NA	NA	NA	NA
https://dl.ndl.go.jp/pid/8799777/1/82	世尊寺本	字鏡	単ページ	2	234	NA	NA	NA	NA
https://dl.ndl.go.jp/pid/8799777/1/83	世尊寺本	字鏡	単ページ	2	235	NA	NA	NA	NA
https://dl.ndl.go.jp/pid/8799777/1/84	世尊寺本	字鏡	単ページ	2	236	NA	NA	NA	NA
https://dl.ndl.go.jp/pid/8799777/1/85	世尊寺本	字鏡	単ページ	2	237	NA	NA	NA	NA
https://dl.ndl.go.jp/pid/8799777/1/86	世尊寺本	字鏡	単ページ	2	238	NA	NA	NA	NA
https://dl.ndl.go.jp/pid/8799777/1/87	世尊寺本	字鏡	単ページ	2	239	NA	NA	NA	NA
https://dl.ndl.go.jp/pid/8799777/1/88	世尊寺本	字鏡	単ページ	2	240	NA	NA	NA	NA
https://dl.ndl.go.jp/pid/8799777/1/89	世尊寺本	字鏡	単ページ	2	241	NA	NA	NA	NA
https://dl.ndl.go.jp/pid/8799777/1/90	世尊寺本	字鏡	単ページ	2	242	NA	NA	NA	NA
https://dl.ndl.go.jp/pid/8799777/1/91	世尊寺本	字鏡	単ページ	2	243	NA	NA	NA	NA
https://dl.ndl.go.jp/pid/8799777/1/92	世尊寺本	字鏡	単ページ	2	244	NA	NA	NA	NA
https://dl.ndl.go.jp/pid/8799777/1/93	世尊寺本	字鏡	単ページ	2	245	NA	NA	NA	NA
https://dl.ndl.go.jp/pid/8799777/1/94	世尊寺本	字鏡	単ページ	2	246	NA	NA	NA	NA
https://dl.ndl.go.jp/pid/8799777/1/95	世尊寺本	字鏡	単ページ	2	247	NA	NA	NA	NA
https://dl.ndl.go.jp/pid/8799777/1/96	世尊寺本	字鏡	単ページ	2	248	NA	NA	NA	NA
https://dl.ndl.go.jp/pid/8799777/1/97	世尊寺本	字鏡	単ページ	2	249	NA	NA	NA	NA
https://dl.ndl.go.jp/pid/8799777/1/98	世尊寺本	字鏡	単ページ	2	250	NA	NA	NA	NA
https://dl.ndl.go.jp/pid/8799777/1/99	世尊寺本	字鏡	単ページ	2	251	NA	NA	NA	NA
https://dl.ndl.go.jp/pid/8799777/1/100	世尊寺本	字鏡	単ページ	2	252	NA	NA	NA	NA
https://dl.ndl.go.jp/pid/8799777/1/101	世尊寺本	字鏡	単ページ	2	253	NA	NA	NA	NA
https://dl.ndl.go.jp/pid/8799777/1/102	世尊寺本	字鏡	単ページ	2	254	NA	NA	NA	NA
https://dl.ndl.go.jp/pid/8799777/1/103	世尊寺本	字鏡	単ページ	2	255	NA	NA	NA	NA
https://dl.ndl.go.jp/pid/8799777/1/104	世尊寺本	字鏡	単ページ	2	256	NA	NA	NA	NA
https://dl.ndl.go.jp/pid/8799777/1/105	世尊寺本	字鏡	単ページ	2	257	NA	NA	NA	NA
https://dl.ndl.go.jp/pid/8799777/1/106	世尊寺本	字鏡	単ページ	2	258	NA	NA	NA	NA
https://dl.ndl.go.jp/pid/8799777/1/107	世尊寺本	字鏡	単ページ	2	259	NA	NA	NA	NA
https://dl.ndl.go.jp/pid/8799777/1/108	世尊寺本	字鏡	単ページ	2	260	NA	NA	NA	NA
https://dl.ndl.go.jp/pid/8799777/1/109	世尊寺本	字鏡	単ページ	2	261	NA	NA	NA	NA
https://dl.ndl.go.jp/pid/8799777/1/110	世尊寺本	字鏡	単ページ	2	262	NA	NA	NA	NA
https://dl.ndl.go.jp/pid/8799777/1/111	世尊寺本	字鏡	単ページ	2	263	NA	NA	NA	NA
https://dl.ndl.go.jp/pid/8799777/1/112	世尊寺本	字鏡	単ページ	2	264	NA	NA	NA	NA
https://dl.ndl.go.jp/pid/8799777/1/113	世尊寺本	字鏡	単ページ	2	265	NA	NA	NA	NA
https://dl.ndl.go.jp/pid/8799777/1/114	世尊寺本	字鏡	単ページ	2	266	NA	NA	NA	NA
https://dl.ndl.go.jp/pid/8799777/1/115	世尊寺本	字鏡	単ページ	2	267	NA	NA	NA	NA
https://dl.ndl.go.jp/pid/8799777/1/116	世尊寺本	字鏡	単ページ	2	268	NA	NA	NA	NA
https://dl.ndl.go.jp/pid/8799777/1/117	世尊寺本	字鏡	単ページ	2	269	NA	NA	NA	NA
https://dl.ndl.go.jp/pid/8799777/1/118	世尊寺本	字鏡	単ページ	2	270	NA	NA	NA	NA
https://dl.ndl.go.jp/pid/8799777/1/119	世尊寺本	字鏡	単ページ	2	271	NA	NA	NA	NA
https://dl.ndl.go.jp/pid/8799777/1/120	世尊寺本	字鏡	単ページ	2	272	NA	NA	NA	NA
https://dl.ndl.go.jp/pid/8799777/1/121	世尊寺本	字鏡	単ページ	2	273	NA	NA	NA	NA
https://dl.ndl.go.jp/pid/8799777/1/122	世尊寺本	字鏡	単ページ	2	274	NA	NA	NA	NA
https://dl.ndl.go.jp/pid/8799777/1/123	世尊寺本	字鏡	単ページ	2	275	NA	NA	NA	NA
https://dl.ndl.go.jp/pid/8799777/1/124	世尊寺本	字鏡	単ページ	2	276	NA	NA	NA	NA
https://dl.ndl.go.jp/pid/8799777/1/125	世尊寺本	字鏡	単ページ	2	277	NA	NA	NA	NA
https://dl.ndl.go.jp/pid/8799777/1/126	世尊寺本	字鏡	単ページ	2	278	NA	NA	NA	NA
https://dl.ndl.go.jp/pid/8799777/1/127	世尊寺本	字鏡	単ページ	2	279	NA	NA	NA	NA
https://dl.ndl.go.jp/pid/8799777/1/128	世尊寺本	字鏡	単ページ	2	280	NA	NA	NA	NA
https://dl.ndl.go.jp/pid/8799777/1/129	世尊寺本	字鏡	単ページ	2	281	NA	NA	NA	NA
https://dl.ndl.go.jp/pid/8799777/1/130	世尊寺本	字鏡	単ページ	2	282	NA	NA	NA	NA
https://dl.ndl.go.jp/pid/8799777/1/131	世尊寺本	字鏡	単ページ	2	283	NA	NA	NA	NA
https://dl.ndl.go.jp/pid/8799777/1/132	世尊寺本	字鏡	単ページ	2	284	NA	NA	NA	NA
https://dl.ndl.go.jp/pid/8799777/1/133	世尊寺本	字鏡	単ページ	2	285	NA	NA	NA	NA
https://dl.ndl.go.jp/pid/8799777/1/134	世尊寺本	字鏡	単ページ	2	286	NA	NA	NA	NA
https://dl.ndl.go.jp/pid/8799777/1/135	世尊寺本	字鏡	単ページ	2	287	NA	NA	NA	NA
https://dl.ndl.go.jp/pid/8799777/1/136	世尊寺本	字鏡	単ページ	2	288	NA	NA	NA	NA
https://dl.ndl.go.jp/pid/8799777/1/137	世尊寺本	字鏡	単ページ	2	289	NA	NA	NA	NA
https://dl.ndl.go.jp/pid/8799777/1/138	世尊寺本	字鏡	単ページ	2	290	NA	NA	NA	NA
https://dl.ndl.go.jp/pid/8799777/1/139	世尊寺本	字鏡	単ページ	2	291	NA	NA	NA	NA
https://dl.ndl.go.jp/pid/8799777/1/140	世尊寺本	字鏡	単ページ	2	292	NA	NA	NA	NA
https://dl.ndl.go.jp/pid/8799777/1/141	世尊寺本	字鏡	単ページ	2	293	NA	NA	NA	NA
https://dl.ndl.go.jp/pid/8799777/1/142	世尊寺本	字鏡	単ページ	2	294	NA	NA	NA	NA
https://dl.ndl.go.jp/pid/8799777/1/143	世尊寺本	字鏡	単ページ	2	295	NA	NA	NA	NA
https://dl.ndl.go.jp/pid/8799777/1/144	世尊寺本	字鏡	単ページ	2	296	NA	NA	NA	NA
https://dl.ndl.go.jp/pid/8799777/1/145	世尊寺本	字鏡	単ページ	2	297	NA	NA	NA	NA
https://dl.ndl.go.jp/pid/8799777/1/146	世尊寺本	字鏡	単ページ	2	298	NA	NA	NA	NA
https://dl.ndl.go.jp/pid/8799777/1/147	世尊寺本	字鏡	単ページ	2	299	NA	NA	NA	NA
https://dl.ndl.go.jp/pid/8799777/1/148	世尊寺本	字鏡	単ページ	2	300	NA	NA	NA	NA
https://dl.ndl.go.jp/pid/8799777/1/149	世尊寺本	字鏡	単ページ	2	301	NA	NA	NA	NA
https://dl.ndl.go.jp/pid/8799777/1/150	世尊寺本	字鏡	単ページ	2	302	NA	NA	NA	NA
https://dl.ndl.go.jp/pid/8799777/1/151	世尊寺本	字鏡	単ページ	2	303	NA	NA	NA	NA
https://dl.ndl.go.jp/pid/8799777/1/152	世尊寺本	字鏡	単ページ	2	304	NA	NA	NA	NA
https://dl.ndl.go.jp/pid/8799777/1/153	世尊寺本	字鏡	単ページ	2	305	NA	NA	NA	NA
https://dl.ndl.go.jp/pid/8799777/1/154	世尊寺本	字鏡	単ページ	2	306	NA	NA	NA	NA
https://dl.ndl.go.jp/pid/8799777/1/155	世尊寺本	字鏡	単ページ	2	307	NA	NA	NA	NA
https://dl.ndl.go.jp/pid/8799777/1/156	世尊寺本	字鏡	単ページ	2	308	NA	NA	NA	NA
https://dl.ndl.go.jp/pid/8799777/1/157	世尊寺本	字鏡	単ページ	2	309	NA	NA	NA	NA
https://dl.ndl.go.jp/pid/8799777/1/158	世尊寺本	字鏡	単ページ	2	310	NA	NA	NA	NA
https://dl.ndl.go.jp/pid/8799777/1/159	世尊寺本	字鏡	単ページ	2	311	NA	NA	NA	NA
https://dl.ndl.go.jp/pid/8799777/1/160	世尊寺本	字鏡	単ページ	2	312	NA	NA	NA	NA
https://dl.ndl.go.jp/pid/8799777/1/161	世尊寺本	字鏡	単ページ	2	313	NA	NA	NA	NA
https://dl.ndl.go.jp/pid/8799777/1/162	世尊寺本	字鏡	単ページ	2	314	NA	NA	NA	NA
https://dl.ndl.go.jp/pid/8799777/1/163	世尊寺本	字鏡	単ページ	2	315	NA	NA	NA	NA
https://dl.ndl.go.jp/pid/8799777/1/164	世尊寺本	字鏡	単ページ	2	316	NA	NA	NA	NA
https://dl.ndl.go.jp/pid/8799777/1/165	世尊寺本	字鏡	単ページ	2	317	NA	NA	NA	NA
https://dl.ndl.go.jp/pid/8799777/1/166	世尊寺本	字鏡	単ページ	2	318	NA	NA	NA	NA
https://dl.ndl.go.jp/pid/8799777/1/167	世尊寺本	字鏡	単ページ	2	319	NA	NA	NA	NA
https://dl.ndl.go.jp/pid/8799777/1/168	世尊寺本	字鏡	単ページ	2	320	NA	NA	NA	NA
https://dl.ndl.go.jp/pid/8799777/1/169	世尊寺本	字鏡	単ページ	2	321	NA	NA	NA	NA
https://dl.ndl.go.jp/pid/8799777/1/170	世尊寺本	字鏡	単ページ	2	322	NA	NA	NA	NA
https://dl.ndl.go.jp/pid/8799777/1/171	世尊寺本	字鏡	単ページ	2	323	NA	NA	NA	NA
https://dl.ndl.go.jp/pid/8799777/1/172	世尊寺本	字鏡	単ページ	2	324	NA	NA	NA	NA
https://dl.ndl.go.jp/pid/8799777/1/173	世尊寺本	字鏡	単ページ	2	325	NA	NA	NA	NA
https://dl.ndl.go.jp/pid/8799777/1/174	世尊寺本	字鏡	単ページ	2	326	NA	NA	NA	NA
https://dl.ndl.go.jp/pid/8799777/1/175	世尊寺本	字鏡	単ページ	2	327	NA	NA	NA	NA
https://dl.ndl.go.jp/pid/8799777/1/176	世尊寺本	字鏡	単ページ	2	328	NA	NA	NA	NA
https://dl.ndl.go.jp/pid/8799777/1/177	世尊寺本	字鏡	単ページ	2	329	NA	NA	NA	NA
https://dl.ndl.go.jp/pid/8799777/1/178	世尊寺本	字鏡	単ページ	2	330	NA	NA	NA	NA
https://dl.ndl.go.jp/pid/8799777/1/179	世尊寺本	字鏡	単ページ	2	331	NA	NA	NA	NA
https://dl.ndl.go.jp/pid/8799777/1/180	世尊寺本	字鏡	単ページ	2	332	NA	NA	NA	NA
https://dl.ndl.go.jp/pid/8799777/1/181	世尊寺本	字鏡	単ページ	2	333	NA	NA	NA	NA
https://dl.ndl.go.jp/pid/8799777/1/182	世尊寺本	字鏡	単ページ	2	334	NA	NA	NA	NA
https://dl.ndl.go.jp/pid/8799777/1/183	世尊寺本	字鏡	単ページ	2	335	NA	NA	NA	NA
https://dl.ndl.go.jp/pid/8799777/1/184	世尊寺本	字鏡	単ページ	2	336	NA	NA	NA	NA
https://dl.ndl.go.jp/pid/8799777/1/185	世尊寺本	字鏡	単ページ	2	337	NA	NA	NA	NA
https://dl.ndl.go.jp/pid/8799777/1/186	世尊寺本	字鏡	単ページ	2	338	NA	NA	NA	NA
https://dl.ndl.go.jp/pid/8799777/1/187	世尊寺本	字鏡	単ページ	2	339	NA	NA	NA	NA
https://dl.ndl.go.jp/pid/8799777/1/188	世尊寺本	字鏡	単ページ	2	340	NA	NA	NA	NA
https://dl.ndl.go.jp/pid/8799777/1/189	世尊寺本	字鏡	単ページ	2	341	NA	NA	NA	NA
https://dl.ndl.go.jp/pid/8799777/1/190	世尊寺本	字鏡	単ページ	2	342	NA	NA	NA	NA
https://dl.ndl.go.jp/pid/8799777/1/191	世尊寺本	字鏡	単ページ	2	343	NA	NA	NA	NA
https://dl.ndl.go.jp/pid/8799777/1/192	世尊寺本	字鏡	単ページ	2	344	NA	NA	NA	NA
https://dl.ndl.go.jp/pid/8799777/1/193	世尊寺本	字鏡	単ページ	2	345	NA	NA	NA	NA
https://dl.ndl.go.jp/pid/8799777/1/194	世尊寺本	字鏡	単ページ	2	346	NA	NA	NA	NA
https://dl.ndl.go.jp/pid/8799777/1/195	世尊寺本	字鏡	単ページ	2	347	NA	NA	NA	NA
https://dl.ndl.go.jp/pid/8799777/1/196	世尊寺本	字鏡	単ページ	2	348	NA	NA	NA	NA
https://dl.ndl.go.jp/pid/8799777/1/197	世尊寺本	字鏡	単ページ	2	349	NA	NA	NA	NA
https://dl.ndl.go.jp/pid/8799777/1/198	世尊寺本	字鏡	単ページ	2	350	NA	NA	NA	NA
https://dl.ndl.go.jp/pid/8799777/1/199	世尊寺本	字鏡	単ページ	2	351	NA	NA	NA	NA
https://dl.ndl.go.jp/pid/8799777/1/200	世尊寺本	字鏡	単ページ	2	352	NA	NA	NA	NA
https://dl.ndl.go.jp/pid/8799777/1/201	世尊寺本	字鏡	単ページ	2	353	NA	NA	NA	NA
https://dl.ndl.go.jp/pid/8799777/1/202	世尊寺本	字鏡	単ページ	2	354	NA	NA	NA	NA
https://dl.ndl.go.jp/pid/8799777/1/203	世尊寺本	字鏡	単ページ	2	355	NA	NA	NA	NA
https://dl.ndl.go.jp/pid/8799777/1/204	世尊寺本	字鏡	単ページ	2	356	NA	NA	NA	NA
https://dl.ndl.go.jp/pid/8799777/1/205	世尊寺本	字鏡	単ページ	2	357	NA	NA	NA	NA
https://dl.ndl.go.jp/pid/8799777/1/206	世尊寺本	字鏡	単ページ	2	358	NA	NA	NA	NA
https://dl.ndl.go.jp/pid/8799777/1/207	世尊寺本	字鏡	単ページ	2	359	NA	NA	NA	NA
https://dl.ndl.go.jp/pid/8799777/1/208	世尊寺本	字鏡	単ページ	2	360	NA	NA	NA	NA
https://dl.ndl.go.jp/pid/8799777/1/209	世尊寺本	字鏡	単ページ	2	361	NA	NA	NA	NA
https://dl.ndl.go.jp/pid/8799777/1/210	世尊寺本	字鏡	単ページ	2	362	NA	NA	NA	NA
https://dl.ndl.go.jp/pid/8799777/1/211	世尊寺本	字鏡	単ページ	2	363	NA	NA	NA	NA
https://dl.ndl.go.jp/pid/8799777/1/212	世尊寺本	字鏡	単ページ	2	364	NA	NA	NA	NA
https://dl.ndl.go.jp/pid/8799777/1/213	世尊寺本	字鏡	単ページ	2	365	NA	NA	NA	NA
https://dl.ndl.go.jp/pid/8799777/1/214	世尊寺本	字鏡	単ページ	2	366	NA	NA	NA	NA
https://dl.ndl.go.jp/pid/8799777/1/215	世尊寺本	字鏡	単ページ	2	367	NA	NA	NA	NA
https://dl.ndl.go.jp/pid/8799777/1/216	世尊寺本	字鏡	単ページ	2	368	NA	NA	NA	NA
https://dl.ndl.go.jp/pid/8799777/1/217	世尊寺本	字鏡	単ページ	2	369	NA	NA	NA	NA
https://dl.ndl.go.jp/pid/8799777/1/218	世尊寺本	字鏡	単ページ	2	370	NA	NA	NA	NA
https://dl.ndl.go.jp/pid/8799777/1/219	世尊寺本	字鏡	単ページ	2	NA	NA	NA	NA	NA
https://dl.ndl.go.jp/pid/8799777/1/220	世尊寺本	字鏡	単ページ	2	NA	NA	NA	NA	NA
https://dl.ndl.go.jp/pid/8799777/1/221	世尊寺本	字鏡	単ページ	2	NA	NA	NA	NA	NA
https://dl.ndl.go.jp/pid/8799777/1/222	世尊寺本	字鏡	単ページ	2	NA	NA	NA	NA	NA
https://dl.ndl.go.jp/pid/8799777/1/223	世尊寺本	字鏡	単ページ	2	NA	NA	NA	NA	NA
https://dl.ndl.go.jp/pid/9887836/1/1	高山寺本	和名類聚抄	見開き	NA	NA	NA	NA	NA	NA
https://dl.ndl.go.jp/pid/9887836/1/2	高山寺本	和名類聚抄	見開き	NA	NA	NA	NA	NA	NA
https://dl.ndl.go.jp/pid/9887836/1/3	高山寺本	和名類聚抄	見開き	NA	NA	NA	NA	NA	NA
https://dl.ndl.go.jp/pid/9887836/1/4	高山寺本	和名類聚抄	見開き	NA	NA	NA	NA	NA	NA
https://dl.ndl.go.jp/pid/9887836/1/5	高山寺本	和名類聚抄	見開き	NA	NA	NA	NA	NA	NA
https://dl.ndl.go.jp/pid/9887836/1/6	高山寺本	和名類聚抄	見開き	NA	NA	NA	NA	NA	NA
https://dl.ndl.go.jp/pid/9887836/1/7	高山寺本	和名類聚抄	見開き	NA	NA	NA	NA	NA	NA
https://dl.ndl.go.jp/pid/9887836/1/8	高山寺本	和名類聚抄	見開き	NA	NA	NA	NA	NA	NA
https://dl.ndl.go.jp/pid/9887836/1/9	高山寺本	和名類聚抄	見開き	NA	NA	NA	NA	NA	NA
https://dl.ndl.go.jp/pid/9887836/1/10	高山寺本	和名類聚抄	見開き	NA	NA	NA	NA	1	オ
https://dl.ndl.go.jp/pid/9887836/1/11	高山寺本	和名類聚抄	見開き	NA	NA	NA	NA	NA	NA
https://dl.ndl.go.jp/pid/9887836/1/12	高山寺本	和名類聚抄	見開き	NA	1	ウ	NA	2	オ
https://dl.ndl.go.jp/pid/9887836/1/13	高山寺本	和名類聚抄	見開き	NA	NA	NA	NA	NA	NA
https://dl.ndl.go.jp/pid/9887836/1/14	高山寺本	和名類聚抄	見開き	NA	2	ウ	NA	3	オ
https://dl.ndl.go.jp/pid/9887836/1/15	高山寺本	和名類聚抄	見開き	NA	NA	NA	NA	NA	NA
https://dl.ndl.go.jp/pid/9887836/1/16	高山寺本	和名類聚抄	見開き	NA	3	ウ	NA	4	オ
https://dl.ndl.go.jp/pid/9887836/1/17	高山寺本	和名類聚抄	見開き	NA	NA	NA	NA	NA	NA
https://dl.ndl.go.jp/pid/9887836/1/18	高山寺本	和名類聚抄	見開き	NA	4	ウ	NA	5	オ
https://dl.ndl.go.jp/pid/9887836/1/19	高山寺本	和名類聚抄	見開き	NA	NA	NA	NA	NA	NA
https://dl.ndl.go.jp/pid/9887836/1/20	高山寺本	和名類聚抄	見開き	NA	5	ウ	NA	6	オ
https://dl.ndl.go.jp/pid/9887836/1/21	高山寺本	和名類聚抄	見開き	NA	NA	NA	NA	NA	NA
https://dl.ndl.go.jp/pid/9887836/1/22	高山寺本	和名類聚抄	見開き	NA	6	ウ	NA	7	オ
https://dl.ndl.go.jp/pid/9887836/1/23	高山寺本	和名類聚抄	見開き	NA	NA	NA	NA	NA	NA
https://dl.ndl.go.jp/pid/9887836/1/24	高山寺本	和名類聚抄	見開き	NA	7	ウ	NA	8	オ
https://dl.ndl.go.jp/pid/9887836/1/25	高山寺本	和名類聚抄	見開き	NA	NA	NA	NA	NA	NA
https://dl.ndl.go.jp/pid/9887836/1/26	高山寺本	和名類聚抄	見開き	NA	8	ウ	NA	9	オ
https://dl.ndl.go.jp/pid/9887836/1/27	高山寺本	和名類聚抄	見開き	NA	NA	NA	NA	NA	NA
https://dl.ndl.go.jp/pid/9887836/1/28	高山寺本	和名類聚抄	見開き	NA	9	ウ	NA	10	オ
https://dl.ndl.go.jp/pid/9887836/1/29	高山寺本	和名類聚抄	見開き	NA	NA	NA	NA	NA	NA
https://dl.ndl.go.jp/pid/9887836/1/30	高山寺本	和名類聚抄	見開き	NA	10	ウ	NA	11	オ
https://dl.ndl.go.jp/pid/9887836/1/31	高山寺本	和名類聚抄	見開き	NA	NA	NA	NA	NA	NA
https://dl.ndl.go.jp/pid/9887836/1/32	高山寺本	和名類聚抄	見開き	NA	11	ウ	NA	12	オ
https://dl.ndl.go.jp/pid/9887836/1/33	高山寺本	和名類聚抄	見開き	NA	NA	NA	NA	NA	NA
https://dl.ndl.go.jp/pid/9887836/1/34	高山寺本	和名類聚抄	見開き	NA	12	ウ	NA	13	オ
https://dl.ndl.go.jp/pid/9887836/1/35	高山寺本	和名類聚抄	見開き	NA	NA	NA	NA	NA	NA
https://dl.ndl.go.jp/pid/9887836/1/36	高山寺本	和名類聚抄	見開き	NA	13	ウ	NA	14	オ
https://dl.ndl.go.jp/pid/9887836/1/37	高山寺本	和名類聚抄	見開き	NA	NA	NA	NA	NA	NA
https://dl.ndl.go.jp/pid/9887836/1/38	高山寺本	和名類聚抄	見開き	NA	14	ウ	NA	15	オ
https://dl.ndl.go.jp/pid/9887836/1/39	高山寺本	和名類聚抄	見開き	NA	NA	NA	NA	NA	NA
https://dl.ndl.go.jp/pid/9887836/1/40	高山寺本	和名類聚抄	見開き	NA	15	ウ	NA	16	オ
https://dl.ndl.go.jp/pid/9887836/1/41	高山寺本	和名類聚抄	見開き	NA	NA	NA	NA	NA	NA
https://dl.ndl.go.jp/pid/9887836/1/42	高山寺本	和名類聚抄	見開き	NA	16	ウ	NA	17	オ
https://dl.ndl.go.jp/pid/9887836/1/43	高山寺本	和名類聚抄	見開き	NA	NA	NA	NA	NA	NA
https://dl.ndl.go.jp/pid/9887836/1/44	高山寺本	和名類聚抄	見開き	NA	17	ウ	NA	18	オ
https://dl.ndl.go.jp/pid/9887836/1/45	高山寺本	和名類聚抄	見開き	NA	NA	NA	NA	NA	NA
https://dl.ndl.go.jp/pid/9887836/1/46	高山寺本	和名類聚抄	見開き	NA	18	ウ	NA	19	オ
https://dl.ndl.go.jp/pid/9887836/1/47	高山寺本	和名類聚抄	見開き	NA	NA	NA	NA	NA	NA
https://dl.ndl.go.jp/pid/9887836/1/48	高山寺本	和名類聚抄	見開き	NA	19	ウ	NA	20	オ
https://dl.ndl.go.jp/pid/9887836/1/49	高山寺本	和名類聚抄	見開き	NA	NA	NA	NA	NA	NA
https://dl.ndl.go.jp/pid/9887836/1/50	高山寺本	和名類聚抄	見開き	NA	20	ウ	NA	21	オ
https://dl.ndl.go.jp/pid/9887836/1/51	高山寺本	和名類聚抄	見開き	NA	NA	NA	NA	NA	NA
https://dl.ndl.go.jp/pid/9887836/1/52	高山寺本	和名類聚抄	見開き	NA	21	ウ	NA	22	オ
https://dl.ndl.go.jp/pid/9887836/1/53	高山寺本	和名類聚抄	見開き	NA	NA	NA	NA	NA	NA
https://dl.ndl.go.jp/pid/9887836/1/54	高山寺本	和名類聚抄	見開き	NA	22	ウ	NA	23	オ
https://dl.ndl.go.jp/pid/9887836/1/55	高山寺本	和名類聚抄	見開き	NA	NA	NA	NA	NA	NA
https://dl.ndl.go.jp/pid/9887836/1/56	高山寺本	和名類聚抄	見開き	NA	23	ウ	NA	24	オ
https://dl.ndl.go.jp/pid/9887836/1/57	高山寺本	和名類聚抄	見開き	NA	NA	NA	NA	NA	NA
https://dl.ndl.go.jp/pid/9887836/1/58	高山寺本	和名類聚抄	見開き	NA	24	ウ	NA	25	オ
https://dl.ndl.go.jp/pid/9887836/1/59	高山寺本	和名類聚抄	見開き	NA	NA	NA	NA	NA	NA
https://dl.ndl.go.jp/pid/9887836/1/60	高山寺本	和名類聚抄	見開き	NA	25	ウ	NA	26	オ
https://dl.ndl.go.jp/pid/9887836/1/61	高山寺本	和名類聚抄	見開き	NA	NA	NA	NA	NA	NA
https://dl.ndl.go.jp/pid/9887836/1/62	高山寺本	和名類聚抄	見開き	NA	26	ウ	NA	27	オ
https://dl.ndl.go.jp/pid/9887836/1/63	高山寺本	和名類聚抄	見開き	NA	NA	NA	NA	NA	NA
https://dl.ndl.go.jp/pid/9887836/1/64	高山寺本	和名類聚抄	見開き	NA	27	ウ	NA	28	オ
https://dl.ndl.go.jp/pid/9887836/1/65	高山寺本	和名類聚抄	見開き	NA	NA	NA	NA	NA	NA
https://dl.ndl.go.jp/pid/9887836/1/66	高山寺本	和名類聚抄	見開き	NA	28	ウ	NA	29	オ
https://dl.ndl.go.jp/pid/9887836/1/67	高山寺本	和名類聚抄	見開き	NA	NA	NA	NA	NA	NA
https://dl.ndl.go.jp/pid/9887836/1/68	高山寺本	和名類聚抄	見開き	NA	29	ウ	NA	30	オ
https://dl.ndl.go.jp/pid/9887836/1/69	高山寺本	和名類聚抄	見開き	NA	NA	NA	NA	NA	NA
https://dl.ndl.go.jp/pid/9887836/1/70	高山寺本	和名類聚抄	見開き	NA	NA	NA	NA	NA	NA
https://dl.ndl.go.jp/pid/9887836/1/71	高山寺本	和名類聚抄	見開き	NA	NA	NA	NA	NA	NA
https://dl.ndl.go.jp/pid/9887837/1/1	高山寺本	和名類聚抄	見開き	NA	NA	NA	NA	NA	NA
https://dl.ndl.go.jp/pid/9887837/1/2	高山寺本	和名類聚抄	見開き	NA	30	ウ	NA	31	オ
https://dl.ndl.go.jp/pid/9887837/1/3	高山寺本	和名類聚抄	見開き	NA	NA	NA	NA	NA	NA
https://dl.ndl.go.jp/pid/9887837/1/4	高山寺本	和名類聚抄	見開き	NA	31	ウ	NA	32	オ
https://dl.ndl.go.jp/pid/9887837/1/5	高山寺本	和名類聚抄	見開き	NA	NA	NA	NA	NA	NA
https://dl.ndl.go.jp/pid/9887837/1/6	高山寺本	和名類聚抄	見開き	NA	32	ウ	NA	33	オ
https://dl.ndl.go.jp/pid/9887837/1/7	高山寺本	和名類聚抄	見開き	NA	NA	NA	NA	NA	NA
https://dl.ndl.go.jp/pid/9887837/1/8	高山寺本	和名類聚抄	見開き	NA	33	ウ	NA	34	オ
https://dl.ndl.go.jp/pid/9887837/1/9	高山寺本	和名類聚抄	見開き	NA	NA	NA	NA	NA	NA
https://dl.ndl.go.jp/pid/9887837/1/10	高山寺本	和名類聚抄	見開き	NA	34	ウ	NA	35	オ
https://dl.ndl.go.jp/pid/9887837/1/11	高山寺本	和名類聚抄	見開き	NA	NA	NA	NA	NA	NA
https://dl.ndl.go.jp/pid/9887837/1/12	高山寺本	和名類聚抄	見開き	NA	35	ウ	NA	36	オ
https://dl.ndl.go.jp/pid/9887837/1/13	高山寺本	和名類聚抄	見開き	NA	NA	NA	NA	NA	NA
https://dl.ndl.go.jp/pid/9887837/1/14	高山寺本	和名類聚抄	見開き	NA	36	ウ	NA	37	オ
https://dl.ndl.go.jp/pid/9887837/1/15	高山寺本	和名類聚抄	見開き	NA	NA	NA	NA	NA	NA
https://dl.ndl.go.jp/pid/9887837/1/16	高山寺本	和名類聚抄	見開き	NA	37	ウ	NA	38	オ
https://dl.ndl.go.jp/pid/9887837/1/17	高山寺本	和名類聚抄	見開き	NA	NA	NA	NA	NA	NA
https://dl.ndl.go.jp/pid/9887837/1/18	高山寺本	和名類聚抄	見開き	NA	38	ウ	NA	39	オ
https://dl.ndl.go.jp/pid/9887837/1/19	高山寺本	和名類聚抄	見開き	NA	NA	NA	NA	NA	NA
https://dl.ndl.go.jp/pid/9887837/1/20	高山寺本	和名類聚抄	見開き	NA	39	ウ	NA	40	オ
https://dl.ndl.go.jp/pid/9887837/1/21	高山寺本	和名類聚抄	見開き	NA	NA	NA	NA	NA	NA
https://dl.ndl.go.jp/pid/9887837/1/22	高山寺本	和名類聚抄	見開き	NA	40	ウ	NA	41	オ
https://dl.ndl.go.jp/pid/9887837/1/23	高山寺本	和名類聚抄	見開き	NA	NA	NA	NA	NA	NA
https://dl.ndl.go.jp/pid/9887837/1/24	高山寺本	和名類聚抄	見開き	NA	41	ウ	NA	42	オ
https://dl.ndl.go.jp/pid/9887837/1/25	高山寺本	和名類聚抄	見開き	NA	NA	NA	NA	NA	NA
https://dl.ndl.go.jp/pid/9887837/1/26	高山寺本	和名類聚抄	見開き	NA	42	ウ	NA	43	オ
https://dl.ndl.go.jp/pid/9887837/1/27	高山寺本	和名類聚抄	見開き	NA	NA	NA	NA	NA	NA
https://dl.ndl.go.jp/pid/9887837/1/28	高山寺本	和名類聚抄	見開き	NA	43	ウ	NA	44	オ
https://dl.ndl.go.jp/pid/9887837/1/29	高山寺本	和名類聚抄	見開き	NA	NA	NA	NA	NA	NA
https://dl.ndl.go.jp/pid/9887837/1/30	高山寺本	和名類聚抄	見開き	NA	44	ウ	NA	45	オ
https://dl.ndl.go.jp/pid/9887837/1/31	高山寺本	和名類聚抄	見開き	NA	NA	NA	NA	NA	NA
https://dl.ndl.go.jp/pid/9887837/1/32	高山寺本	和名類聚抄	見開き	NA	45	ウ	NA	46	オ
https://dl.ndl.go.jp/pid/9887837/1/33	高山寺本	和名類聚抄	見開き	NA	NA	NA	NA	NA	NA
https://dl.ndl.go.jp/pid/9887837/1/34	高山寺本	和名類聚抄	見開き	NA	46	ウ	NA	47	オ
https://dl.ndl.go.jp/pid/9887837/1/35	高山寺本	和名類聚抄	見開き	NA	NA	NA	NA	NA	NA
https://dl.ndl.go.jp/pid/9887837/1/36	高山寺本	和名類聚抄	見開き	NA	47	ウ	NA	48	オ
https://dl.ndl.go.jp/pid/9887837/1/37	高山寺本	和名類聚抄	見開き	NA	NA	NA	NA	NA	NA
https://dl.ndl.go.jp/pid/9887837/1/38	高山寺本	和名類聚抄	見開き	NA	48	ウ	NA	49	オ
https://dl.ndl.go.jp/pid/9887837/1/39	高山寺本	和名類聚抄	見開き	NA	NA	NA	NA	NA	NA
https://dl.ndl.go.jp/pid/9887837/1/40	高山寺本	和名類聚抄	見開き	NA	49	ウ	NA	50	オ
https://dl.ndl.go.jp/pid/9887837/1/41	高山寺本	和名類聚抄	見開き	NA	NA	NA	NA	NA	NA
https://dl.ndl.go.jp/pid/9887837/1/42	高山寺本	和名類聚抄	見開き	NA	50	ウ	NA	51	オ
https://dl.ndl.go.jp/pid/9887837/1/43	高山寺本	和名類聚抄	見開き	NA	NA	NA	NA	NA	NA
https://dl.ndl.go.jp/pid/9887837/1/44	高山寺本	和名類聚抄	見開き	NA	51	ウ	NA	52	オ
https://dl.ndl.go.jp/pid/9887837/1/45	高山寺本	和名類聚抄	見開き	NA	NA	NA	NA	NA	NA
https://dl.ndl.go.jp/pid/9887837/1/46	高山寺本	和名類聚抄	見開き	NA	52	ウ	NA	53	オ
https://dl.ndl.go.jp/pid/9887837/1/47	高山寺本	和名類聚抄	見開き	NA	NA	NA	NA	NA	NA
https://dl.ndl.go.jp/pid/9887837/1/48	高山寺本	和名類聚抄	見開き	NA	53	ウ	NA	54	オ
https://dl.ndl.go.jp/pid/9887837/1/49	高山寺本	和名類聚抄	見開き	NA	NA	NA	NA	NA	NA
https://dl.ndl.go.jp/pid/9887837/1/50	高山寺本	和名類聚抄	見開き	NA	54	ウ	NA	55	オ
https://dl.ndl.go.jp/pid/9887837/1/51	高山寺本	和名類聚抄	見開き	NA	NA	NA	NA	NA	NA
https://dl.ndl.go.jp/pid/9887837/1/52	高山寺本	和名類聚抄	見開き	NA	55	ウ	NA	56	オ
https://dl.ndl.go.jp/pid/9887837/1/53	高山寺本	和名類聚抄	見開き	NA	NA	NA	NA	NA	NA
https://dl.ndl.go.jp/pid/9887837/1/54	高山寺本	和名類聚抄	見開き	NA	56	ウ	NA	57	オ
https://dl.ndl.go.jp/pid/9887837/1/55	高山寺本	和名類聚抄	見開き	NA	NA	NA	NA	NA	NA
https://dl.ndl.go.jp/pid/9887837/1/56	高山寺本	和名類聚抄	見開き	NA	57	ウ	NA	58	オ
https://dl.ndl.go.jp/pid/9887837/1/57	高山寺本	和名類聚抄	見開き	NA	NA	NA	NA	NA	NA
https://dl.ndl.go.jp/pid/9887837/1/58	高山寺本	和名類聚抄	見開き	NA	58	ウ	NA	59	オ
https://dl.ndl.go.jp/pid/9887837/1/59	高山寺本	和名類聚抄	見開き	NA	NA	NA	NA	NA	NA
https://dl.ndl.go.jp/pid/9887837/1/60	高山寺本	和名類聚抄	見開き	NA	59	ウ	NA	60	オ
https://dl.ndl.go.jp/pid/9887837/1/61	高山寺本	和名類聚抄	見開き	NA	NA	NA	NA	NA	NA
https://dl.ndl.go.jp/pid/9887837/1/62	高山寺本	和名類聚抄	見開き	NA	NA	NA	NA	NA	NA
https://dl.ndl.go.jp/pid/9887837/1/63	高山寺本	和名類聚抄	見開き	NA	NA	NA	NA	NA	NA
https://dl.ndl.go.jp/pid/9887838/1/1	高山寺本	和名類聚抄	見開き	NA	NA	NA	NA	NA	NA
https://dl.ndl.go.jp/pid/9887838/1/2	高山寺本	和名類聚抄	見開き	NA	60	ウ	NA	61	オ
https://dl.ndl.go.jp/pid/9887838/1/3	高山寺本	和名類聚抄	見開き	NA	NA	NA	NA	NA	NA
https://dl.ndl.go.jp/pid/9887838/1/4	高山寺本	和名類聚抄	見開き	NA	61	ウ	NA	62	オ
https://dl.ndl.go.jp/pid/9887838/1/5	高山寺本	和名類聚抄	見開き	NA	NA	NA	NA	NA	NA
https://dl.ndl.go.jp/pid/9887838/1/6	高山寺本	和名類聚抄	見開き	NA	62	ウ	NA	63	オ
https://dl.ndl.go.jp/pid/9887838/1/7	高山寺本	和名類聚抄	見開き	NA	NA	NA	NA	NA	NA
https://dl.ndl.go.jp/pid/9887838/1/8	高山寺本	和名類聚抄	見開き	NA	63	ウ	NA	64	オ
https://dl.ndl.go.jp/pid/9887838/1/9	高山寺本	和名類聚抄	見開き	NA	NA	NA	NA	NA	NA
https://dl.ndl.go.jp/pid/9887838/1/10	高山寺本	和名類聚抄	見開き	NA	64	ウ	NA	65	オ
https://dl.ndl.go.jp/pid/9887838/1/11	高山寺本	和名類聚抄	見開き	NA	NA	NA	NA	NA	NA
https://dl.ndl.go.jp/pid/9887838/1/12	高山寺本	和名類聚抄	見開き	NA	65	ウ	NA	66	オ
https://dl.ndl.go.jp/pid/9887838/1/13	高山寺本	和名類聚抄	見開き	NA	NA	NA	NA	NA	NA
https://dl.ndl.go.jp/pid/9887838/1/14	高山寺本	和名類聚抄	見開き	NA	66	ウ	NA	67	オ
https://dl.ndl.go.jp/pid/9887838/1/15	高山寺本	和名類聚抄	見開き	NA	NA	NA	NA	NA	NA
https://dl.ndl.go.jp/pid/9887838/1/16	高山寺本	和名類聚抄	見開き	NA	67	ウ	NA	68	オ
https://dl.ndl.go.jp/pid/9887838/1/17	高山寺本	和名類聚抄	見開き	NA	NA	NA	NA	NA	NA
https://dl.ndl.go.jp/pid/9887838/1/18	高山寺本	和名類聚抄	見開き	NA	68	ウ	NA	69	オ
https://dl.ndl.go.jp/pid/9887838/1/19	高山寺本	和名類聚抄	見開き	NA	NA	NA	NA	NA	NA
https://dl.ndl.go.jp/pid/9887838/1/20	高山寺本	和名類聚抄	見開き	NA	69	ウ	NA	70	オ
https://dl.ndl.go.jp/pid/9887838/1/21	高山寺本	和名類聚抄	見開き	NA	NA	NA	NA	NA	NA
https://dl.ndl.go.jp/pid/9887838/1/22	高山寺本	和名類聚抄	見開き	NA	70	ウ	NA	71	オ
https://dl.ndl.go.jp/pid/9887838/1/23	高山寺本	和名類聚抄	見開き	NA	NA	NA	NA	NA	NA
https://dl.ndl.go.jp/pid/9887838/1/24	高山寺本	和名類聚抄	見開き	NA	71	ウ	NA	72	オ
https://dl.ndl.go.jp/pid/9887838/1/25	高山寺本	和名類聚抄	見開き	NA	NA	NA	NA	NA	NA
https://dl.ndl.go.jp/pid/9887838/1/26	高山寺本	和名類聚抄	見開き	NA	72	ウ	NA	73	オ
https://dl.ndl.go.jp/pid/9887838/1/27	高山寺本	和名類聚抄	見開き	NA	NA	NA	NA	NA	NA
https://dl.ndl.go.jp/pid/9887838/1/28	高山寺本	和名類聚抄	見開き	NA	73	ウ	NA	74	オ
https://dl.ndl.go.jp/pid/9887838/1/29	高山寺本	和名類聚抄	見開き	NA	NA	NA	NA	NA	NA
https://dl.ndl.go.jp/pid/9887838/1/30	高山寺本	和名類聚抄	見開き	NA	74	ウ	NA	75	オ
https://dl.ndl.go.jp/pid/9887838/1/31	高山寺本	和名類聚抄	見開き	NA	NA	NA	NA	NA	NA
https://dl.ndl.go.jp/pid/9887838/1/32	高山寺本	和名類聚抄	見開き	NA	75	ウ	NA	76	オ
https://dl.ndl.go.jp/pid/9887838/1/33	高山寺本	和名類聚抄	見開き	NA	NA	NA	NA	NA	NA
https://dl.ndl.go.jp/pid/9887838/1/34	高山寺本	和名類聚抄	見開き	NA	76	ウ	NA	77	オ
https://dl.ndl.go.jp/pid/9887838/1/35	高山寺本	和名類聚抄	見開き	NA	NA	NA	NA	NA	NA
https://dl.ndl.go.jp/pid/9887838/1/36	高山寺本	和名類聚抄	見開き	NA	77	ウ	NA	78	オ
https://dl.ndl.go.jp/pid/9887838/1/37	高山寺本	和名類聚抄	見開き	NA	NA	NA	NA	NA	NA
https://dl.ndl.go.jp/pid/9887838/1/38	高山寺本	和名類聚抄	見開き	NA	78	ウ	NA	79	オ
https://dl.ndl.go.jp/pid/9887838/1/39	高山寺本	和名類聚抄	見開き	NA	NA	NA	NA	NA	NA
https://dl.ndl.go.jp/pid/9887838/1/40	高山寺本	和名類聚抄	見開き	NA	79	ウ	NA	80	オ
https://dl.ndl.go.jp/pid/9887838/1/41	高山寺本	和名類聚抄	見開き	NA	NA	NA	NA	NA	NA
https://dl.ndl.go.jp/pid/9887838/1/42	高山寺本	和名類聚抄	見開き	NA	80	ウ	NA	81	オ
https://dl.ndl.go.jp/pid/9887838/1/43	高山寺本	和名類聚抄	見開き	NA	NA	NA	NA	NA	NA
https://dl.ndl.go.jp/pid/9887838/1/44	高山寺本	和名類聚抄	見開き	NA	81	ウ	NA	82	オ
https://dl.ndl.go.jp/pid/9887838/1/45	高山寺本	和名類聚抄	見開き	NA	NA	NA	NA	NA	NA
https://dl.ndl.go.jp/pid/9887838/1/46	高山寺本	和名類聚抄	見開き	NA	82	ウ	NA	83	オ
https://dl.ndl.go.jp/pid/9887838/1/47	高山寺本	和名類聚抄	見開き	NA	NA	NA	NA	NA	NA
https://dl.ndl.go.jp/pid/9887838/1/48	高山寺本	和名類聚抄	見開き	NA	83	ウ	NA	84	オ
https://dl.ndl.go.jp/pid/9887838/1/49	高山寺本	和名類聚抄	見開き	NA	NA	NA	NA	NA	NA
https://dl.ndl.go.jp/pid/9887838/1/50	高山寺本	和名類聚抄	見開き	NA	84	ウ	NA	85	オ
https://dl.ndl.go.jp/pid/9887838/1/51	高山寺本	和名類聚抄	見開き	NA	NA	NA	NA	NA	NA
https://dl.ndl.go.jp/pid/9887838/1/52	高山寺本	和名類聚抄	見開き	NA	85	ウ	NA	86	オ
https://dl.ndl.go.jp/pid/9887838/1/53	高山寺本	和名類聚抄	見開き	NA	NA	NA	NA	NA	NA
https://dl.ndl.go.jp/pid/9887838/1/54	高山寺本	和名類聚抄	見開き	NA	86	ウ	NA	87	オ
https://dl.ndl.go.jp/pid/9887838/1/55	高山寺本	和名類聚抄	見開き	NA	NA	NA	NA	NA	NA
https://dl.ndl.go.jp/pid/9887838/1/56	高山寺本	和名類聚抄	見開き	NA	87	ウ	NA	88	オ
https://dl.ndl.go.jp/pid/9887838/1/57	高山寺本	和名類聚抄	見開き	NA	NA	NA	NA	NA	NA
https://dl.ndl.go.jp/pid/9887838/1/58	高山寺本	和名類聚抄	見開き	NA	88	ウ	NA	89	オ
https://dl.ndl.go.jp/pid/9887838/1/59	高山寺本	和名類聚抄	見開き	NA	NA	NA	NA	NA	NA
https://dl.ndl.go.jp/pid/9887838/1/60	高山寺本	和名類聚抄	見開き	NA	89	ウ	NA	90	オ
https://dl.ndl.go.jp/pid/9887838/1/61	高山寺本	和名類聚抄	見開き	NA	NA	NA	NA	NA	NA
https://dl.ndl.go.jp/pid/9887838/1/62	高山寺本	和名類聚抄	見開き	NA	NA	NA	NA	NA	NA
https://dl.ndl.go.jp/pid/9887838/1/63	高山寺本	和名類聚抄	見開き	NA	NA	NA	NA	NA	NA
https://dl.ndl.go.jp/pid/9887839/1/1	高山寺本	和名類聚抄	見開き	NA	NA	NA	NA	NA	NA
https://dl.ndl.go.jp/pid/9887839/1/2	高山寺本	和名類聚抄	見開き	NA	NA	NA	NA	NA	NA
https://dl.ndl.go.jp/pid/9887839/1/3	高山寺本	和名類聚抄	見開き	NA	NA	NA	NA	NA	NA
https://dl.ndl.go.jp/pid/9887839/1/4	高山寺本	和名類聚抄	見開き	NA	90	ウ	NA	91	オ
https://dl.ndl.go.jp/pid/9887839/1/5	高山寺本	和名類聚抄	見開き	NA	NA	NA	NA	NA	NA
https://dl.ndl.go.jp/pid/9887839/1/6	高山寺本	和名類聚抄	見開き	NA	91	ウ	NA	92	オ
https://dl.ndl.go.jp/pid/9887839/1/7	高山寺本	和名類聚抄	見開き	NA	NA	NA	NA	NA	NA
https://dl.ndl.go.jp/pid/9887839/1/8	高山寺本	和名類聚抄	見開き	NA	92	ウ	NA	93	オ
https://dl.ndl.go.jp/pid/9887839/1/9	高山寺本	和名類聚抄	見開き	NA	NA	NA	NA	NA	NA
https://dl.ndl.go.jp/pid/9887839/1/10	高山寺本	和名類聚抄	見開き	NA	93	ウ	NA	94	オ
https://dl.ndl.go.jp/pid/9887839/1/11	高山寺本	和名類聚抄	見開き	NA	NA	NA	NA	NA	NA
https://dl.ndl.go.jp/pid/9887839/1/12	高山寺本	和名類聚抄	見開き	NA	94	ウ	NA	95	オ
https://dl.ndl.go.jp/pid/9887839/1/13	高山寺本	和名類聚抄	見開き	NA	NA	NA	NA	NA	NA
https://dl.ndl.go.jp/pid/9887839/1/14	高山寺本	和名類聚抄	見開き	NA	95	ウ	NA	96	オ
https://dl.ndl.go.jp/pid/9887839/1/15	高山寺本	和名類聚抄	見開き	NA	NA	NA	NA	NA	NA
https://dl.ndl.go.jp/pid/9887839/1/16	高山寺本	和名類聚抄	見開き	NA	96	ウ	NA	97	オ
https://dl.ndl.go.jp/pid/9887839/1/17	高山寺本	和名類聚抄	見開き	NA	NA	NA	NA	NA	NA
https://dl.ndl.go.jp/pid/9887839/1/18	高山寺本	和名類聚抄	見開き	NA	97	ウ	NA	98	オ
https://dl.ndl.go.jp/pid/9887839/1/19	高山寺本	和名類聚抄	見開き	NA	NA	NA	NA	NA	NA
https://dl.ndl.go.jp/pid/9887839/1/20	高山寺本	和名類聚抄	見開き	NA	98	ウ	NA	99	オ
https://dl.ndl.go.jp/pid/9887839/1/21	高山寺本	和名類聚抄	見開き	NA	NA	NA	NA	NA	NA
https://dl.ndl.go.jp/pid/9887839/1/22	高山寺本	和名類聚抄	見開き	NA	99	ウ	NA	100	オ
https://dl.ndl.go.jp/pid/9887839/1/23	高山寺本	和名類聚抄	見開き	NA	NA	NA	NA	NA	NA
https://dl.ndl.go.jp/pid/9887839/1/24	高山寺本	和名類聚抄	見開き	NA	100	ウ	NA	101	オ
https://dl.ndl.go.jp/pid/9887839/1/25	高山寺本	和名類聚抄	見開き	NA	NA	NA	NA	NA	NA
https://dl.ndl.go.jp/pid/9887839/1/26	高山寺本	和名類聚抄	見開き	NA	101	ウ	NA	102	オ
https://dl.ndl.go.jp/pid/9887839/1/27	高山寺本	和名類聚抄	見開き	NA	NA	NA	NA	NA	NA
https://dl.ndl.go.jp/pid/9887839/1/28	高山寺本	和名類聚抄	見開き	NA	102	ウ	NA	103	オ
https://dl.ndl.go.jp/pid/9887839/1/29	高山寺本	和名類聚抄	見開き	NA	NA	NA	NA	NA	NA
https://dl.ndl.go.jp/pid/9887839/1/30	高山寺本	和名類聚抄	見開き	NA	103	ウ	NA	104	オ
https://dl.ndl.go.jp/pid/9887839/1/31	高山寺本	和名類聚抄	見開き	NA	NA	NA	NA	NA	NA
https://dl.ndl.go.jp/pid/9887839/1/32	高山寺本	和名類聚抄	見開き	NA	104	ウ	NA	105	オ
https://dl.ndl.go.jp/pid/9887839/1/33	高山寺本	和名類聚抄	見開き	NA	NA	NA	NA	NA	NA
https://dl.ndl.go.jp/pid/9887839/1/34	高山寺本	和名類聚抄	見開き	NA	105	ウ	NA	106	オ
https://dl.ndl.go.jp/pid/9887839/1/35	高山寺本	和名類聚抄	見開き	NA	NA	NA	NA	NA	NA
https://dl.ndl.go.jp/pid/9887839/1/36	高山寺本	和名類聚抄	見開き	NA	106	ウ	NA	107	オ
https://dl.ndl.go.jp/pid/9887839/1/37	高山寺本	和名類聚抄	見開き	NA	NA	NA	NA	NA	NA
https://dl.ndl.go.jp/pid/9887839/1/38	高山寺本	和名類聚抄	見開き	NA	107	ウ	NA	108	オ
https://dl.ndl.go.jp/pid/9887839/1/39	高山寺本	和名類聚抄	見開き	NA	NA	NA	NA	NA	NA
https://dl.ndl.go.jp/pid/9887839/1/40	高山寺本	和名類聚抄	見開き	NA	108	ウ	NA	109	オ
https://dl.ndl.go.jp/pid/9887839/1/41	高山寺本	和名類聚抄	見開き	NA	NA	NA	NA	NA	NA
https://dl.ndl.go.jp/pid/9887839/1/42	高山寺本	和名類聚抄	見開き	NA	109	ウ	NA	110	オ
https://dl.ndl.go.jp/pid/9887839/1/43	高山寺本	和名類聚抄	見開き	NA	NA	NA	NA	NA	NA
https://dl.ndl.go.jp/pid/9887839/1/44	高山寺本	和名類聚抄	見開き	NA	110	ウ	NA	111	オ
https://dl.ndl.go.jp/pid/9887839/1/45	高山寺本	和名類聚抄	見開き	NA	NA	NA	NA	NA	NA
https://dl.ndl.go.jp/pid/9887839/1/46	高山寺本	和名類聚抄	見開き	NA	111	ウ	NA	112	オ
https://dl.ndl.go.jp/pid/9887839/1/47	高山寺本	和名類聚抄	見開き	NA	NA	NA	NA	NA	NA
https://dl.ndl.go.jp/pid/9887839/1/48	高山寺本	和名類聚抄	見開き	NA	112	ウ	NA	113	オ
https://dl.ndl.go.jp/pid/9887839/1/49	高山寺本	和名類聚抄	見開き	NA	NA	NA	NA	NA	NA
https://dl.ndl.go.jp/pid/9887839/1/50	高山寺本	和名類聚抄	見開き	NA	113	ウ	NA	114	オ
https://dl.ndl.go.jp/pid/9887839/1/51	高山寺本	和名類聚抄	見開き	NA	NA	NA	NA	NA	NA
https://dl.ndl.go.jp/pid/9887839/1/52	高山寺本	和名類聚抄	見開き	NA	114	ウ	NA	115	オ
https://dl.ndl.go.jp/pid/9887839/1/53	高山寺本	和名類聚抄	見開き	NA	NA	NA	NA	NA	NA
https://dl.ndl.go.jp/pid/9887839/1/54	高山寺本	和名類聚抄	見開き	NA	115	ウ	NA	116	オ
https://dl.ndl.go.jp/pid/9887839/1/55	高山寺本	和名類聚抄	見開き	NA	NA	NA	NA	NA	NA
https://dl.ndl.go.jp/pid/9887839/1/56	高山寺本	和名類聚抄	見開き	NA	116	ウ	NA	117	オ
https://dl.ndl.go.jp/pid/9887839/1/57	高山寺本	和名類聚抄	見開き	NA	NA	NA	NA	NA	NA
https://dl.ndl.go.jp/pid/9887839/1/58	高山寺本	和名類聚抄	見開き	NA	117	ウ	NA	NA	NA
https://dl.ndl.go.jp/pid/9887839/1/59	高山寺本	和名類聚抄	見開き	NA	NA	NA	NA	NA	NA
https://dl.ndl.go.jp/pid/9887839/1/60	高山寺本	和名類聚抄	見開き	NA	NA	NA	NA	NA	NA
https://dl.ndl.go.jp/pid/9887839/1/61	高山寺本	和名類聚抄	見開き	NA	NA	NA	NA	NA	NA
